name,profile_url,rating,reviews_count,website,min_project,hourly_rate,employees,location,services
Ignite Visibility,https://clutch.co/profile/ignite-visibility,4.8,173,https://ignitevisibility.com/,"$1,000+",$100 - $149 / hr,250 - 999,"San Diego, CA","40% Search Engine Optimization, 10% Advertising, 10% Email Marketing, 10% Pay Per Click, 10% Social Media Marketing"
Funnel Boost Media,https://clutch.co/profile/funnel-boost-media,4.9,118,https://www.funnelboostmedia.net/clutch/,"$1,000+",$50 - $99 / hr,50 - 249,"San Antonio, TX","70% Search Engine Optimization, 10% Advertising, 10% Pay Per Click, 10% Web Design, Funnel Boost Media is a digital marketing agency specializing in SEO, website design, and PPC management. Reviews highlight their exceptional communication and project management skills, with 100% of clients noting their responsiveness and ability to meet deadlines. The agency is praised for boosting online visibility and client growth, with some clients experiencing up to 1500% business increase. Overall feedback is overwhelmingly positive, with no significant areas for improvement mentioned."
SmartSites,https://clutch.co/profile/smartsites,4.9,364,https://www.smartsites.com/lp/digital-marketing-lp/,"$1,000+",$100 - $149 / hr,250 - 999,,"50% Search Engine Optimization, 30% Pay Per Click, 10% Advertising, 10% Social Media Marketing, SmartSites is a digital marketing agency specializing in SEO, PPC, and website development. The company consistently receives positive feedback, with over 90% of reviewers praising their professionalism, responsiveness, and ability to deliver results. Reviewers frequently highlight SmartSites' commitment to understanding client needs and providing tailored solutions, with many noting improvements in web traffic, lead generation, and online visibility."
"PartnerCentric, Inc.",https://clutch.co/profile/partnercentric,4.8,30,https://partnercentric.com,"$5,000+",,10 - 49,"New York, NY","80% Affiliate Marketing, 20% Social Media Marketing, PartnerCentric, Inc. is an affiliate marketing agency recognized for its expertise in managing and expanding affiliate programs. Their clients consistently praise their project management skills, responsiveness, and professionalism, leading to measurable successes such as increased revenue and brand awareness. The reviews reflect a high level of satisfaction, with no significant areas for improvement noted, highlighting their adaptability and strong client relationships. Over 90% of reviewers commend their communication and strategic capabilities., PartnerCentric drove a 112% lift in terms of visits; this was the average monthly average we recorded against the time when we didn’t use them. More importantly, our site clicks or actions were up by 390% — this was a higher-priority metric than visits. In terms of revenue, the team, drove a 357% increase"
Rankings.io,https://clutch.co/profile/rankingsio,4.9,108,https://rankings.io,"$5,000+",$150 - $199 / hr,50 - 249,"Marion, IL","70% Search Engine Optimization, 10% Advertising, 10% Pay Per Click, 10% Social Media Marketing, Rankings.io is an SEO agency specializing in enhancing online visibility and lead generation for law firms. The majority of reviews (approximately 90%) emphasize their effective project management, responsiveness, and specialized knowledge in legal SEO. Clients consistently highlight their ability to deliver on time and the genuine investment of account managers in achieving client goals."
Accelerated Digital Media,https://clutch.co/profile/accelerated-digital-media,4.7,30,https://www.accelerateddigitalmedia.com/performance-marketing-built-around-your-growth-goals/,"$5,000+",$150 - $199 / hr,10 - 49,"Chicago, IL","20% Media Planning & Buying, 10% Advertising, 10% Demand Generation Marketing, 10% Digital Strategy, 10% Ecommerce Marketing"
Coozmoo Digital. Solutions. Agency,https://clutch.co/profile/coozmoo-digital-solutions-agency,5.0,40,https://www.coozmoo.com,"$1,000+",$25 - $49 / hr,250 - 999,"Pearland, TX","35% Search Engine Optimization, 20% Pay Per Click, 20% Web Design, 15% Social Media Marketing, 10% Email Marketing"
Jax Media Team,https://clutch.co/profile/jax-media-team,5.0,30,https://jaxmediateam.com,"$1,000+",$100 - $149 / hr,10 - 49,"Jacksonville, FL","40% Search Engine Optimization, 30% Pay Per Click, 20% Web Development, 10% Social Media Marketing, Jax Media Team is a digital marketing and web development agency specializing in SEO, website design, and digital advertising. The company consistently receives positive feedback, with 100% of reviewers highlighting their responsiveness, timely delivery, and commitment to client success. Notably, 75% of clients praise their effective communication and problem-solving skills, showcasing Jax Media Team's dedication to meeting diverse client needs."
Search Engine Projects,https://clutch.co/profile/search-engine-projects,5.0,15,https://www.searchengineprojects.com/,"$5,000+",$100 - $149 / hr,2 - 9,"Anaheim, CA","45% Search Engine Optimization, 30% Pay Per Click, 15% Social Media Marketing, 10% Digital Strategy, Search Engine Projects is a multifaceted digital marketing agency specializing in SEO, web development, and digital strategy. Across diverse industries, it receives overwhelmingly positive feedback for its professional and efficient services, with over 90% of reviewers praising its effective communication and timely delivery. Clients commend its tailored solutions and notable increases in business metrics, such as sales and lead generation, aligning with the agency's strong emphasis on customer satisfaction."
neuelane,https://clutch.co/profile/neuelane,4.9,21,https://neuelane.com/,"$5,000+",$150 - $199 / hr,2 - 9,"Miami, FL","25% Advertising, 25% Social Media Marketing, 20% Branding, 10% Corporate Photography, 10% Pay Per Click"
PropeloMedia,https://clutch.co/profile/propelomedia,5.0,14,https://propelomedia.com/,"$25,000+",$200 - $300 / hr,2 - 9,"Walnut Creek, CA","75% Direct Marketing, 25% Other Digital Marketing, PropeloMedia is a direct marketing and advertising agency specializing in omnichannel campaigns, including direct mail, digital marketing, and video production. Their reviews reveal consistently positive feedback, showcasing their ability to align with client goals, deliver timely results, and offer excellent customer service. Notably, 100% of the reviews highlight their effective communication and responsiveness, emphasizing their proficiency in executing successful marketing strategies across various sectors."
EnlightWorks,https://clutch.co/profile/enlightworks,4.9,14,https://www.enlightworks.com,"$5,000+",$150 - $199 / hr,2 - 9,"San Francisco, CA","25% Conversion Optimization, 25% Search Engine Optimization, 25% Web Design, 25% Web Development, EnlightWorks is a comprehensive web design and digital marketing company specializing in website redesigns, SEO, and marketing strategy. The overall feedback from their clients is overwhelmingly positive, with 100% satisfaction reported in all reviews. Clients frequently praise the personal touch and customized solutions provided by EnlightWorks, with 70% of reviewers highlighting their responsive communication and effective project management."
Bimeo Digital,https://clutch.co/profile/bimeo-digital,5.0,3,https://bimeodigital.com/,"$5,000+",$100 - $149 / hr,2 - 9,,"20% Digital Strategy, 20% Pay Per Click, 20% Search Engine Optimization, 20% Web Development, 10% Mobile App Development"
Hollyhock Agency,https://clutch.co/profile/hollyhock-agency,5.0,2,https://hollyhockagency.com/,"$5,000+",$100 - $149 / hr,2 - 9,"Chelmsford, MA","20% Branding, 20% Marketing Strategy, 20% Search Engine Optimization, 20% UX/UI Design, 20% Web Design"
Elit-Web,https://clutch.co/profile/elit-web,5.0,88,https://elit-web.com/digital-marketing-services/,"$1,000+",$25 - $49 / hr,250 - 999,"Arlington Heights, IL","40% Search Engine Optimization, 30% Pay Per Click, 10% Social Media Marketing, 5% Conversion Optimization, 5% Email Marketing"
Black Propeller,https://clutch.co/profile/black-propeller,4.8,81,https://blackpropeller.com,"$1,000+",$100 - $149 / hr,50 - 249,,"50% Pay Per Click, 25% Social Media Marketing, 20% Search Engine Optimization, 5% CRM Consulting and SI, Black Propeller is a digital marketing company specializing in PPC management and Google Ads. The majority of their clients commend their strong communication, responsiveness, and ability to deliver on time, with approximately 80% of reviews reflecting positive experiences. However, about 20% of the reviews highlight issues such as unfulfilled services and poor project management."
Volume Nine,https://clutch.co/profile/volume-nine,5.0,32,https://www.v9digital.com/,"$1,000+",$150 - $199 / hr,10 - 49,"Denver, CO","40% Social Media Marketing, 30% Search Engine Optimization, 20% Content Marketing, 10% Advertising, Volume Nine is a digital marketing agency specializing in SEO, content optimization, and social media strategy. The company receives consistently high praise, with 100% of reviewers noting their timely delivery and strong communication skills. A significant 86% of reviewers appreciate their cultural fit and alignment with company values. Volume Nine's tailored approaches have led to measurable successes, such as increased traffic and conversions, with no notable areas for improvement mentioned."
HawkSEM,https://clutch.co/profile/hawksem,4.9,34,https://hawksem.com/,"$1,000+",$100 - $149 / hr,50 - 249,"Los Angeles, CA","50% Pay Per Click, 40% Search Engine Optimization, 10% Social Media Marketing, HawkSEM is a digital marketing agency specializing in SEO, PPC, and online advertising services. The reviews highlight a strong emphasis on effective project management, with consistent delivery on time and responsiveness. Approximately 100% of reviewers noted improvements in online presence and traffic, while 90% emphasized their professional communication and strategic insights. Reviewers appreciated their expertise, with no significant areas for improvement mentioned."
"DMi Partners, Inc",https://clutch.co/profile/dmi-partners,5.0,9,https://www.dmipartners.com/,"$5,000+",$100 - $149 / hr,50 - 249,"Philadelphia, PA","40% Affiliate Marketing, 30% Email Marketing, 10% E-Commerce Development, 10% Search Engine Optimization, 10% Web Design"
OuterBox,https://clutch.co/profile/outerbox,5.0,88,https://www.outerboxdesign.com,"$1,000+",$150 - $199 / hr,250 - 999,"Copley, OH","45% Search Engine Optimization, 25% Pay Per Click, 15% Conversion Optimization, 10% Web Design, 5% Email Marketing"
SimpleTiger LLC,https://clutch.co/profile/simpletiger-0-0,4.9,31,https://www.simpletiger.com/,"$5,000+",$200 - $300 / hr,10 - 49,"Sarasota, FL","50% Search Engine Optimization, 25% Pay Per Click, 20% Content Marketing, 5% Web Design, SimpleTiger LLC is an SEO agency that specializes in offering comprehensive digital marketing services, including SEO optimization, content strategy, website design, and paid ads management. Reviews indicate a consistent theme of satisfaction, with clients frequently highlighting their professionalism, effective project management, and strong communication skills. Nearly all feedback is positive, with over 90% of reviewers praising their adaptability and strategic insight, particularly in AI-driven search optimization."
BlueTuskr,https://clutch.co/profile/bluetuskr,4.7,23,https://bluetuskr.com/,"$1,000+",$100 - $149 / hr,10 - 49,"West Chester, PA","30% Pay Per Click, 30% Search Engine Optimization, 10% Conversion Optimization, 10% Ecommerce Marketing, 10% Email Marketing"
Upward Engine,https://clutch.co/profile/upward-engine,4.8,66,http://www.upwardengine.com,"$1,000+",$100 - $149 / hr,50 - 249,,"20% Pay Per Click, 20% Search Engine Optimization, 15% Content Marketing, 15% Digital Strategy, 15% Social Media Marketing"
Acadia,https://clutch.co/profile/acadia-0,4.8,27,https://acadia.io/,"$5,000+",$100 - $149 / hr,50 - 249,"Atlanta, GA","25% Ecommerce Marketing, 25% Pay Per Click, 20% Search Engine Optimization, 15% Social Media Marketing, 10% Market Research"
Intero Digital,https://clutch.co/profile/intero-digital-0,4.8,147,https://getresults.interodigital.com/lets-talk/,"$1,000+",,50 - 249,"Colorado Springs, CO","70% Search Engine Optimization, 30% Pay Per Click, Intero Digital is a digital marketing agency specializing in SEO, PPC, content marketing, and web development services. The majority of reviews (approximately 80%) highlight their proficiency, responsiveness, and strong project management, while a few (20%) note unmet expectations or significant project failures. Overall, their strategic approach and ability to drive measurable results are frequently praised by clients."
Brafton,https://clutch.co/profile/brafton,4.9,45,https://www.brafton.com/,"$5,000+",$150 - $199 / hr,50 - 249,"Boston, MA","75% Content Marketing, 25% Search Engine Optimization, Brafton is a content marketing agency specializing in SEO optimization, website design, content creation, and digital marketing strategies. Across the reviews, approximately 85% of clients commend Brafton for their professional project management, responsiveness, and comprehensive technical knowledge. Clients consistently highlight Brafton's ability to enhance online presence and engagement, with many reporting significant increases in web traffic and lead generation., In the past six months, Brafton has received positive feedback for their effective SEO-driven content development and website redesign services. Clients noted significant improvements, including an 80% increase in web traffic and a 19.5% rise in global SEO rankings. The team's technical expertise and project management were praised, with one client highlighting their ability to drive results and maintain communication. However, some clients expressed a desire for clearer project status updates amidst complex deliverables."
WebFX,https://clutch.co/profile/webfx,4.9,450,https://webfx.com/lp/digital-marketing-services/,"$1,000+",,250 - 999,"Harrisburg, PA","70% Search Engine Optimization, 10% Advertising, 5% AI Consulting, 5% Content Marketing, 5% Pay Per Click"
OpenMoves,https://clutch.co/profile/openmoves,5.0,52,https://openmoves.com/,"$5,000+",$100 - $149 / hr,50 - 249,"Huntington, NY","60% Pay Per Click, 20% Search Engine Optimization, 10% Conversion Optimization, 10% Social Media Marketing, OpenMoves is a digital marketing agency specializing in SEO, PPC, and social media marketing. They are praised for their strategic thinking and responsiveness, with 100% of reviews highlighting their project management skills and timely delivery. Over 90% of reviewers commend OpenMoves for their cultural fit and value for cost, while several clients note significant improvements in traffic and lead quality."
KlientBoost,https://clutch.co/profile/klientboost,4.9,403,https://klientboost.com,"$1,000+",$100 - $149 / hr,50 - 249,"Costa Mesa, CA","60% Pay Per Click, 10% Advertising, 10% Conversion Optimization, 10% Search Engine Optimization, 10% Social Media Marketing"
Disruptive Advertising,https://clutch.co/profile/disruptive-advertising,4.8,367,https://disruptiveadvertising.com/,"$5,000+",$150 - $199 / hr,50 - 249,,"50% Pay Per Click, 10% Demand Generation Marketing, 10% Ecommerce Marketing, 10% Performance Marketing, 10% Search Engine Optimization"
Victorious,https://clutch.co/profile/victorious,4.8,119,https://victorious.com/,"$50,000+",$300+ / hr,50 - 249,"San Francisco, CA","75% Search Engine Optimization, 20% Content Marketing, 5% Web Development, Victorious is an SEO agency known for its technical expertise, content marketing, and strategic SEO optimizations, including AI-driven solutions. Positive feedback is prevalent, with approximately 90% of reviews highlighting exceptional project management, transparency, and timely delivery. Clients appreciate their innovative approach and alignment with company values, though some suggest more proactive communication and comprehensive site-wide content optimization., In recent reviews, clients have praised Victorious for their exceptional transparency and strategic approach to SEO. A notable instance involved a 19% increase in case volume for a law firm due to effective digital strategies, including AI-driven SEO and comprehensive website restructuring. Clients highlighted the proactive management style of their contact, who ensured timely deliverables and provided insightful performance metrics. Overall, sentiment is overwhelmingly positive, with clients appreciating Victorious's commitment to aligning digital growth with their business objectives."
Top Growth Marketing INC,https://clutch.co/profile/top-growth-marketing,4.9,18,https://topgrowthmarketing.com,"$5,000+",$150 - $199 / hr,10 - 49,"Los Angeles, CA","25% Ecommerce Marketing, 25% Email Marketing, 25% Pay Per Click, 25% Social Media Marketing, Top Growth Marketing INC is a comprehensive digital marketing agency specializing in paid media management, email and SMS marketing, and social media advertising. Across their reviews, clients consistently praise their strong project management, creativity, and ability to deliver significant growth in revenue and sales, with several noting improved ROAS and conversion rates. Approximately 90% of the feedback highlights their exceptional team collaboration and responsiveness, while no major areas for improvement were identified."
Online Optimism,https://clutch.co/profile/online-optimism,5.0,17,https://www.onlineoptimism.com/become-an-optimistic-client/digital/,"$1,000+",$100 - $149 / hr,10 - 49,,"20% Content Marketing, 20% Social Media Marketing, 20% Video Production, 10% Email Marketing, 10% Pay Per Click"
Siege Media,https://clutch.co/profile/siege-media,4.9,47,https://siegemedia.com/,"$5,000+",$100 - $149 / hr,50 - 249,"Austin, TX","40% Content Marketing, 30% Public Relations, 30% Search Engine Optimization, Siege Media is a distinguished SEO and content marketing agency renowned for delivering high-quality, results-driven digital marketing solutions. Client feedback highlights their exceptional project management, with consistent on-time delivery and a remarkable emphasis on organization and communication. Approximately 85% of reviewers commend their strategic approach and quality of content, with no significant areas for improvement noted by clients."
JumpFly,https://clutch.co/profile/jumpfly,4.9,95,https://www.jumpfly.com,"$5,000+",$50 - $99 / hr,50 - 249,"Hoffman Estates, IL","65% Pay Per Click, 14% Search Engine Optimization, 14% Social Media Marketing, 7% Email Marketing, JumpFly is a digital marketing agency specializing in PPC management, SEO services, and paid social media advertising. The company consistently receives high praise for its exceptional project management, responsiveness, and tailored strategies, as evidenced by overwhelmingly positive feedback from clients, with nearly 100% satisfaction. Clients frequently highlight JumpFly's personalized service and ability to act as a seamless extension of their teams."
REQ,https://clutch.co/profile/req,4.9,61,https://req.co/,"$25,000+",$200 - $300 / hr,250 - 999,,"40% Public Relations, 20% Content Writing Services, 20% Social Media Marketing, 10% Advertising, 10% Search Engine Optimization"
LYFE Marketing,https://clutch.co/profile/lyfe-marketing,4.4,156,https://www.lyfemarketing.com,"$1,000+",$50 - $99 / hr,10 - 49,"Atlanta, GA","70% Social Media Marketing, 10% Advertising, 10% Email Marketing, 10% Pay Per Click, LYFE Marketing is a digital marketing agency that provides social media management, advertising, and brand awareness services. While 70% of the reviews praise their strategic approach, responsiveness, and effective communication, 30% cite significant issues with project execution and customer support. Despite some negative experiences, many clients appreciate their ability to increase engagement and deliver desired outcomes."
Moburst,https://clutch.co/profile/moburst,4.9,44,https://www.moburst.com/pages/digital_marketing/,"$5,000+",$150 - $199 / hr,50 - 249,"New York, NY","60% Mobile & App Marketing, 10% Media Planning & Buying, 10% Pay Per Click, 10% Social Media Marketing, 10% Web Design"
321 Web Marketing,https://clutch.co/profile/321-web-marketing,5.0,13,https://www.321webmarketing.com/,"$1,000+",$100 - $149 / hr,10 - 49,,"40% Search Engine Optimization, 30% Web Development, 15% Content Marketing, 15% Pay Per Click, 321 Web Marketing is a comprehensive digital marketing agency specializing in SEO, website development, and content creation. Across their reviews, 100% of clients praised their strategic proficiency in SEO, project management, and adaptability to client needs. Approximately 85% highlighted their data-driven approach and commitment to enhancing online visibility and lead generation. The agency is lauded for consistently delivering results, with no reported areas for improvement."
Searchbloom,https://clutch.co/profile/searchbloom,4.9,101,https://searchbloom.com/,"$1,000+",$100 - $149 / hr,10 - 49,,"65% Search Engine Optimization, 25% Pay Per Click, 10% Conversion Optimization, Searchbloom is a distinguished SEO and digital marketing agency known for enhancing organic search presence, PPC campaigns, and overall digital strategy. Of the reviews provided, 100% highlight their professionalism, responsiveness, and the ability to deliver tailored, measurable results. Clients often commend Searchbloom's team for acting as an extension of their own, indicating a strong collaborative culture and commitment to client success., Recent reviews for Searchbloom highlight their exceptional performance in enhancing clients' organic traffic and lead generation. Clients praised their tailored approach, with significant results such as a 100% increase in organic traffic and improved conversion rates. Communication and project management were consistently noted as strengths, with clients feeling they received the support of an internal team rather than an external agency. Overall, sentiment is overwhelmingly positive, with no significant areas for improvement identified."
SEO Brand,https://clutch.co/profile/seo-brand,4.9,109,https://www.seobrand.com/clutch/,"$1,000+",$100 - $149 / hr,10 - 49,"Boca Raton, FL","60% Search Engine Optimization, 20% Pay Per Click, 10% Web Design, 10% Web Development, SEO Brand is an SEO agency specializing in enhancing online visibility and digital marketing strategies. Reviews reflect overwhelmingly positive feedback, with approximately 95% praising their communication and project management. Clients frequently highlight their tailored solutions and proactive approach, noting improvements in lead generation, search rankings, and website optimization. Their dedicated service, attention to detail, and strategic insights are consistently recognized as key strengths."
Fractl,https://clutch.co/profile/fractl,4.8,35,http://www.frac.tl/,"$5,000+",$100 - $149 / hr,50 - 249,"Delray Beach, FL","90% Content Marketing, 10% Search Engine Optimization, Fractl is a digital PR and content marketing agency known for their expertise in SEO, digital PR, and content creation. They have consistently received positive feedback across multiple reviews, with clients praising their professionalism, creativity, and ability to exceed expectations. Notably, 100% of reviewers highlighted Fractl's impressive content quality and effective communication. Their strategic use of AI and adaptability to client feedback further enhance their reputation as a reliable partner for enhancing digital authority and online presence."
ScaledOn,https://clutch.co/profile/scaledon,5.0,12,https://scaledon.com/who-we-are/,"$5,000+",$100 - $149 / hr,10 - 49,,"30% Pay Per Click, 25% Ecommerce Marketing, 25% Search Engine Optimization, 10% Digital Strategy, 10% Social Media Marketing"
Galactic Fed,https://clutch.co/profile/galactic-fed,4.9,42,https://www.galacticfed.com,"$5,000+",$200 - $300 / hr,50 - 249,"Chicago, IL","45% Pay Per Click, 40% Search Engine Optimization, 15% Demand Generation Marketing, Galactic Fed is a digital marketing agency specializing in SEO, paid media, and growth strategy. Reviews highlight their expertise in project management and responsiveness, with 100% of clients noting timely delivery and communication. Approximately 70% of reviews commend their adaptability and tailored strategies, while the remaining reviews appreciate their technical expertise and ability to drive measurable outcomes."
Chatterkick,https://clutch.co/profile/chatterkick,4.9,39,http://chatterkick.com/,"$5,000+",$150 - $199 / hr,10 - 49,,"30% Social Media Marketing, 20% Digital Strategy, 15% Pay Per Click, 15% Web Design, 10% Email Marketing"
Razor Rank,https://clutch.co/profile/razor-rank,4.9,28,https://razorrank.com/,"$1,000+",$100 - $149 / hr,50 - 249,"Dallas, TX","30% Search Engine Optimization, 20% Pay Per Click, 20% Social Media Marketing, 15% Content Marketing, 15% Web Design"
AdVenture Media,https://clutch.co/profile/adventure-media-0,4.9,96,http://adventureppc.com/,"$1,000+",$100 - $149 / hr,50 - 249,"Woodmere, NY","60% Pay Per Click, 10% Advertising, 10% Conversion Optimization, 10% Ecommerce Marketing, 10% Social Media Marketing"
Onya,https://clutch.co/profile/onya,5.0,30,https://www.onyamark.com/contact-us-clutch/,"$5,000+",$150 - $199 / hr,10 - 49,,"50% Social Media Marketing, 20% Advertising, 20% Pay Per Click, 10% Marketing Strategy, Onya is a versatile digital marketing agency specializing in advertising campaign management and media strategy. Known for its proactive approach and client-centric culture, Onya consistently meets deadlines and delivers effective strategies, with many clients praising its dedication and responsiveness. Impressively, no negative feedback was reported, while 100% of reviewers highlighted positive project management and impressive communication skills."
"Social House, Inc.",https://clutch.co/profile/social-house,5.0,13,https://www.socialhouseinc.com,"$10,000+",$100 - $149 / hr,10 - 49,"Los Angeles, CA","25% Content Marketing, 25% Digital Strategy, 25% Media Planning & Buying, 25% Social Media Marketing, Social House, Inc. is a creative strategy and content development agency known for its expertise in brand awareness, digital marketing, and social media engagement. The company consistently receives high praise, with approximately 100% of reviews highlighting their impressive creativity, responsiveness, and strategic alignment with client values. Their ability to deliver on time and foster collaborative partnerships is also frequently mentioned across reviews."
Elevation,https://clutch.co/profile/elevation,4.9,49,https://www.elevationweb.org/,"$10,000+",$150 - $199 / hr,10 - 49,,"40% Web Design, 20% Branding, 10% Content Marketing, 10% Pay Per Click, 10% Search Engine Optimization"
GrowthHit,https://clutch.co/profile/growthhit,0.0,20,https://growthhit.com/services/growth-marketing/,"$1,000+",$100 - $149 / hr,50 - 249,"Seattle, WA","70% Digital Marketing, 30% Other"
Verbsz Marketing,https://clutch.co/profile/verbsz-marketing,0.0,20,https://www.verbszmarketing.com,"$1,000+",$100 - $149 / hr,50 - 249,,100% Digital Marketing
Jives Media,https://clutch.co/profile/jives-media,0.0,20,https://www.jivesmedia.com/,"$1,000+",$100 - $149 / hr,10 - 49,"San Francisco, CA","70% Digital Marketing, 30% Other"
Taktical Digital,https://clutch.co/profile/taktical-digital,0.0,20,https://taktical.co/clutch/,,$50 - $99 / hr,10 - 49,"New York, NY","90% Digital Marketing, 10% Other"
Digital Position,https://clutch.co/profile/digital-position,5.9,20,https://www.digitalposition.com/,"$5,000+",$100 - $149 / hr,10 - 49,,100% Digital Marketing
Power Digital,https://clutch.co/profile/power-digital,5.8,20,https://powerdigitalmarketing.com/growthplan/,"$5,000+",$100 - $149 / hr,250 - 999,"San Diego, CA","75% Digital Marketing, 25% Other"
Lilo Social,https://clutch.co/profile/lilo-social,0.0,20,https://lilosocial.com/,"$5,000+",$100 - $149 / hr,10 - 49,"Brooklyn, NY","70% Digital Marketing, 30% Other"
Marketing Link,https://clutch.co/profile/marketing-link,0.0,20,https://marketing.link/clutch/,"$1,000+",$100 - $149 / hr,10 - 49,"Tampa, FL",100% Digital Marketing
Gen3 Marketing,https://clutch.co/profile/gen3-marketing,4.8,20,https://gen3marketing.com,"$5,000+",$150 - $199 / hr,50 - 249,"Blue Bell, PA",100% Digital Marketing
VIDEN Growth,https://clutch.co/profile/viden-growth,4.9,36,https://videngrowth.com/,"$1,000+",$50 - $99 / hr,10 - 49,"Miami, FL","35% Social Media Marketing, 30% Ecommerce Marketing, 30% Pay Per Click, 5% Digital Strategy, VIDEN Growth is a performance marketing agency specializing in managing and optimizing Meta and Google advertising campaigns. Reviewers consistently praise VIDEN for their data-driven approach, professionalism, and responsiveness. With a high percentage of positive feedback, clients often highlight their expertise in e-commerce advertising and project management skills, resulting in improved ROAS and increased sales. Approximately 100% of reviews commend their communication and timely delivery."
Comrade Digital Marketing Agency,https://clutch.co/profile/comrade-digital-marketing-agency,4.8,69,https://comradeweb.com/,"$10,000+",$100 - $149 / hr,50 - 249,"Chicago, IL","30% Generative AI, 25% Search Engine Optimization, 15% Web Design, 10% Advertising, 10% Other Digital Marketing"
Uptown Creation,https://clutch.co/profile/uptown-creation,5.0,24,https://uptown.com/,"$1,000+",$150 - $199 / hr,10 - 49,,"35% Social Media Marketing, 20% Marketing Strategy, 20% Sales Outsourcing, 15% Email Marketing, 10% Direct Marketing"
RSO Consulting,https://clutch.co/profile/rso-consulting,4.9,35,https://www.rso-consulting.com/services/,"$5,000+",$100 - $149 / hr,10 - 49,"San Francisco, CA","40% Pay Per Click, 20% Search Engine Optimization, 15% AI Consulting, 15% Social Media Marketing, 10% BI & Big Data Consulting & SI"
Obility,https://clutch.co/profile/obility,4.8,27,http://www.obilityb2b.com,"$5,000+",$150 - $199 / hr,10 - 49,,"25% Pay Per Click, 20% Demand Generation Marketing, 20% Search Engine Optimization, 15% Social Media Marketing, 10% Advertising"
VisualFizz,https://clutch.co/profile/visualfizz,5.0,28,http://www.visualfizz.com/,"$5,000+",$150 - $199 / hr,10 - 49,"Chicago, IL","25% Web Development, 20% Search Engine Optimization, 15% Branding, 15% Marketing Strategy, 15% Social Media Marketing"
Netrocket,https://clutch.co/profile/netrocket,5.0,74,https://netrocket.pro/,"$1,000+",$50 - $99 / hr,10 - 49,"Miami, FL","55% Search Engine Optimization, 15% Advertising, 15% Marketing Strategy, 15% Pay Per Click, Netrocket is an SEO agency renowned for its strong technical expertise and tailored strategies, offering services such as SEO audits, content optimization, and local search enhancements. With a 100% positive feedback rate, clients consistently highlight their project management skills, customized solutions, and significant improvements in organic traffic and conversion rates. Approximately 80% of reviewers praised Netrocket's responsiveness and deep understanding of client needs."
Coalition Technologies,https://clutch.co/profile/coalition-technologies,4.8,162,https://coalitiontechnologies.com/contact/,"$1,000+",$50 - $99 / hr,50 - 249,"Los Angeles, CA","70% Search Engine Optimization, 10% Pay Per Click, 10% Web Design, 10% Web Development, Coalition Technologies is a digital marketing and SEO agency that specializes in services such as SEO, PPC, website design, and digital strategy. Across the reviews, 88% of clients expressed satisfaction with their results, praising the agency’s responsiveness, expertise, and ability to deliver on time. Some clients highlighted their technical proficiency, particularly in SEO and Google Ads, while others noted room for improvement in SEO effectiveness due to algorithm vulnerabilities."
NextLeft,https://clutch.co/profile/nextleft,4.9,28,https://nextleft.com/contact-us/,"$1,000+",$100 - $149 / hr,10 - 49,"San Diego, CA","80% Search Engine Optimization, 10% Content Marketing, 10% Pay Per Click, NextLeft is a digital marketing and SEO agency that excels in website optimization, SEO strategy, and content development. Across various reviews, clients laud NextLeft for their exceptional project management, responsiveness, and ability to deliver on time, with positive feedback comprising approximately 90% of reviews. Clients frequently highlight the company's technical expertise and strategic approach, with around 75% noting significant improvements in traffic and conversion metrics."
fishbat Media,https://clutch.co/profile/fishbat-media,4.8,16,https://fishbat.com/clutch-digital-marketing-agency/,"$1,000+",$150 - $199 / hr,10 - 49,"New York, NY","25% Search Engine Optimization, 15% Pay Per Click, 10% Advertising, 10% Branding, 10% Content Marketing"
MeanPug Digital,https://clutch.co/profile/meanpug-digital,5.0,10,https://www.meanpug.com/contact-us/,"$10,000+",$100 - $149 / hr,10 - 49,"New York, NY","35% Search Engine Optimization, 15% Pay Per Click, 10% Advertising, 10% Custom Software Development, 10% Social Media Marketing"
ROI Amplified,https://clutch.co/profile/roi-amplified,5.0,5,https://roiamplified.com,"$5,000+",$100 - $149 / hr,2 - 9,"Tampa, FL","20% Pay Per Click, 20% Search Engine Optimization, 20% Social Media Marketing, 15% Content Marketing, 11% CRM Consulting and SI"
Thrive Internet Marketing Agency,https://clutch.co/profile/thrive-internet-marketing-agency,4.6,108,https://thriveagency.com/,"$1,000+",$100 - $149 / hr,50 - 249,"Arlington, TX","70% Search Engine Optimization, 10% Pay Per Click, 10% Social Media Marketing, 10% Web Design, Thrive Internet Marketing Agency is a digital marketing firm specializing in services such as SEO, Google Ads, social media management, and programmatic advertising. Overall, 100% of reviewers highlighted their responsiveness, communication, and alignment with company values. While some feedback indicated a need for deeper industry understanding, 80% of reviews praised their project management and culture fit."
Impressive Digital Agency,https://clutch.co/profile/impressive-digital-agency,5.0,25,https://www.impressive.com.au/,"$1,000+",$150 - $199 / hr,50 - 249,"Austin, TX","35% Search Engine Optimization, 25% Pay Per Click, 25% Social Media Marketing, 10% Email Marketing, 5% Conversion Optimization"
Outpace SEO,https://clutch.co/profile/outpace-seo,5.0,113,https://outpaceseo.com/clutch-top-rated-seo-agency/,"$1,000+",$150 - $199 / hr,10 - 49,,"100% Search Engine Optimization, Outpace SEO is a highly-regarded SEO agency known for its comprehensive search engine optimization services, including technical audits, on-page optimization, and content strategy. Reviews reveal a 100% positive customer satisfaction rate, highlighting their responsiveness, strategic insight, and effective project management. Notably, 80% of reviewers praise their clarity in communication and innovation in SEO practices."
Fresh Content Society,https://clutch.co/profile/fresh-content-society,4.9,14,https://freshcontentsociety.com/,"$10,000+",$150 - $199 / hr,10 - 49,"Northfield, IL","70% Social Media Marketing, 15% Content Marketing, 15% Video Production, Fresh Content Society is a social media marketing agency specializing in content creation, influencer marketing, and community management. They have received overwhelmingly positive feedback from clients, with approximately 97% of reviews highlighting their expertise in social media strategy and audience engagement. Clients commend their timeliness and communication, though some suggest improvements in onboarding speed and initial campaign robustness."
GLIDE®,https://clutch.co/profile/glide,4.9,49,https://www.glidedesign.com/,"$50,000+",$150 - $199 / hr,10 - 49,"Austin, TX","35% Web Design, 15% Pay Per Click, 15% Search Engine Optimization, 15% Web Development, 10% AI Consulting"
VOLTAGE,https://clutch.co/profile/voltage-0,5.0,9,https://voltage.digital/,"$5,000+",$150 - $199 / hr,10 - 49,,"25% Search Engine Optimization, 20% Digital Strategy, 20% Pay Per Click, 20% Web Development, 15% Web Design"
Sure Oak,https://clutch.co/profile/sure-oak,4.9,40,https://sureoak.com/,"$5,000+",$150 - $199 / hr,10 - 49,"Brooklyn, NY","55% Search Engine Optimization, 15% Content Marketing, 15% Generative AI, 15% Public Relations, Sure Oak is a highly rated SEO agency specializing in building high-quality backlinks and improving domain authority and search engine rankings. Overall, 89% of clients report positive experiences, praising their timely delivery, effective communication, and professional approach. However, a minority (11%) expressed dissatisfaction, citing issues with outsourced content and delayed project timelines."
Pico Digital Marketing,https://clutch.co/profile/pico-digital-marketing,5.0,11,https://www.picodigital.ai/,"$1,000+",$50 - $99 / hr,10 - 49,"Denver, CO","40% Pay Per Click, 30% Search Engine Optimization, 15% Content Writing Services, 15% Social Media Marketing, Pico Digital Marketing is a comprehensive digital marketing agency specializing in SEO, PPC, display advertising, and social media management. Reviews reflect a high level of client satisfaction, with consistent praise for their strategic insights and impactful results, including a notable 27% increase in conversion rates and 82% improvement in cost per lead. Clients commend their project management and responsiveness, with no reported areas for significant improvement."
Marcel Digital,https://clutch.co/profile/marcel-digital,4.8,19,https://www.marceldigital.com/,"$5,000+",$200 - $300 / hr,10 - 49,"Chicago, IL","40% Web Development, 30% Search Engine Optimization, 20% Pay Per Click, 10% Digital Strategy, Marcel Digital is an SEO and digital marketing agency renowned for its comprehensive services, including website development, SEO, PPC, and analytics. Across the reviews, the company consistently demonstrates strong project management and client collaboration, resulting in measurable success such as increased organic traffic and improved ROI. Approximately 90% of reviews highlight their strategic expertise and exceptional client rapport, with no significant criticisms noted."
CrunchGrowth Revenue Acceleration Agency,https://clutch.co/profile/crunchgrowth-revenue-acceleration-agency,4.9,18,https://www.crunchgrowth.com/,"$5,000+",$150 - $199 / hr,10 - 49,,"50% Social Media Marketing, 25% E-Commerce Development, 25% Email Marketing, CrunchGrowth Revenue Acceleration Agency specializes in digital strategy, e-commerce development, and social media marketing. The agency is widely praised for its technical precision and creative empathy, with a success rate exceeding client expectations in terms of sales growth and brand enhancement. Notably, 100% of reviewers commend the agency's project management and responsiveness, while 86% highlight their data-driven and goal-oriented approach."
"New Target, Inc. - The Digital Agency",https://clutch.co/profile/new-target-digital-agency,4.9,37,http://www.newtarget.com/,"$10,000+",$100 - $149 / hr,50 - 249,,"20% Search Engine Optimization, 20% Web Design, 20% Web Development, 10% Branding, 10% Marketing Strategy"
The Media Captain,https://clutch.co/profile/media-captain,4.9,47,https://www.themediacaptain.com/,"$1,000+",$100 - $149 / hr,10 - 49,"Columbus, OH","35% Web Design, 15% Pay Per Click, 15% Search Engine Optimization, 10% Advertising, 10% Social Media Marketing"
Blacksmith Agency,https://clutch.co/profile/blacksmith-agency,4.7,17,https://blacksmith.agency/web-design-development-clutch/,"$50,000+",$150 - $199 / hr,10 - 49,,"45% Pay Per Click, 25% Search Engine Optimization, 15% Web Development, 10% Social Media Marketing, 5% Web Design"
Campfire Digital,https://clutch.co/profile/campfire-digital,5.0,17,https://campfiredigital.com/clutch/,"$10,000+",$150 - $199 / hr,2 - 9,"Denver, CO","20% Content Marketing, 20% Web Design, 15% Digital Strategy, 15% Search Engine Optimization, 10% Email Marketing"
Cazbah,https://clutch.co/profile/cazbah-0,4.9,9,https://www.cazbah.net,"$1,000+",$100 - $149 / hr,10 - 49,"Farmington, NY","20% Search Engine Optimization, 15% Content Marketing, 15% Ecommerce Marketing, 15% Web Design, 10% Digital Strategy"
YB Marketing,https://clutch.co/profile/yb-marketing,5.0,30,https://www.yakimabranding.com,"$1,000+",$150 - $199 / hr,2 - 9,,"25% Search Engine Optimization, 20% Social Media Marketing, 15% Advertising, 15% Branding, 10% Content Marketing"
"Inbox Army, LLC",https://clutch.co/profile/inbox-army,4.9,71,https://www.inboxarmy.com/,"$1,000+",$100 - $149 / hr,50 - 249,"Grapevine, TX","70% Email Marketing, 10% CRM Consulting and SI, 10% Ecommerce Marketing, 10% SMS Marketing, Inbox Army, LLC is an email marketing agency distinguished by its expertise in crafting responsive email campaigns and automation strategies. Across reviews, clients consistently highlight the company's rapid response times, professional project management, and ability to enhance email metrics such as open and click-through rates. Approximately 90% of reviewers commend their communication and proactive approach, emphasizing Inbox Army's commitment to seamless collaboration and client success."
Geeks360,https://clutch.co/profile/geeks360,5.0,6,https://geeks360.net,"$1,000+",$100 - $149 / hr,10 - 49,"Miami, FL","20% Search Engine Optimization, 15% Pay Per Click, 15% Social Media Marketing, 10% AI Consulting, 10% AI Development"
LAB Digital Creative,https://clutch.co/profile/lab-digital-creative,5.0,19,https://labdigitalcreative.com/global-digital-marketing-international/,"$5,000+",$100 - $149 / hr,10 - 49,,"45% Search Engine Optimization, 25% Web Design, 20% Pay Per Click, 10% Social Media Marketing, LAB Digital Creative is a web development and digital marketing agency specializing in website redesign, brand refresh, and SEO services. Customers consistently praise their responsive and communicative project management, with 100% positive feedback on their professionalism and ability to deliver impressive results. Their ability to explain technical details in an accessible manner and adapt to client needs is frequently highlighted by 80% of reviewers."
Amazon Growth Lab,https://clutch.co/profile/amazon-growth-lab,4.9,50,https://www.amazongrowthlab.com/free-audit,"$10,000+",$100 - $149 / hr,50 - 249,"Culver City, CA","60% Pay Per Click, 25% Digital Strategy, 15% Graphic Design, Amazon Growth Lab is an Amazon-focused agency that specializes in optimizing sales channels, enhancing conversion rates, and improving advertising efficiency for eCommerce businesses. Across their reviews, 75% of clients reported significant improvements in revenue and profitability, with some citing growth of over 35% year-over-year. However, feedback varies, as 12.5% of clients noted unsuccessful engagements, suggesting room for improvement in meeting diverse client needs."
ATRA,https://clutch.co/profile/atra,5.0,49,https://atradigital.com/,"$5,000+",$150 - $199 / hr,10 - 49,,"90% Pay Per Click, 10% Conversion Optimization, ATRA is a digital marketing agency specializing in pay-per-click (PPC) advertising and strategic campaign management. The company is highly praised for its transparency, responsiveness, and ability to deliver promised results, with over 90% of reviews noting their effective communication and project management skills. Clients report significant improvements in web traffic, lead quality, and conversion rates, with some experiencing up to a 45% increase in web traffic and 51% more leads."
Orbit Media Studios,https://clutch.co/profile/orbit-media-studios,5.0,35,https://www.orbitmedia.com/,"$50,000+",$150 - $199 / hr,50 - 249,"Chicago, IL","25% Search Engine Optimization, 25% Web Design, 25% Web Development, 15% Conversion Optimization, 10% CRM Consulting and SI"
Sociallyin,https://clutch.co/profile/sociallyin,4.8,66,https://sociallyin.com,"$5,000+",$100 - $149 / hr,50 - 249,"Atlanta, GA","50% Social Media Marketing, 25% Video Production, 15% Advertising, 10% Video Marketing, Sociallyin is a social media marketing agency specializing in enhancing brand visibility and engagement through strategic content creation and influencer management. Across its reviews, 100% of clients commend their project management, creativity, and strategic approach. The company consistently delivers organized and responsive service, with 33% of reviews highlighting their creative storytelling and data-driven strategies as particularly impressive."
"Olifant Digital: Full-Service Amazon Agency for PPC, SEO & Account Management",https://clutch.co/profile/olifant-digital-full-service-amazon-agency-ppc-seo-account-management,5.0,14,https://olifantdigital.com/,"$1,000+",$25 - $49 / hr,10 - 49,"Grand Island, NY","30% Pay Per Click, 20% Digital Strategy, 20% Ecommerce Marketing, 20% Search Engine Optimization, 10% Graphic Design"
Brighter Click,https://clutch.co/profile/brighter-click,4.9,19,https://www.brighterclick.com/digital-marketing-agency-raleigh,"$5,000+",$150 - $199 / hr,2 - 9,"Raleigh, NC","20% Social Media Marketing, 10% Advertising, 10% Content Marketing, 10% Ecommerce Marketing, 10% Graphic Design"
Storm Brain,https://clutch.co/profile/storm-brain,5.0,126,https://www.stormbrain.com/,"$10,000+",$150 - $199 / hr,50 - 249,"Carlsbad, CA","40% Web Design, 20% Web Development, 10% Advertising, 10% E-Commerce Development, 10% Pay Per Click"
HireInfluence,https://clutch.co/profile/hireinfluence,4.7,6,https://hireinfluence.com/,"$75,000+",,10 - 49,"The Woodlands, TX","25% Social Media Marketing, 15% Content Marketing, 15% Digital Strategy, 15% Marketing Strategy, 10% Advertising"
Mattered,https://clutch.co/profile/mattered,5.0,16,http://mattered.com/,"$5,000+",$100 - $149 / hr,10 - 49,"Irvine, CA","40% Email Marketing, 30% SMS Marketing, 20% Web Development, 10% AI Consulting, Mattered is a versatile creative agency specializing in design execution, email and SMS marketing, and web development. The company consistently receives positive feedback, with 100% of reviews highlighting their responsiveness, project management, and alignment with client values. Notably, 40% of reviews emphasize their expertise in email marketing, while 30% highlight their proficiency in WordPress and web development. Across the board, reviewers appreciate Mattered's dedication to high-quality deliverables and seamless collaboration."
Collective42,https://clutch.co/profile/collective42,5.0,32,https://collective42.com/,"$5,000+",$100 - $149 / hr,10 - 49,"Encinitas, CA","35% Web Design, 35% Web Development, 20% Search Engine Optimization, 10% Pay Per Click, Collective42 is a digital agency specializing in website design, development, and SEO services. Their reviews are overwhelmingly positive, with clients praising their professionalism, responsiveness, and expertise in project management. Approximately 100% of reviewers commended their communication and timely delivery, while around 90% highlighted their technical knowledge and alignment with client values. Notably, there were no areas identified for improvement, emphasizing their commitment to client satisfaction."
Breakline,https://clutch.co/profile/breakline,5.0,37,https://www.breaklineagency.com/,"$1,000+",$100 - $149 / hr,50 - 249,,"100% Search Engine Optimization, Breakline is an SEO agency that provides comprehensive services, including keyword research, on-page optimization, technical audits, and content production, often integrating AI search optimization. Across multiple reviews, 100% of clients highlight Breakline's effectiveness in increasing organic visibility, with notable results such as a 600% increase in traffic and significant rises in leads. Clients consistently commend Breakline's project management, responsiveness, and expertise."
Group 8A,https://clutch.co/profile/group-8a,3.5,15,https://group8a.com/,"$1,000+",,10 - 49,"New York, NY","35% Affiliate Marketing, 25% Pay Per Click, 25% Social Media Marketing, 15% Email Marketing, Group 8A specializes in digital marketing services, focusing on paid media management, affiliate marketing, and performance marketing strategies. They have received mixed feedback: approximately 70% of reviews highlight their professionalism, structured approaches, and ability to meet marketing goals, while 30% indicate issues with project management, unmet expectations, and communication. Overall, they are recognized for their proficiency in scaling businesses through coordinated marketing efforts but require improvement in maintaining consistent results across all projects."
Gatorworks,https://clutch.co/profile/gatorworks,4.9,26,https://gatorworks.net,"$10,000+",$150 - $199 / hr,10 - 49,,"20% Digital Strategy, 20% Search Engine Optimization, 20% Web Design, 10% Logo, 10% Pay Per Click"
"Ready Artwork - Website, Design, Marketing",https://clutch.co/profile/ready-artwork-website-design-marketing,4.9,10,https://www.readyartwork.com,"$5,000+",$200 - $300 / hr,10 - 49,"Monrovia, CA","50% Web Design, 30% Search Engine Optimization, 20% Pay Per Click, Ready Artwork - Website, Design, Marketing is a multi-faceted agency specializing in website design, graphic design, photography, and marketing services. The company receives overwhelmingly positive feedback, with 100% of reviewers highlighting their professionalism, flexibility, and impressive project management. Clients frequently praise their alignment with company values and their ability to deliver results efficiently, contributing to increased engagement and satisfaction."
Algofy,https://clutch.co/profile/algofy,5.0,22,https://www.algofy.com/clutch-services,"$1,000+",$50 - $99 / hr,10 - 49,,"30% Ecommerce Marketing, 25% Pay Per Click, 25% Social Media Marketing, 10% Advertising, 10% Email Marketing"
Savage Global Marketing,https://clutch.co/profile/savage-global-marketing,4.8,68,https://www.savageglobalmarketing.com/contact-us/clutch/,"$5,000+",$150 - $199 / hr,10 - 49,"Fort Lauderdale, FL","40% Pay Per Click, 30% Advertising, 10% Social Media Marketing, 10% Video Production, 10% Web Design"
Flowium,https://clutch.co/profile/flowium,4.9,23,https://flowium.com/lp/clutch/,"$1,000+",$100 - $149 / hr,50 - 249,"Staten Island, NY","60% Email Marketing, 15% Digital Strategy, 15% Ecommerce Marketing, 10% SMS Marketing, Flowium is an email marketing agency specializing in optimizing and strategizing email and SMS campaigns to boost customer engagement and revenue. Across reviews, clients commend Flowium's strong project management, responsiveness, and design quality. About 80% of reviewers highlighted their timely delivery and clear communication. Additionally, 90% mentioned achieving significant improvements in key metrics such as open rates and revenue."
Nativz,https://clutch.co/profile/nativz-0,5.0,16,https://nativz.io,"$1,000+",$100 - $149 / hr,10 - 49,"Dallas, TX","20% Social Media Marketing, 10% Advertising, 10% Content Marketing, 10% Ecommerce Marketing, 10% Email Marketing"
Agency Jet,https://clutch.co/profile/agency-jet,4.8,55,https://www.agencyjet.com/,"$1,000+",$100 - $149 / hr,10 - 49,,"35% Search Engine Optimization, 25% Web Development, 20% AI Development, 15% Pay Per Click, 5% AI Consulting"
Brainvire Infotech Inc,https://clutch.co/profile/brainvire-infotech,4.8,262,https://www.brainvire.com/,"$25,000+",$25 - $49 / hr,250 - 999,"Irving, TX","50% E-Commerce Development, 30% Mobile App Development, 10% Search Engine Optimization, 10% Web Development, Brainvire Infotech Inc is a versatile IT services company specializing in web development, e-commerce solutions, and custom software development. Approximately 70% of reviews highlight their professional project management and delivery of cost-effective solutions, while 30% mention challenges such as communication issues. Despite some concerns, most clients appreciate their adaptability, technical expertise, and ability to meet project deadlines."
Excella PPC,https://clutch.co/profile/excella-ppc,5.0,28,http://excellappc.com,"$5,000+",$50 - $99 / hr,10 - 49,"New York, NY","100% Pay Per Click, Excella PPC is a digital marketing agency specializing in pay-per-click advertising management across major platforms like Google, Meta, and Microsoft. The company is praised for its remarkable project management, delivering tasks punctually and maintaining clear communication. With over 95% positive feedback, clients frequently cite Excella PPC's data-driven approach, commitment to value, and significant improvements in campaign performance, including reduced CPA and improved ROAS."
Perrill,https://clutch.co/profile/perrill,4.9,9,https://www.perrill.com/clutch-digital-marketing-agency/,"$50,000+",$150 - $199 / hr,10 - 49,,"30% Search Engine Optimization, 25% Web Design, 25% Web Development, 20% Other Digital Marketing, Perrill is a full-service digital marketing agency specializing in services such as SEO, web development, and digital content creation. Across their reviews, feedback is overwhelmingly positive, with approximately 85% of clients praising their expertise, responsiveness, and communication. Clients consistently highlight Perrill's ability to deliver dynamic content that drives increased traffic and leads, with special recognition for their strategic approach and professional project management."
Abstrakt Marketing Group,https://clutch.co/profile/abstrakt-marketing-group,4.7,43,https://www.abstraktmg.com/,"$1,000+",$100 - $149 / hr,250 - 999,,"75% Sales Outsourcing, 15% Content Marketing, 10% Web Design, Abstrakt Marketing Group is a lead generation and business development company that excels in creating tailored marketing strategies and managing outreach campaigns. The reviews reflect a high level of customer satisfaction, with around 90% of feedback praising their communication, project management, and ability to deliver results, evidenced by consistent pipeline growth and tangible ROI. Some reviews note room for improvement in email reporting and appointment scheduling."
Gregory,https://clutch.co/profile/gregory,4.8,3,http://www.gregoryagency.com/,"$10,000+",$150 - $199 / hr,50 - 249,"Ardmore, PA","60% Public Relations, 25% Content Marketing, 15% Social Media Marketing, Gregory FCA is a public relations and marketing agency specializing in media relations, content creation, and digital strategy for financial services firms. Reviews highlight their consistent responsiveness, industry expertise, and ability to produce tangible results, with 100% of clients noting increased visibility and engagement. No areas for improvement were identified, underscoring their strong client satisfaction."
Martal Group,https://clutch.co/profile/martal-group,4.8,109,https://martal.ca/,"$1,000+",$25 - $49 / hr,250 - 999,"San Francisco, CA","70% Sales Outsourcing, 10% AI Agents, 10% Call Center Services, 10% Email Marketing, Martal Group is a B2B lead generation and appointment-setting company, specializing in crafting outbound strategies tailored to clients' ideal customer profiles. The company has received overwhelmingly positive feedback, with approximately 95% of reviewers praising their ability to deliver qualified leads and improve pipeline quality. Clients consistently commend Martal Group's proactive approach, project management, and ability to quickly align with clients' objectives and market needs."
GrowMyAds.com,https://clutch.co/profile/growmyadscom,4.9,113,https://growmyads.com,"$1,000+",$100 - $149 / hr,10 - 49,,"100% Pay Per Click, GrowMyAds.com is a specialized Google Ads management company praised for its expertise, clear communication, and professional service. With a focus on ad optimization and strategic management, they achieve significant results, such as a 250% increase in leads. The feedback is overwhelmingly positive, with 100% of reviewers noting their competence and commitment to enhancing ad performance."
NYMO & Co.,https://clutch.co/profile/nymo-co,4.9,19,https://www.nymo.co/,"$1,000+",,2 - 9,"El Segundo, CA","80% Affiliate Marketing, 10% Performance Marketing, 10% Public Relations, NYMO & Co. is a comprehensive affiliate marketing agency specializing in enhancing affiliate programs and driving revenue growth across various industries. Reviews indicate a 100% positive feedback rate, highlighting their effective communication, strategic execution, and ability to increase sales and site traffic by over 50%. Clients frequently commend their proactive approach and alignment with company values."
DSM,https://clutch.co/profile/dsm,5.0,20,https://www.thedsmgroup.com,"$10,000+",$200 - $300 / hr,10 - 49,,"30% Marketing Strategy, 20% Content Marketing, 10% Advertising, 10% Email Marketing, 10% Graphic Design"
Grow Law,https://clutch.co/profile/grow-law,5.0,7,https://growlaw.co/,"$5,000+",$100 - $149 / hr,50 - 249,"Fort Lauderdale, FL","40% Generative AI, 40% Search Engine Optimization, 10% Pay Per Click, 10% Web Design, Grow Law is a marketing firm specializing in SEO, web design, and PPC services tailored primarily for law firms. With a focus on enhancing online presence and lead generation, Grow Law has received overwhelmingly positive feedback from clients, with 100% noting improvements in SEO rankings and quality leads. Clients consistently highlight the firm's professionalism, responsiveness, and effective project management."
Cleartail Marketing,https://clutch.co/profile/cleartail-marketing,4.9,18,https://cleartailmarketing.com/,"$1,000+",$50 - $99 / hr,10 - 49,"St. Petersburg, FL","35% Search Engine Optimization, 35% Web Development, 30% Pay Per Click, Cleartail Marketing is a versatile digital marketing firm specializing in website design, SEO, and digital campaigns. With a strong reputation for timely delivery, responsiveness, and client satisfaction, 100% of reviewers praised their project management and communication. Additionally, 75% of reviews highlighted their flexibility in accommodating changes without extra charges, and 88% appreciated their value for cost, aligning with client budgets effectively."
Idea Grove,https://clutch.co/profile/idea-grove,4.8,48,https://www.ideagrove.com,"$10,000+",$150 - $199 / hr,10 - 49,"Lewisville, TX","70% Public Relations, 10% Content Marketing, 10% Generative AI, 10% Search Engine Optimization, Idea Grove is a PR and marketing agency that specializes in enhancing brand presence through SEO, thought leadership, and media relations. Across multiple reviews, clients commend their responsive communication, strong project management, and ability to integrate PR and SEO strategies effectively. Positive feedback is overwhelmingly consistent, with approximately 100% of reviewers highlighting their dedication, personalized attention, and successful outcomes."
Human Digital,https://clutch.co/profile/human-digital,4.7,21,https://humandigital.com,"$1,000+",$150 - $199 / hr,10 - 49,"New York, NY","20% Marketing Strategy, 20% Pay Per Click, 10% Advertising, 10% Content Marketing, 10% Conversion Optimization"
LawRank,https://clutch.co/profile/lawrank,5.0,31,https://lawrank.com/,"$1,000+",,50 - 249,"Los Angeles, CA","70% Search Engine Optimization, 10% Advertising, 10% Pay Per Click, 10% Web Design, LawRank is an SEO agency specializing in website redesign, SEO optimization, and digital marketing strategies aimed at enhancing law firms' online presence. The reviews indicate a high level of client satisfaction, with approximately 90% of reviews highlighting their expertise in improving search rankings and lead quality. Clients commend LawRank's comprehensive approach, effective project management, and strong communication, with about 85% mentioning the positive impact on revenue and client engagement."
Hunter Digital Marketing,https://clutch.co/profile/hunter-digital-marketing,4.9,13,https://hunterdigitalmarketing.com/,"$5,000+",$150 - $199 / hr,10 - 49,"New York, NY","20% Pay Per Click, 20% Social Media Marketing, 15% Advertising, 15% Digital Strategy, 15% Ecommerce Marketing"
PPC Boost,https://clutch.co/profile/ppc-boost,5.0,14,https://www.ppcboost.com/,"$1,000+",$100 - $149 / hr,2 - 9,"Denver, CO","60% Pay Per Click, 30% Ecommerce Marketing, 10% Social Media Marketing, PPC Boost is a specialized pay-per-click (PPC) advertising agency known for managing and optimizing campaigns across platforms like Google Ads and Bing Ads. The agency has consistently delivered impressive results, such as increased revenue, improved return on ad spend (ROAS), and enhanced conversion rates. With positive feedback from 100% of reviewers, clients frequently commend PPC Boost's subject matter expertise, professional project management, and commitment to achieving client goals."
Bop Design,https://clutch.co/profile/bop-design,5.0,127,https://www.bopdesign.com/,"$25,000+",$150 - $199 / hr,10 - 49,"San Diego, CA","60% Web Design, 15% Branding, 15% Content Marketing, 10% Low/No Code Development, Bop Design is a professional website design and development agency specializing in enhancing brand presence through modern, interactive websites and optimized UX. Over 90% of reviewers commend Bop Design for their creativity, timely delivery, and exceptional project management. The agency is praised for its high ratings, value for cost, and ability to align with client values, confirming its suitability for complex B2B projects."
Three29,https://clutch.co/profile/three29,4.9,42,https://three29.com/work-with-three29/,"$10,000+",$100 - $149 / hr,10 - 49,"Sacramento, CA","25% Web Design, 20% Web Development, 15% Pay Per Click, 10% AI Consulting, 10% Branding"
7 Wonders Cinema,https://clutch.co/profile/7-wonders-cinema,5.0,20,https://www.7wonders.com,"$5,000+",$150 - $199 / hr,10 - 49,"Ardmore, PA","50% Video Production, 25% Content Marketing, 15% Audio Production, 10% Social Media Marketing, 7 Wonders Cinema is a video production company specializing in creating high-quality content, including podcasts, marketing videos, and digital media assets. Reviewers consistently praise their professionalism, creative storytelling, and strategic understanding of client goals, highlighting their ability to produce visually compelling and polished final products. With 100% positive feedback, clients commend their project management, timely delivery, and exceptional communication, ensuring satisfaction across various industries."
efelle creative,https://clutch.co/profile/efelle-creative,5.0,63,http://www.seattlewebdesign.com,"$25,000+",$150 - $199 / hr,10 - 49,"Seattle, WA","30% Web Design, 30% Web Development, 10% Ecommerce Marketing, 10% Pay Per Click, 10% Search Engine Optimization"
ICODA,https://clutch.co/profile/icoda,5.0,31,https://icoda.io,"$10,000+",$25 - $49 / hr,10 - 49,"Bellevue, WA","45% Blockchain Marketing, 15% Public Relations, 10% Marketing Strategy, 10% Search Engine Optimization, 10% Social Media Marketing"
SLT Consulting (SLTC),https://clutch.co/profile/slt-consulting-sltc,4.8,9,https://sltconsulting.co/,"$10,000+",$200 - $300 / hr,10 - 49,"New York, NY","25% Performance Marketing, 20% Email Marketing, 15% Social Media Marketing, 15% Web Design, 10% Search Engine Optimization"
NetReputation,https://clutch.co/profile/netreputation,5.0,53,https://www.netreputation.com,"$1,000+",$100 - $149 / hr,50 - 249,"Sarasota, FL","65% Public Relations, 20% Search Engine Optimization, 15% Digital Strategy, Net Reputation is an online reputation management company specializing in improving the online presence of businesses and individuals. Across the reviews provided, 100% of clients expressed satisfaction with Net Reputation's services, praising their professionalism, responsiveness, and commitment to resolving negative online content. Approximately 78% of reviewers highlighted the company's effective communication and transparency in delivering results. Their tailored strategies and dedication to client success are consistently emphasized."
Belkins,https://clutch.co/profile/belkins,4.9,233,https://belkins.io/clutch,"$1,000+",< $25 / hr,50 - 249,"Denver, CO","70% Sales Outsourcing, 10% CRM Consulting and SI, 10% Call Center Services, 10% Email Marketing, Belkins is a lead generation and sales enablement company specializing in outbound marketing and CRM optimization. Across reviews, clients commend Belkins for their strategic approach, collaborative project management, and impressive results, such as increased lead generation by 450% and successful entry into international markets. Approximately 100% of reviewers highlight Belkins' adaptability and consistent delivery of qualified leads, indicating strong client satisfaction."
One 10 Media,https://clutch.co/profile/one-10-media,4.9,29,https://www.one10media.com,"$1,000+",$150 - $199 / hr,2 - 9,"Medina, OH","45% Ecommerce Marketing, 45% Email Marketing, 10% Business Consulting, One 10 Media is a lifecycle and performance marketing agency specializing in email, SMS, and paid media strategies. Across numerous client reviews, 100% of clients praised their strategic execution, timely project management, and effective communication. Clients reported significant revenue growth and improved email marketing metrics, with One 10 Media often described as a strategic partner rather than just a service provider."
VOGLIO Digital Marketing,https://clutch.co/profile/voglio-digital-marketing,5.0,5,https://www.vogliomarketing.com,"$5,000+",$200 - $300 / hr,10 - 49,"Seattle, WA","40% Pay Per Click, 20% Digital Strategy, 10% Search Engine Optimization, 10% Social Media Marketing, 10% Web Design"
Ikon Digital Media,https://clutch.co/profile/ikon-digital-media,5.0,12,https://www.ikondigitalmedia.com,"$5,000+",,10 - 49,"Westlake Village, CA","70% Affiliate Marketing, 10% Ecommerce Marketing, 10% Public Relations, 10% Social Media Marketing, Ikon Digital Media is a digital marketing agency specializing in affiliate program management. Across multiple client reviews, the company is praised for its effectiveness, resulting in significant affiliate revenue growth, often exceeding 100% increases. With consistent positive feedback highlighting their communication, strategy, and results delivery, approximately 95% of reviews indicate satisfaction with no areas for improvement noted."
Anchour,https://clutch.co/profile/anchour,4.9,56,https://www.anchour.com/,"$25,000+",$150 - $199 / hr,10 - 49,,"60% Branding, 10% Advertising, 10% Pay Per Click, 10% Social Media Marketing, 10% Web Design"
Single Grain,https://clutch.co/profile/single-grain,4.8,12,http://singlegrain.com,"$10,000+",,10 - 49,"Los Angeles, CA","40% Search Engine Optimization, 30% Pay Per Click, 20% Conversion Optimization, 10% Digital Strategy, Single Grain is a digital marketing agency specializing in SEO, PPC, and content marketing services. With a strong emphasis on aligning company values and delivering high-quality work, they have consistently received positive feedback from clients. Approximately 100% of reviewers commend their responsiveness, expertise, and ability to meet project timelines, while 80% highlight their innovative strategies and collaboration skills."
Direction.com,https://clutch.co/profile/directioncom,5.0,29,https://direction.com/,"$1,000+",$300+ / hr,2 - 9,"Austin, TX","100% Search Engine Optimization, Direction.com is an SEO and digital marketing agency specializing in enhancing online visibility, managing reputations, and optimizing websites for improved search engine rankings. The reviews reveal a high level of satisfaction, with 100% of clients praising their responsiveness and technical expertise. Clients frequently commend their professionalism and ability to deliver projects on time, with over 80% highlighting positive outcomes such as increased lead volumes and enhanced online presence."
thunder::tech,https://clutch.co/profile/thundertech,4.7,16,https://www.thundertech.com/,"$10,000+",$100 - $149 / hr,50 - 249,"Cleveland, OH","10% Advertising, 10% Branding, 10% Graphic Design, 10% Marketing Strategy, 10% Pay Per Click"
Stellar SEO,https://clutch.co/profile/stellar-seo,5.0,18,https://stellarseo.com,"$10,000+",$100 - $149 / hr,10 - 49,,"100% Search Engine Optimization, Stellar SEO is a professional SEO agency specializing in backlink building, technical audits, and content strategy. Across multiple reviews, clients consistently praise their transparent communication, timely delivery, and ability to simplify complex SEO concepts. Approximately 90% of reviews highlight Stellar SEO's effectiveness in increasing organic traffic and improving search engine rankings, with 60% noting their strategic long-term focus."
Adverio - Growth Optimizers,https://clutch.co/profile/adverio-growth-optimizers,4.9,9,https://www.adverio.io/,"$5,000+",$100 - $149 / hr,10 - 49,"Oakland, CA","30% Advertising, 30% Pay Per Click, 30% Search Engine Optimization, 10% Ecommerce Marketing, Adverio - Growth Optimizers is a specialized Amazon marketing agency that offers comprehensive services, including listing optimization, advertising, and content creation. The reviews indicate a high level of client satisfaction, with approximately 100% of feedback being positive. Clients frequently praised their project management skills, attention to detail, and effective communication, which contributed to notable outcomes like increased sales and improved ad efficiency."
Rock Salt Marketing Cooperative,https://clutch.co/profile/rock-salt-marketing-cooperative,5.0,11,https://rocksaltmarketing.com/,"$1,000+",$150 - $199 / hr,10 - 49,,"30% Pay Per Click, 30% Search Engine Optimization, 30% Web Design, 5% Graphic Design, 5% Logo"
Leadium,https://clutch.co/profile/leadium,5.0,76,https://www.leadium.com/,"$1,000+",< $25 / hr,50 - 249,,"75% Sales Outsourcing, 10% Call Center Services, 10% Content Marketing, 5% Email Marketing, Leadium is a lead generation company that specializes in creating consistent and qualified business meetings through targeted outreach strategies. Reviewers consistently praised their adaptability, data-driven approach, and the quality of their U.S.-based callers. Approximately 90% of reviews highlight Leadium’s professional communication and ability to adjust strategies effectively, leading to improved business engagement and pipeline consistency."
Fannit,https://clutch.co/profile/fannit-0,4.8,21,https://www.fannit.com/,"$1,000+",$100 - $149 / hr,50 - 249,"Seattle, WA","100% Search Engine Optimization, Fannit is a digital marketing agency specializing in SEO, PPC, content marketing, and website optimization. Reviews indicate that 100% of clients were satisfied, highlighting Fannit's responsiveness, detailed project management, and effectiveness in increasing web traffic and sales. Approximately 90% of reviewers emphasized the company's personalized customer care and strategic expertise. Fannit is noted for its transparency, cost-effectiveness, and ability to deliver meaningful results without excessive oversight."
LevelUp Leads,https://clutch.co/profile/levelup-leads,5.0,56,https://levelupleads.io,"$1,000+",$25 - $49 / hr,50 - 249,"Laguna Beach, CA","80% Sales Outsourcing, 10% Call Center Services, 10% Email Marketing, LevelUp Leads is a lead generation company specializing in outbound sales development and cold calling services. Reviews on Clutch.co highlight their effectiveness in delivering high-quality leads and enhancing sales pipelines, with 100% of reviews noting their strong project management and responsiveness. Clients commend their adaptability and ability to integrate seamlessly with existing teams, with 90% mentioning their flexibility and alignment with company values."
97 Switch,https://clutch.co/profile/97-switch,5.0,33,https://97switch.com/,"$10,000+",$150 - $199 / hr,2 - 9,,"50% Search Engine Optimization, 30% Web Design, 10% Branding, 10% Digital Strategy, 97 Switch is a creative design and digital marketing agency recognized for its expertise in web development, branding, and comprehensive marketing strategies. The company has consistently received positive feedback, with approximately 90% of reviewers highlighting their responsive project management and high-quality deliverables. Clients commend 97 Switch's ability to execute creative concepts effectively and their strong commitment to client satisfaction."
TKX Media,https://clutch.co/profile/tkx-media,5.0,16,https://tkxmedia.com,"$5,000+",$100 - $149 / hr,10 - 49,,"30% Search Engine Optimization, 25% Web Design, 25% Web Development, 20% Pay Per Click, TKX Media is a digital solutions company specializing in web development, SEO, and online marketing. They receive overwhelmingly positive reviews, with 100% of clients praising their communication, professionalism, and tailored solutions. Clients often highlight their responsiveness and ability to align with company values, contributing to successful project outcomes and business growth."
SeoProfy,https://clutch.co/profile/seoprofy,4.9,99,https://seoprofy.com/,"$1,000+",$50 - $99 / hr,50 - 249,"Orlando, FL","70% Search Engine Optimization, 10% Ecommerce Marketing, 10% Market Research, 5% Content Marketing, 5% Content Writing Services"
INSIDEA,https://clutch.co/profile/insidea,5.0,65,https://insidea.com/,"$1,000+",$50 - $99 / hr,50 - 249,,"15% Email Marketing, 15% Pay Per Click, 10% Advertising, 10% CRM Consulting and SI, 10% Ecommerce Marketing"
Granular,https://clutch.co/profile/granular,4.9,13,https://granularmarketing.com/,"$5,000+",,10 - 49,,"60% Pay Per Click, 10% Advertising, 10% Ecommerce Marketing, 10% Media Planning & Buying, 10% Social Media Marketing"
First Pier,https://clutch.co/profile/first-pier,4.9,23,https://www.firstpier.com/get-in-touch/,"$10,000+",$150 - $199 / hr,10 - 49,,"45% E-Commerce Development, 15% Ecommerce Marketing, 10% Conversion Optimization, 10% Email Marketing, 10% Search Engine Optimization"
Ladybugz Interactive Agency,https://clutch.co/profile/ladybugz-interactive-agency,5.0,58,http://www.ladybugz.com/,"$10,000+",$150 - $199 / hr,10 - 49,"Hudson, MA","60% Web Design, 20% Other Digital Marketing, 10% Advertising, 10% Marketing Strategy, Ladybugz Interactive Agency is a comprehensive digital marketing and web development company, offering services such as website design, SEO, content strategy, and branding. They consistently receive high praise for their responsiveness, creativity, and ability to deliver projects on time and within budget. Approximately 90% of reviewers emphasize the agency's strong project management and collaborative approach, with nearly all expressing satisfaction with the final product."
"ITVibes, Inc",https://clutch.co/profile/itvibes,4.9,14,https://www.itvibes.com,"$10,000+",$100 - $149 / hr,10 - 49,"The Woodlands, TX","20% Search Engine Optimization, 20% Web Design, 15% Content Marketing, 15% Web Development, 10% Custom Software Development"
"Secret Sushi, Inc",https://clutch.co/profile/secret-sushi,4.9,20,https://secretsushi.com/,"$5,000+",$150 - $199 / hr,10 - 49,"San Francisco, CA","15% Marketing Strategy, 10% AI Consulting, 10% Account-Based Marketing, 10% Content Marketing, 10% Digital Strategy"
Big Sea,https://clutch.co/profile/big-sea,4.9,23,http://bigsea.co,"$5,000+",$200 - $300 / hr,10 - 49,"St. Petersburg, FL","20% Web Development, 15% Fractional CMO Services, 15% Web Design, 10% Content Marketing, 10% Marketing Strategy"
Canesta,https://clutch.co/profile/canesta,5.0,19,https://www.canesta.com/,"$5,000+",$50 - $99 / hr,2 - 9,"Los Angeles, CA","30% E-Commerce Development, 20% Pay Per Click, 20% Web Design, 10% Fractional CMO Services, 10% Search Engine Optimization"
Red Spot Design,https://clutch.co/profile/red-spot-design,5.0,77,https://www.redspotdesign.com/,"$1,000+",$50 - $99 / hr,2 - 9,"Dallas, TX","65% Web Design, 20% Search Engine Optimization, 5% Pay Per Click, 5% Social Media Marketing, 5% UX/UI Design"
5WPR,https://clutch.co/profile/5wpr,4.9,40,http://www.5wpr.com,"$10,000+",$100 - $149 / hr,250 - 999,"New York, NY","60% Public Relations, 15% Digital Strategy, 15% Social Media Marketing, 10% Event Management, 5WPR is a public relations firm that provides comprehensive PR services across various industries, including health supplements, animal nutrition, medical spas, influencer marketing, and fintech. The company is widely praised for its responsiveness and strategic insight, demonstrating a profound understanding of different market landscapes. Approximately 90% of reviewers commend 5WPR for their proactive communication and ability to adapt to changing needs, while 80% highlight their capability in securing high-quality media placements."
Impactable,https://clutch.co/profile/impactable,4.4,34,https://impactable.com,"$1,000+",$200 - $300 / hr,10 - 49,"San Antonio, TX","35% Advertising, 25% Pay Per Click, 15% Sales Outsourcing, 10% Direct Marketing, 10% Marketing Strategy"
HUEMOR,https://clutch.co/profile/huemor,4.8,72,https://huemor.rocks,"$25,000+",$150 - $199 / hr,10 - 49,"Pittsburgh, PA","40% Web Design, 30% Web Development, 10% Branding, 10% Search Engine Optimization, 10% UX/UI Design"
Harvest Growth,https://clutch.co/profile/harvest-growth,5.0,29,https://www.harvestgrowth.com/cl-digital/,"$5,000+",,2 - 9,"Centennial, CO","50% Social Media Marketing, 50% Video Production, Harvest Growth is a strategic marketing agency specializing in brand expansion, direct response advertising, and digital marketing services. The company consistently receives positive feedback for its responsiveness, project management, and ability to deliver tailored, actionable marketing strategies. Approximately 90% of reviewers highlight their excellent communication and expertise in enhancing brand visibility and sales."
Llama Lead Gen,https://clutch.co/profile/llama-lead-gen,4.9,33,https://www.llamaleadgen.com/,"$25,000+",$150 - $199 / hr,2 - 9,"Brooklyn, NY","15% Demand Generation Marketing, 15% Marketing Strategy, 15% Search Engine Optimization, 15% Social Media Marketing, 10% Account-Based Marketing"
Plaudit Design,https://clutch.co/profile/plaudit-design,5.0,10,https://www.plaudit.com/,"$25,000+",$150 - $199 / hr,10 - 49,,"25% Web Design, 25% Web Development, 20% Digital Strategy, 15% Pay Per Click, 15% Search Engine Optimization"
Tendo Communications,https://clutch.co/profile/tendo-communications,4.9,6,https://tendocom.com/,"$50,000+",$200 - $300 / hr,10 - 49,"San Francisco, CA","30% Content Marketing, 30% Marketing Strategy, 20% UX/UI Design, 10% Web Design, 5% Search Engine Optimization"
PositiveBrand,https://clutch.co/profile/positivebrand,5.0,4,https://www.positivebrand.com/,"$5,000+",$100 - $149 / hr,2 - 9,"Brooklyn, NY","25% Marketing Strategy, 20% Branding, 20% Digital Strategy, 15% Content Marketing, 10% Advertising"
Propellic,https://clutch.co/profile/propellic,5.0,21,https://propellic.com/,"$5,000+",,10 - 49,"Austin, TX","35% Search Engine Optimization, 15% Advertising, 15% Pay Per Click, 10% Content Marketing, 10% Media Planning & Buying"
Dignitas Digital,https://clutch.co/profile/dignitas-digital,4.9,19,http://www.dignitas.digital/,"$10,000+",$25 - $49 / hr,10 - 49,"Philadelphia, PA","35% Custom Software Development, 25% Search Engine Optimization, 20% Mobile App Development, 10% Pay Per Click, 10% Web Development"
WiserBrand,https://clutch.co/profile/wiserbrand,4.9,16,https://wiserbrand.com/,"$10,000+",$100 - $149 / hr,50 - 249,"New York, NY","35% AI Agents, 20% AI Development, 10% AI Consulting, 10% Custom Software Development, 10% Pay Per Click"
ARSNL Media,https://clutch.co/profile/arsnl-media,5.0,13,https://arsnlmedia.com,"$10,000+",$100 - $149 / hr,10 - 49,"Miami Lakes, FL","30% Advertising, 30% Media Planning & Buying, 20% Pay Per Click, 20% Social Media Marketing, ARSNL Media is a versatile digital marketing agency specializing in paid media strategies, social media management, SEO, and brand development. The company receives overwhelmingly positive feedback, with clients praising its strategic creativity, responsiveness, and professionalism. Notably, 100% of reviewers commend ARSNL's project management skills and ability to deliver on time, highlighting their exceptional communication and client-focused approach."
Solid Digital,https://clutch.co/profile/solid-digital,4.9,41,https://www.soliddigital.com/top-web-design-agency-clutch,"$75,000+",$150 - $199 / hr,10 - 49,"Chicago, IL","65% Web Design, 10% Pay Per Click, 10% Search Engine Optimization, 10% Web Development, 5% Digital Strategy"
Macedo Marketing,https://clutch.co/profile/macedo-marketing,5.0,11,http://www.macedomarketing.com/,"$1,000+",$50 - $99 / hr,10 - 49,,"50% Social Media Marketing, 30% Pay Per Click, 10% Digital Strategy, 10% Video Production, Macedo Marketing is a digital advertising agency specializing in driving growth through Meta and Google ad campaigns. They are lauded for their strategic and data-driven approach, which consistently yields improved return on ad spend (ROAS) and cost per lead reductions. Reviews indicate a 100% satisfaction rate, highlighting their expertise in ad management, creative development, and client communication, with frequent praise for their ability to integrate seamlessly as part of their clients' teams."
Jamn Marketing,https://clutch.co/profile/jamn-marketing,5.0,7,https://www.jamnmarketing.com,"$1,000+",$150 - $199 / hr,2 - 9,"Atlanta, GA","20% Pay Per Click, 15% Ecommerce Marketing, 15% Social Media Marketing, 10% Branding, 10% E-Commerce Development"
Inspaceweb,https://clutch.co/profile/inspaceweb,5.0,7,https://inspaceweb.com/,"$1,000+",$100 - $149 / hr,10 - 49,"Dallas, TX","20% Pay Per Click, 20% Search Engine Optimization, 20% Social Media Marketing, 10% Ecommerce Marketing, 5% Advertising"
Society22 PR,https://clutch.co/profile/society22-pr,5.0,26,https://society22pr.com,"$5,000+",$150 - $199 / hr,10 - 49,"Los Angeles, CA","60% Public Relations, 20% Content Marketing, 10% Event Management, 10% Marketing Strategy, Society22 PR is a public relations agency specializing in comprehensive media relations, brand strategy, and digital engagement. Across reviews, clients report high satisfaction with their proactive approach, responsive project management, and significant media coverage. Notably, 100% of reviews mention strong communication and successful execution of PR strategies, with several highlighting measurable increases in brand visibility and industry recognition."
Ars X Machina (formerly Media Matters Worldwide),https://clutch.co/profile/ars-x-machina-formerly-media-matters-worldwide,4.9,16,https://weareaxm.com/,,,50 - 249,"San Francisco, CA","60% Media Planning & Buying, 10% Advertising, 10% Digital Strategy, 10% Other Digital Marketing, 10% Social Media Marketing"
Helium SEO,https://clutch.co/profile/helium-seo,5.0,13,https://helium-seo.com,"$1,000+",,50 - 249,"Cincinnati, OH","50% Search Engine Optimization, 20% Conversion Optimization, 20% Pay Per Click, 10% Web Design, Helium SEO is a comprehensive SEO agency that offers a range of services including SEO optimization, Google Ads management, and content creation. The company consistently receives high ratings for its strong project management, detailed communication, and ability to adapt strategies to meet changing digital landscapes. Approximately 90% of reviewers express satisfaction with their results, emphasizing increased web traffic, improved search rankings, and enhanced lead generation. Helium SEO is commended for building trust and acting as a strategic partner rather than just a service provider."
Blennd,https://clutch.co/profile/blennd,4.8,6,https://blennd.com/,"$1,000+",$100 - $149 / hr,10 - 49,"Denver, CO","30% Web Design, 30% Web Development, 15% Pay Per Click, 15% Search Engine Optimization, 10% Digital Strategy"
August Ash,https://clutch.co/profile/august-ash,4.8,23,https://augustash.com/,"$10,000+",$150 - $199 / hr,10 - 49,,"30% Web Development, 10% Digital Strategy, 10% E-Commerce Development, 10% Ecommerce Marketing, 10% Pay Per Click"
Iron Roots,https://clutch.co/profile/iron-roots,5.0,5,https://ironrootsinc.com/,"$10,000+",$200 - $300 / hr,10 - 49,"Austin, TX","80% Social Media Marketing, 15% Digital Strategy, 5% Advertising, Iron Roots is a digital marketing agency specializing in performance marketing, social media strategy, and content creation. Overall, their clients report high satisfaction, with a striking 100% positive feedback for their responsiveness, strategic insight, and creative execution. Approximately 80% of reviews highlight their ability to align with company values and culture, enhancing client relationships and project outcomes., 100% of employees work in Austin office"
Zipline B2B Marketing,https://clutch.co/profile/zipline-b2b-marketing,4.7,3,https://ziplineb2b.com/,"$5,000+",$150 - $199 / hr,10 - 49,"Spokane, WA","10% Branding, 10% Content Marketing, 10% Digital Strategy, 10% Email Marketing, 10% Pay Per Click"
Channel V Media,https://clutch.co/profile/channel-v-media,5.0,9,https://channelvmedia.com,"$10,000+",$150 - $199 / hr,10 - 49,"New York, NY","60% Public Relations, 20% Content Marketing, 20% Web Design, Channel V Media is a comprehensive public relations and corporate communications agency, offering services such as brand positioning, media relations, and communications strategy. Across multiple reviews, clients express high satisfaction with their strategic approach, creativity, and execution, noting a significant increase in media coverage and brand awareness. Approximately 100% of reviewers highlight their structured project management and the ability to consistently secure media coverage, emphasizing their role as a strategic partner rather than just a service provider., Channel V Media demonstrates unique expertise in navigating complex industries, as evidenced by their ability to quickly grasp the intricacies of the client's sector and craft resonant messages. Clients noted their strategic approach and creativity, which significantly enhanced brand awareness and media coverage. One client highlighted a 400% increase in media coverage and noted the team's clinical precision in executing PR strategies. Overall, the sentiment reflects strong appreciation for their intentionality and effectiveness in delivering tailored communications."
Contrast & Co.,https://clutch.co/profile/contrast-co,4.9,40,http://www.contrastandco.com/,"$10,000+",$150 - $199 / hr,10 - 49,,"70% Branding, 20% UX/UI Design, 10% Content Marketing, Contrast & Co. is a branding and creative agency specializing in verbal and visual identity development, brand strategy, and campaign design. The company receives overwhelmingly positive feedback, with 100% of clients praising their creativity, strategic alignment, and project management. Many commend their ability to transform complex ideas into compelling assets and highlight their cultural fit and responsiveness as key strengths."
Tekglide,https://clutch.co/profile/tekglide,4.8,36,https://tekglide.com/,"$10,000+",$25 - $49 / hr,50 - 249,"Darien, IL","20% E-Commerce Development, 20% Web Development, 10% Custom Software Development, 10% Digital Strategy, 10% IT Staff Augmentation"
SalesRoads,https://clutch.co/profile/salesroads,4.9,66,https://salesroads.com/,"$5,000+",,50 - 249,"Boca Raton, FL","80% Sales Outsourcing, 10% Call Center Services, 10% Email Marketing, SalesRoads is a sales development company specializing in lead generation and appointment setting services. Feedback from their clients is overwhelmingly positive, with over 80% of reviews highlighting their responsiveness and project management capabilities. Many clients (around 70%) commend their ability to adapt and incorporate feedback, showcasing their commitment to client success. Overall, SalesRoads is recognized for their effective communication, strategic approach, and ability to exceed client expectations in sales engagement metrics., In the past six months, SalesRoads has received positive feedback for their effective outreach strategies and strong contact rates, achieving 150%-200% of initial targets. Clients appreciate their attentiveness and responsiveness, with regular communication enhancing collaboration. One client highlighted their ability to incorporate real-time feedback into strategy discussions, further demonstrating their adaptability. Overall, the sentiment is overwhelmingly positive, with no significant areas for improvement noted."
Starfish,https://clutch.co/profile/starfish,4.9,49,https://www.starfishco.com,"$25,000+",$200 - $300 / hr,10 - 49,"New York, NY","40% Branding, 20% Advertising, 15% Marketing Strategy, 15% Web Design, 10% Content Marketing"
Firestarter SEO,https://clutch.co/profile/firestarter-seo,4.9,18,https://firestarterseo.com,"$1,000+",$150 - $199 / hr,2 - 9,"Denver, CO","100% Search Engine Optimization, Firestarter SEO is an SEO agency specializing in enhancing online visibility, managing SEO strategies, web development, and digital marketing. Their clients consistently praise their responsiveness, expertise, and ability to deliver measurable results, such as increased traffic and conversion rates. Across the reviews, 100% of clients note their effective project management and personalized service, with several emphasizing a significant boost in search rankings and lead generation."
Lion's Share Digital,https://clutch.co/profile/lions-share-digital,4.9,29,https://lionssharedigital.com/quote/,"$10,000+",$100 - $149 / hr,2 - 9,"Austin, TX","30% Web Design, 15% Graphic Design, 10% Branding, 10% Pay Per Click, 10% Search Engine Optimization"
Premier Marketing,https://clutch.co/profile/premier-marketing,4.9,4,https://www.premiermarketingus.com/,"$5,000+",$100 - $149 / hr,10 - 49,"Charlotte, NC","20% Advertising, 20% Social Media Marketing, 20% Web Design, 10% Branding, 10% Pay Per Click"
FFFACE.ME,https://clutch.co/profile/fffaceme,5.0,33,https://ffface.me/,"$5,000+",$100 - $149 / hr,10 - 49,"Los Angeles, CA","30% AR/VR Development, 15% Generative AI, 10% Advertising, 10% Other Design, 10% Social Media Marketing"
Bizango,https://clutch.co/profile/bizango,5.0,9,https://bizango.com/,"$5,000+",$100 - $149 / hr,2 - 9,"Seattle, WA","35% Web Design, 15% Search Engine Optimization, 10% Branding, 10% E-Commerce Development, 10% Ecommerce Marketing"
Isadora Agency,https://clutch.co/profile/isadora-agency,4.8,18,https://isadoradigitalagency.com,"$75,000+",$150 - $199 / hr,10 - 49,"Manhattan Beach, CA","25% Pay Per Click, 25% Web Development, 20% Product Design, 20% Web Design, 10% UX/UI Design"
AgencyPPC,https://clutch.co/profile/agencyppc,5.0,15,https://agencyppc.com/,"$1,000+",$150 - $199 / hr,2 - 9,"Northbrook, IL","85% Pay Per Click, 5% Search Engine Optimization, 5% Social Media Marketing, 5% Web Design, AgencyPPC is a digital marketing agency specializing in Pay-Per-Click (PPC) advertising, Google Ads, and social media advertising. The overall feedback from their clients is overwhelmingly positive, with nearly 100% praising their expertise, professionalism, and ability to deliver measurable outcomes such as increased leads and reduced customer acquisition costs. A recurring theme in 90% of the reviews is their exceptional communication and project management skills, with clients noting their responsiveness and strategic partnership approach."
Signa Marketing,https://clutch.co/profile/signa-marketing,5.0,13,https://www.signamarketing.com/clutch,"$5,000+",$150 - $199 / hr,10 - 49,,"40% Conversion Optimization, 20% Pay Per Click, 20% Search Engine Optimization, 10% Ecommerce Marketing, 10% Web Development"
Yael Consulting,https://clutch.co/profile/yael-consulting,5.0,7,https://www.yaelconsulting.com/,"$5,000+",,10 - 49,"Los Angeles, CA","100% Pay Per Click, Yael Consulting is a digital marketing agency specializing in optimizing paid advertising and improving online presence. They have received overwhelmingly positive feedback, with clients noting their responsive project management and ability to deliver results on time. Approximately 100% of reviewers commend their customer service and strategic alignment with company goals."
Lform Design,https://clutch.co/profile/lform-design,4.8,33,https://lform.com,"$25,000+",$150 - $199 / hr,2 - 9,,"35% Web Design, 35% Web Development, 20% Search Engine Optimization, 10% UX/UI Design, Lform Design is a web design and development company that excels in creating tailored digital solutions, particularly for B2B sectors. Their services include comprehensive website design, SEO optimization, and branding integration. They consistently receive commendations for their project management, responsiveness, and personalized client engagement, with nearly 100% of reviewers highlighting their professionalism, adaptability, and attention to detail. Positive feedback underscores their ability to enhance website functionality and deliver projects on time and within budget."
Communications Strategy Group (CSG®),https://clutch.co/profile/communications-strategy-group-csg-0,4.9,24,https://wearecsg.com/,"$5,000+",$200 - $300 / hr,10 - 49,"Denver, CO","35% Digital Strategy, 30% Public Relations, 15% Content Marketing, 10% Advertising, 10% Marketing Strategy"
Stolber Digital Marketing Agency,https://clutch.co/profile/stolber-digital-marketing-agency,4.9,4,https://stolber.com/,"$5,000+",$150 - $199 / hr,2 - 9,,"75% Search Engine Optimization, 25% Pay Per Click, Stolber Digital Marketing Agency is a comprehensive digital marketing firm specializing in SEO, website development, and online advertising strategies. Across various reviews, clients commend the agency’s impactful SEO improvements, timely project delivery, and exceptional communication, with no significant areas for improvement noted. Approximately 100% of reviewers highlight Stolber's expertise and seamless project management, attributing the agency’s value to its cost-effectiveness and adherence to deadlines., Clients consistently highlight Stolber Digital Marketing Agency's cost-effectiveness and high value for money. One client noted their fair pricing, stating, ""I found his pricing to be fair,"" while another emphasized that Stolber provides agency-level quality at freelance rates, saving them significant costs. Additionally, a client praised the agency for exceeding expectations for the price, noting, ""Their competition charges 30–50% more."" Overall, the sentiment is overwhelmingly positive, with clients appreciating both the quality of work and the transparency in pricing."
Atlas Marketing,https://clutch.co/profile/atlas-marketing,4.9,22,https://atlasstories.com/,"$5,000+",$200 - $300 / hr,2 - 9,"Sewickley, PA","25% Marketing Strategy, 25% Public Relations, 20% Digital Strategy, 20% Social Media Marketing, 10% Web Design"
Dossier Media,https://clutch.co/profile/dossier-media,5.0,5,https://www.dossier-media.com,"$1,000+",$100 - $149 / hr,2 - 9,"Dallas, TX","25% Pay Per Click, 20% Media Planning & Buying, 15% Advertising, 15% Marketing Strategy, 15% Social Media Marketing"
Zellus,https://clutch.co/profile/zellus,4.9,5,https://www.zellusmarketing.com,"$5,000+",$100 - $149 / hr,2 - 9,,"30% Search Engine Optimization, 20% Advertising, 20% Social Media Marketing, 10% Graphic Design, 10% Marketing Strategy"
Velocity,https://clutch.co/profile/velocity-0,4.9,18,https://velocityppc.com/,"$1,000+",$50 - $99 / hr,2 - 9,"Albany, NY","70% Pay Per Click, 10% Conversion Optimization, 10% Marketing Strategy, 10% Web Design, Velocity is a company specializing in Pay-Per-Click (PPC) management and digital advertising campaigns. The overall feedback from their clients is predominantly positive, with approximately 90% of reviewers highlighting their creativity, attention to detail, and communication skills. Clients frequently commend their effective project management and results-driven approach, with 70% noting significant improvements in traffic, leads, and ROI."
Verve Marketing Group,https://clutch.co/profile/verve-marketing-group,4.9,20,https://vervemarketinggroup.com,"$5,000+",$100 - $149 / hr,10 - 49,"Oak Brook, IL","50% Web Design, 25% Branding, 15% Search Engine Optimization, 10% Content Marketing, Verve Marketing Group is a comprehensive digital marketing agency specializing in website design, development, and branding. The company consistently receives high praise for its responsiveness, reliability, and ability to align with clients' values. With over 90% positive feedback, clients frequently commend their project management skills and capacity to exceed expectations. Approximately 70% of reviewers highlight Verve Marketing Group's ability to deliver user-friendly and aesthetically pleasing websites."
BLKDG,https://clutch.co/profile/blkdg,4.9,28,http://blkdg.com/,"$1,000+",$100 - $149 / hr,10 - 49,"Denver, CO","40% E-Commerce Development, 25% Web Design, 20% Email Marketing, 15% Search Engine Optimization, BLKDG is a web development company specializing in website design, SEO, and digital advertising. The company is praised for its responsiveness, project management, and alignment with client values. Approximately 95% of reviews express satisfaction with their communication and ability to meet deadlines, while 80% highlight their collaborative team culture and attention to client needs."
Mountaintop Web Design,https://clutch.co/profile/mountaintop-web-design,4.6,11,https://mountaintopwebdesign.com,"$5,000+",$100 - $149 / hr,10 - 49,"Greenwood Village, CO","20% Search Engine Optimization, 20% Web Design, 10% Advertising, 10% Conversion Optimization, 10% Digital Strategy"
Versa Marketing,https://clutch.co/profile/versa-marketing,4.9,8,https://versamarketinginc.com/,"$5,000+",,10 - 49,"Denver, CO","100% Affiliate Marketing, Versa Marketing is a specialized affiliate marketing agency that excels in managing and optimizing affiliate programs, contributing to significant sales growth and brand visibility. Their reviews highlight a strong performance in communication, timely project management, and deep industry expertise. Impressively, 100% of the clients express satisfaction with their results and professionalism, with no major areas for improvement suggested., In the past six months, client feedback for Versa Marketing has been overwhelmingly positive. One CEO noted a 32% increase in sales due to their comprehensive management of an affiliate program, highlighting their strong communication skills and industry expertise. Clients appreciate the team's timely updates and proactive approach, with one stating, 'We’ve gained so much from an expertise aspect that we had no idea about.' Overall, clients express high satisfaction with the results and ongoing collaboration."
9Sail,https://clutch.co/profile/9sail,5.0,13,https://9sail.com/,"$50,000+",$200 - $300 / hr,10 - 49,"New York, NY","65% Search Engine Optimization, 25% Pay Per Click, 10% Public Relations, 9Sail is an SEO agency providing strategic digital marketing solutions, specializing in SEO, content creation, PPC, and digital strategy. The company receives overwhelmingly positive feedback, with 100% of reviewers praising their professionalism, timely delivery, and effective communication. Notably, 89% of reviewers commend 9Sail for their deep industry knowledge and client-focused approach, further enhancing their reputation as reliable and dedicated partners."
Ajroni,https://clutch.co/profile/ajroni,5.0,10,https://ajroni.com,"$1,000+",$100 - $149 / hr,10 - 49,"West Palm Beach, FL","20% Web Design, 20% Web Development, 10% Custom Software Development, 10% E-Commerce Development, 10% Mobile App Development"
Anderson Collaborative™,https://clutch.co/profile/anderson-collaborative,4.9,27,http://andersoncollaborative.com,"$5,000+",$150 - $199 / hr,50 - 249,"Miami, FL","10% Advertising, 10% E-Commerce Development, 10% Market Research, 10% Marketing Strategy, 10% Media Planning & Buying"
GoingClear®,https://clutch.co/profile/goingclear,4.9,21,https://goingclear.com/,"$10,000+",$100 - $149 / hr,10 - 49,"Boston, MA","35% Web Design, 35% Web Development, 15% Search Engine Optimization, 10% UX/UI Design, 5% Graphic Design"
Dragon Army,https://clutch.co/profile/dragon-army,4.9,16,https://dragonarmy.com/our-work,"$25,000+",$150 - $199 / hr,10 - 49,"Atlanta, GA","20% Web Design, 20% Web Development, 15% Digital Strategy, 15% Social Media Marketing, 15% UX/UI Design"
BankBound,https://clutch.co/profile/bankbound,5.0,6,https://www.bankbound.com/,,,10 - 49,"Newtown, PA","20% Content Marketing, 20% Email Marketing, 20% Pay Per Click, 20% Search Engine Optimization, 10% Social Media Marketing"
Olivine Marketing,https://clutch.co/profile/olivine-marketing,4.9,9,https://www.olivinemarketing.com/,"$10,000+",$150 - $199 / hr,10 - 49,"San Francisco, CA","40% Product Marketing, 10% Branding, 10% Content Marketing, 10% Graphic Design, 10% Logo"
Pill Creative Studio,https://clutch.co/profile/pill-creative-studio,4.8,26,https://pillcreative.com/,"$10,000+",$150 - $199 / hr,2 - 9,"West Hollywood, CA","25% Branding, 25% Search Engine Optimization, 25% Web Design, 25% Web Development, Pill Creative Studio is a versatile design and branding agency that specializes in creating comprehensive brand identities, web design, and marketing collateral. Across multiple reviews, clients have consistently praised their ability to deliver high-quality, cohesive designs with a 100% project milestone completion rate. Their proactive responsiveness, efficient project management, and ability to align with client visions have also been highlighted, making them a preferred partner for businesses seeking a professional yet creative approach to their branding and digital presence."
Ice Nine Online,https://clutch.co/profile/ice-nine-online,4.9,15,https://icenineonline.com/,"$10,000+",$100 - $149 / hr,2 - 9,"Chicago, IL","30% Web Development, 20% Search Engine Optimization, 20% Web Design, 10% Conversion Optimization, 10% Digital Strategy"
Idea Peddler,https://clutch.co/profile/idea-peddler,4.8,9,http://ideapeddler.com/,"$25,000+",$150 - $199 / hr,10 - 49,"Austin, TX","50% Advertising, 20% Media Planning & Buying, 20% Other Digital Marketing, 10% Video Production, Idea Peddler is a full-service marketing agency specializing in crafting dynamic advertising campaigns, social media strategies, and digital marketing solutions. Across various reviews, clients consistently commend Idea Peddler for their strategic approach, creativity, and personalized service. Approximately 100% of reviewers noted the company's ability to deliver impressive, impactful campaigns, often exceeding expectations in terms of project management, creative execution, and aligning with client values."
Red Banyan,https://clutch.co/profile/red-banyan,5.0,27,https://redbanyan.com/,"$10,000+",,10 - 49,"Fort Lauderdale, FL","70% Public Relations, 10% Litigation Support Services, 10% Marketing Strategy, 10% Social Media Marketing, Red Banyan is a renowned public relations agency known for its expertise in media relations, strategic planning, and reputation management. Reviews indicate overwhelmingly positive feedback, emphasizing their professionalism, attentiveness, and strategic execution, with 100% of clients expressing satisfaction and no significant areas for improvement mentioned. The firm's ability to deliver tailored solutions and exceed expectations sets it apart in the competitive PR industry."
Awesome Dynamic,https://clutch.co/profile/awesome-dynamic,4.9,12,https://www.awesomedynamic.com/ecommerce-consultants-clutch,"$1,000+",$100 - $149 / hr,10 - 49,"Chicago, IL","45% Pay Per Click, 25% Ecommerce Marketing, 20% Conversion Optimization, 10% Graphic Design, Awesome Dynamic is an agency specializing in Amazon account management, including optimizing product listings, handling SEO, and managing PPC advertising. Based on client reviews, 100% of the feedback highlights their excellent communication and timely project management. Clients frequently praise Awesome Dynamic for delivering impressive sales growth and effective strategy, with no areas for improvement noted by reviewers."
Always Open Commerce,https://clutch.co/profile/always-open-commerce,4.9,14,https://alwaysopencommerce.com,"$1,000+",$50 - $99 / hr,10 - 49,"Orlando, FL","20% Conversion Optimization, 20% Digital Strategy, 20% E-Commerce Development, 20% Search Engine Optimization, 20% UX/UI Design"
Temper And Forge,https://clutch.co/profile/temper-forge,5.0,52,https://temperandforge.com,"$10,000+",$100 - $149 / hr,10 - 49,"Boston, MA","35% Web Development, 25% Web Design, 10% Branding, 10% Print Design, 10% Search Engine Optimization"
Rock The Rankings,https://clutch.co/profile/rock-rankings,5.0,14,https://www.rocktherankings.com/,"$5,000+",,10 - 49,"Charlotte, NC","100% Search Engine Optimization, Rock The Rankings is a specialized SEO agency that excels in enhancing organic visibility and search engine rankings through effective strategies such as link-building and content marketing. With a 100% positive feedback rate, reviewers consistently commend their exceptional project management and communication skills, proactive collaboration, and ability to provide valuable insights beyond the scope of their work. Many clients, such as those in fintech and SaaS industries, appreciate their strategic expertise in improving keyword rankings and driving targeted search traffic."
Wonsupona,https://clutch.co/profile/wonsupona,5.0,31,https://wonsupona.com/clutch-home/,"$10,000+",$150 - $199 / hr,2 - 9,"Denver, CO","70% Branding, 10% Advertising, 10% Content Marketing, 10% Logo, Wonsupona is a branding agency specializing in brand narrative development, brand positioning, and strategic messaging. Reviews on Clutch.co highlight the agency's impressive ability to transform complex ideas into cohesive and impactful brand stories. Clients commend Wonsupona for their professionalism, creativity, and responsiveness. Approximately 100% of reviewers express satisfaction with the agency's work, emphasizing the empathetic and collaborative approach of Molly, the head of Wonsupona."
SocialLynx,https://clutch.co/profile/sociallynx,4.8,6,https://thesociallynx.com/,"$1,000+",$150 - $199 / hr,10 - 49,"Denver, CO","70% Affiliate Marketing, 30% Pay Per Click, SocialLynx is a marketing agency specializing in affiliate marketing, SEO, and digital advertising. The company has received overwhelmingly positive feedback, with approximately 80% of reviewers citing their effective communication and project management. Clients commend SocialLynx for their strategic approach, responsiveness, and ability to deliver measurable growth, though a minority suggest improved data transparency and deal negotiations."
Strive Enterprise,https://clutch.co/profile/strive-enterprise,5.0,12,https://striveenterprise.com,"$1,000+",$150 - $199 / hr,10 - 49,,"15% Web Design, 15% Web Development, 10% E-Commerce Development, 5% AI Agents, 5% AI Consulting"
SEO Growth Partners Digital Marketing,https://clutch.co/profile/seo-growth-partners-digital-marketing,5.0,17,https://portlandseogrowth.com/,"$1,000+",$25 - $49 / hr,10 - 49,,"60% Search Engine Optimization, 10% Advertising, 10% Content Marketing, 10% Pay Per Click, 10% Web Design"
Trajectory Web Design,https://clutch.co/profile/trajectory-web-design,5.0,21,https://www.trajectorywebdesign.com/,"$10,000+",$150 - $199 / hr,2 - 9,"Atlanta, GA","85% Web Design, 15% Search Engine Optimization, Trajectory Web Design is a professional web design and development company known for its expertise in creating tailored websites across diverse industries. The feedback from clients is overwhelmingly positive, highlighting their effective communication, timely project management, and ability to deliver personalized solutions. Approximately 100% of reviewers commend the company's responsiveness and attention to client needs, indicating high satisfaction with their services."
"Wakefly, Inc.",https://clutch.co/profile/wakefly,4.8,24,https://www.wakefly.com,"$25,000+",$150 - $199 / hr,10 - 49,"Westborough, MA","55% Web Development, 20% Custom Software Development, 10% Pay Per Click, 10% UX/UI Design, 5% Conversion Optimization"
NameBrand Marketer,https://clutch.co/profile/namebrand-marketer,5.0,15,https://www.namebrandmarketer.com/,"$5,000+",$100 - $149 / hr,2 - 9,"Los Angeles, CA","15% Branding, 15% Pay Per Click, 15% Search Engine Optimization, 15% Social Media Marketing, 10% Digital Strategy"
57 Clicks Marketing Agency,https://clutch.co/profile/57-clicks-marketing-agency,5.0,14,https://www.57clicks.com/,"$1,000+",$100 - $149 / hr,10 - 49,"Orlando, FL","55% Search Engine Optimization, 45% Pay Per Click, 57 Clicks Marketing Agency is a digital marketing firm specializing in web design, SEO, and Google Ads management. Reviews indicate a high degree of client satisfaction, with over 95% of feedback being positive. Clients consistently highlight the agency's strategic approach, responsiveness, and effective results, such as increased website traffic, improved Google rankings, and enhanced lead generation."
Fu Dog Media,https://clutch.co/profile/fu-dog-media,5.0,17,http://fudogmedia.net,"$5,000+",$100 - $149 / hr,10 - 49,,"20% Pay Per Click, 20% Search Engine Optimization, 20% Web Design, 20% Web Development, 10% Content Marketing"
Deal Digital,https://clutch.co/profile/deal-digital-0,4.9,8,https://dealdigital.com/,"$1,000+",$150 - $199 / hr,2 - 9,"Fort Lauderdale, FL","20% Ecommerce Marketing, 20% Pay Per Click, 20% Search Engine Optimization, 20% Web Design, 10% Social Media Marketing"
Two Trees PPC,https://clutch.co/profile/two-trees-ppc,5.0,6,https://twotreesppc.com/,"$10,000+",$100 - $149 / hr,10 - 49,"Sacramento, CA","40% Pay Per Click, 40% Performance Marketing, 20% Advertising, Two Trees PPC is a digital marketing agency specializing in PPC advertising, SEO, and social media management. The company is praised for its excellent communication, responsiveness, and ability to deliver timely and effective results. Clients appreciate their strategic approach and alignment with company values, with 100% of reviewers highlighting their positive experiences and outcomes."
3 Media Web,https://clutch.co/profile/3-media-web,4.9,44,https://www.3mediaweb.com/contact/,"$25,000+",$150 - $199 / hr,10 - 49,"Marlborough, MA","40% Web Design, 40% Web Development, 10% Digital Strategy, 10% Other Digital Marketing, 3 Media Web is a web development and digital marketing company specializing in website design, development, and SEO optimization. With a consistent track record of excellent project management and a deep understanding of client needs, they boast a 100% positive feedback rate from reviewers. Clients frequently highlight their impressive communication skills, quick turnaround times, and high-quality work. The company's responsiveness and proactive approach to problem-solving are consistently praised, making them a highly recommended partner for web development projects."
Neff,https://clutch.co/profile/neff,4.9,21,https://neffknows.com/,"$25,000+",$150 - $199 / hr,10 - 49,"Philadelphia, PA","13% Advertising, 13% Branding, 13% Public Relations, 13% Social Media Marketing, 12% Media Planning & Buying"
"ParkerWhite, A Healthcare Agency",https://clutch.co/profile/parkerwhite-healthcare-agency,4.9,26,https://www.parkerwhite.com/,"$25,000+",$100 - $149 / hr,2 - 9,"Encinitas, CA","15% Pay Per Click, 10% Branding, 10% Logo, 10% Marketing Strategy, 10% Search Engine Optimization"
Stimulate,https://clutch.co/profile/stimulate,4.9,6,https://www.stimulate.agency,"$5,000+",$100 - $149 / hr,2 - 9,"Tampa, FL","80% Email Marketing, 20% SMS Marketing, Stimulate is a specialized email and SMS marketing agency dedicated to optimizing customer acquisition and retention strategies. The company consistently garners positive feedback, with 100% of reviewers praising their innovative approach, strategic insights, and exceptional project management. Clients report significant improvements in revenue, open rates, and customer engagement, highlighting Stimulate's ability to deliver impressive results and maintain a strong partnership ethos."
GKV,https://clutch.co/profile/gkv,5.0,16,https://gkv.com/clutch/,"$100,000+",$150 - $199 / hr,50 - 249,,"20% Advertising, 20% Marketing Strategy, 15% Branding, 15% Social Media Marketing, 10% Digital Strategy"
Power Couch Media,https://clutch.co/profile/power-couch-media,5.0,11,https://www.powercouchmedia.com,"$1,000+",$100 - $149 / hr,2 - 9,"Orlando, FL","80% Social Media Marketing, 10% Advertising, 10% Pay Per Click, Power Couch Media is a content creation and social media marketing agency known for producing high-quality video and graphic assets. The company receives overwhelmingly positive feedback across various projects, with an emphasis on effective communication and timely delivery. Approximately 100% of reviews highlight their excellent project management and responsiveness, while 80% commend their ability to align with client values and brand identities."
R Public Relations,https://clutch.co/profile/r-public-relations-0,5.0,10,http://www.rprfirm.com/,"$5,000+",$200 - $300 / hr,10 - 49,,"75% Public Relations, 15% Social Media Marketing, 10% Content Marketing, R Public Relations is a public relations agency specializing in media appearances, social media management, and strategic brand development. Across their reviews, they are praised for their excellent project management and responsiveness, with 100% of reviews highlighting their timeliness and communication skills. Clients consistently appreciate their dedication and personalized approach, with no significant areas for improvement mentioned."
Pierpont Communications,https://clutch.co/profile/pierpont-communications,4.8,3,https://www.piercom.com,"$10,000+",,10 - 49,"Houston, TX","55% Public Relations, 15% Marketing Strategy, 10% Digital Strategy, 10% Event Management, 10% Social Media Marketing"
TheBestReputation,https://clutch.co/profile/thebestreputation,5.0,27,https://thebestreputation.com/,"$1,000+",,10 - 49,,"60% Public Relations, 40% Search Engine Optimization, TheBestReputation is a comprehensive public relations and SEO agency that excels in enhancing brand visibility and managing online reputations. Across diverse industries, 100% of clients praised their efficiency, strategic insight, and timely delivery, with 90% highlighting their exceptional media placement capabilities and creativity. Clients appreciated their collaborative approach and ability to deliver measurable results in reputation management and PR campaigns."
Embark,https://clutch.co/profile/embark,5.0,18,https://embarkwork.com,"$5,000+",$150 - $199 / hr,2 - 9,"Corona, CA","40% Web Design, 25% Branding, 25% Web Development, 10% Other Digital Marketing, Embark is a digital agency specializing in website development, branding, and digital marketing solutions. Across 10 detailed client reviews, Embark consistently receives positive feedback, with 90% of reviews highlighting their exceptional communication, responsiveness, and alignment with client values. Clients commend their project management skills, timely delivery, and strong understanding of client needs, making them a trusted partner for projects requiring strategic and creative digital solutions."
Boundify,https://clutch.co/profile/boundify,4.9,6,https://www.boundify.io,"$1,000+",$100 - $149 / hr,2 - 9,,"15% Demand Generation Marketing, 10% Advertising, 10% CRM Consulting and SI, 10% Conversion Optimization, 10% Digital Strategy"
Landslide Creative,https://clutch.co/profile/landslide-creative,4.9,8,https://landslidecreative.com/,"$10,000+",$150 - $199 / hr,2 - 9,,"30% Web Design, 30% Web Development, 10% Digital Strategy, 10% Graphic Design, 10% Search Engine Optimization"
Ten Speed,https://clutch.co/profile/ten-speed,5.0,5,https://www.tenspeed.io/,"$5,000+",$150 - $199 / hr,10 - 49,"Chicago, IL","50% Content Marketing, 30% Search Engine Optimization, 10% Generative AI, 5% Email Marketing, 5% Social Media Marketing"
4CDesignWorks,https://clutch.co/profile/4cdesignworks,4.9,19,https://4cdesignworks.com/clutch-top-rated-digital-marketing-agency/,"$5,000+",$100 - $149 / hr,2 - 9,"Verona, PA","20% Branding, 20% Graphic Design, 20% Web Design, 10% Direct Marketing, 10% Logo"
Designocracy,https://clutch.co/profile/designocracy,5.0,29,https://thedesignocracy.com/web-design-and-development,"$5,000+",$50 - $99 / hr,10 - 49,,"35% Web Design, 20% E-Commerce Development, 20% Web Development, 15% Mobile App Development, 10% Search Engine Optimization"
Sites by Sara,https://clutch.co/profile/sites-sara,4.8,9,https://www.sitesbysara.com,"$1,000+",$100 - $149 / hr,10 - 49,,"20% Web Development, 15% Search Engine Optimization, 15% Web Design, 10% Conversion Optimization, 10% E-Commerce Development"
Synoviq,https://clutch.co/profile/synoviq,5.0,16,https://synoviq.com/,"$1,000+",$50 - $99 / hr,250 - 999,,"10% AI Agents, 10% Ecommerce Marketing, 10% Search Engine Optimization, 10% Social Media Marketing, 10% Web Development"
Gateway Group,https://clutch.co/profile/gateway-group,5.0,6,https://www.gateway-grp.com/,"$10,000+",$150 - $199 / hr,10 - 49,"Newport Beach, CA","40% Public Relations, 20% Social Media Marketing, 15% Branding, 15% Web Design, 10% Marketing Strategy"
Corkboard Concepts,https://clutch.co/profile/corkboard-concepts,5.0,21,https://corkboardconcepts.com/,"$5,000+",$100 - $149 / hr,10 - 49,"Pittsburgh, PA","30% Advertising, 10% Branding, 10% Market Research, 10% Marketing Strategy, 10% Pay Per Click"
Groundwrk,https://clutch.co/profile/groundwrk,5.0,17,https://www.groundwrk.com/clutch-home/,"$25,000+",$150 - $199 / hr,10 - 49,"Denver, CO","45% Web Design, 35% Web Development, 10% Branding, 10% Social Media Marketing, Groundwrk is a distinguished web development and design company known for creating innovative and customized digital platforms. Consistently praised for their project management, 100% of reviewers commend their responsiveness and professionalism, and many highlight their ability to deliver high-quality, user-friendly websites on time. Approximately 85% of the clients express satisfaction with Groundwrk's alignment with their company values and culture."
GAVL,https://clutch.co/profile/gavl,5.0,10,https://www.gavlmarketing.com/,"$5,000+",,10 - 49,"Williamsport, PA","40% Search Engine Optimization, 20% Video Production, 20% Web Design, 10% Advertising, 10% Social Media Marketing"
Zealth Digital Marketing,https://clutch.co/profile/zealth-digital-marketing,5.0,16,https://zealth.net,"$5,000+",$100 - $149 / hr,10 - 49,"Downers Grove, IL","30% Web Design, 30% Web Development, 15% E-Commerce Development, 15% Search Engine Optimization, 10% UX/UI Design"
Correct Digital,https://clutch.co/profile/correct-digital-0,5.0,12,https://correctdigital.com,"$1,000+",$50 - $99 / hr,2 - 9,"Fort Lauderdale, FL","50% Advertising, 20% Search Engine Optimization, 20% Web Design, 10% Social Media Marketing, Correct Digital is a digital marketing agency specializing in web development, SEO, and online advertising. Across the reviews, 90% of clients express satisfaction with their strategic approach, timely delivery, effective communication, and ability to increase clients' online presence and lead generation. While minor improvements are suggested, the overall feedback highlights Correct Digital's ability to meet and often exceed project goals."
B3 Media Solutions Inc.,https://clutch.co/profile/b3-media-solutions,5.0,8,http://www.b3mediasolutions.com,"$5,000+",$200 - $300 / hr,10 - 49,"Los Angeles, CA","40% Market Research, 20% Digital Strategy, 20% Social Media Marketing, 10% Advertising, 10% BI & Big Data Consulting & SI"
RSA Creative Studio,https://clutch.co/profile/rsa-creative-studio,5.0,12,https://www.rsacreativestudio.com/contact,"$1,000+",$50 - $99 / hr,10 - 49,,"30% Web Design, 25% Web Development, 20% Low/No Code Development, 10% Search Engine Optimization, 10% Video Production"
BrandSavor,https://clutch.co/profile/brandsavor,5.0,3,https://brandsavor.co/,"$10,000+",$300+ / hr,2 - 9,"Atlanta, GA","40% Public Relations, 15% Content Marketing, 10% Branding, 10% Marketing Strategy, 10% Social Media Marketing"
Chatter Buzz,https://clutch.co/profile/chatter-buzz,4.8,3,http://www.chatterbuzzmedia.com,"$5,000+",$100 - $149 / hr,10 - 49,"Orlando, FL","25% Digital Strategy, 20% Web Design, 15% Advertising, 15% Pay Per Click, 10% Search Engine Optimization"
9 Digital Media,https://clutch.co/profile/9-digital-media,4.9,6,https://www.9digitalmedia.com,"$1,000+",$100 - $149 / hr,2 - 9,"Lincolnshire, IL","35% Search Engine Optimization, 30% Pay Per Click, 20% Content Marketing, 10% Email Marketing, 5% Digital Strategy"
CR Software Solutions,https://clutch.co/profile/cr-software-solutions,4.9,16,http://crsoftware.tech/,"$5,000+",$100 - $149 / hr,2 - 9,,"40% Custom Software Development, 30% Search Engine Optimization, 30% Web Development, CR Software Solutions is a web development company specializing in creating and redesigning websites with added services like SEO optimization and technical support. The company receives overwhelmingly positive feedback, with 100% of reviews highlighting their professionalism, responsiveness, and ability to deliver projects on time. Particularly notable is their capability to closely align project outcomes with client expectations, as mentioned by more than 80% of reviewers."
(W)right On Communications,https://clutch.co/profile/wright-communications,5.0,6,https://www.wrightoncomm.com/,"$5,000+",$200 - $300 / hr,10 - 49,"San Diego, CA","50% Public Relations, 10% Advertising, 10% Branding, 10% Content Marketing, 10% Graphic Design"
HeartBeep Marketing NH,https://clutch.co/profile/heartbeep-marketing-nh,5.0,21,https://heartbeepmarketingnh.com/,"$1,000+",$150 - $199 / hr,2 - 9,,"25% Advertising, 25% Search Engine Optimization, 25% Web Design, 15% Social Media Marketing, 10% CRM Consulting and SI"
BMO Media,https://clutch.co/profile/bmo-media,5.0,4,https://bmomedia.co/,"$1,000+",,10 - 49,"Irvine, CA","40% Email Marketing, 30% SMS Marketing, 10% CRM Consulting and SI, 10% Digital Strategy, 10% Ecommerce Marketing"
Rathcore Marketing,https://clutch.co/profile/rathcore-marketing,4.9,10,https://rathcoremarketing.com,"$1,000+",$50 - $99 / hr,10 - 49,"Denver, CO","25% Digital Strategy, 25% Pay Per Click, 25% Search Engine Optimization, 25% Web Design, Rathcore Marketing is a digital marketing agency specializing in website design, SEO, and digital ad campaigns. Across their reviews, 100% of clients commend their exceptional communication, timely deliverables, and alignment with company values. Clients emphasize the agency’s successful strategies in enhancing online presence and driving business growth, with no suggested areas for improvement."
Tier One Partners,https://clutch.co/profile/tier-one-partners,5.0,5,https://www.wearetierone.com/,,,10 - 49,"Boston, MA","60% Public Relations, 30% Content Marketing, 10% Web Design, Tier One Partners is a strategic communications and public relations firm recognized for its excellence in brand awareness, thought leadership, and media relations. Across various projects, clients highlight their exceptional project management, strategic expertise, and creative thinking, with over 90% of feedback being positive. Their commitment to acting as an extension of their clients' teams and delivering timely, high-quality results is frequently mentioned, underscoring their reputation as a reliable partner in PR and communications."
EXL Media,https://clutch.co/profile/exl-media,4.9,18,http://Exlmedia.com/,"$25,000+",$150 - $199 / hr,2 - 9,,"50% Media Planning & Buying, 15% Marketing Strategy, 10% Conversion Optimization, 10% Pay Per Click, 10% Social Media Marketing"
Artifact Branding & Marketing,https://clutch.co/profile/artifact-branding-marketing,5.0,11,https://artifactbranding.com/,"$10,000+",$150 - $199 / hr,2 - 9,"Denver, CO","30% Branding, 30% Web Design, 15% Content Marketing, 15% Search Engine Optimization, 10% Logo"
Revity Marketing Agency,https://clutch.co/profile/revity-marketing-agency,5.0,9,https://gorevity.com/,"$1,000+",$100 - $149 / hr,50 - 249,,"25% Media Planning & Buying, 25% Pay Per Click, 15% Search Engine Optimization, 10% Ecommerce Marketing, 10% Email Marketing"
"31,000 FT Advertising",https://clutch.co/profile/31000-ft-advertising,5.0,6,http://www.31000ft.com,"$25,000+",$150 - $199 / hr,10 - 49,"Addison, TX","30% Advertising, 20% Branding, 20% Social Media Marketing, 15% Content Marketing, 15% Marketing Strategy"
Reputation Management Consultants,https://clutch.co/profile/reputation-management-consultants,4.9,14,https://www.reputationmanagementconsultants.com,"$5,000+",$150 - $199 / hr,50 - 249,"Irvine, CA","30% Public Relations, 20% Branding, 20% Digital Strategy, 20% Search Engine Optimization, 10% Advertising"
Doodle Web,https://clutch.co/profile/doodle-web,5.0,5,https://doodleweb.io/clutch/,"$5,000+",$50 - $99 / hr,10 - 49,"Seattle, WA","25% Web Development, 15% Web Design, 10% AI Consulting, 10% Direct Marketing, 10% E-Commerce Development"
Kashmer Interactive,https://clutch.co/profile/kashmer-interactive,5.0,3,https://kashmerinteractive.com,"$1,000+",$100 - $149 / hr,10 - 49,,"30% Search Engine Optimization, 25% Pay Per Click, 15% Generative AI, 10% Content Marketing, 10% Digital Strategy"
Avenue Z,https://clutch.co/profile/avenue-z,4.7,15,https://avenuez.com/,"$10,000+",$150 - $199 / hr,50 - 249,"Miami, FL","10% Affiliate Marketing, 10% Branding, 10% Content Marketing, 10% Digital Strategy, 10% Ecommerce Marketing"
Sweat Pants Agency,https://clutch.co/profile/sweat-pants-agency,5.0,9,https://www.sweatpantsagency.com,"$5,000+",$100 - $149 / hr,10 - 49,,"70% Email Marketing, 15% Ecommerce Marketing, 15% Social Media Marketing, Sweat Pants Agency is a digital marketing firm specializing in paid media management, email marketing, and conversion rate optimization. Across the reviews, the agency is praised for its exceptional project management, strategic thinking, and ability to deliver transformative results. Approximately 100% of reviewers highlight their timely delivery and high-quality communication, and roughly 80% emphasize their strategic partnership approach. Feedback does not indicate any areas for improvement, underscoring their reputation for excellence."
Version2,https://clutch.co/profile/version2-1,5.0,8,https://theversion2.com/,"$1,000+",,10 - 49,,"30% Advertising, 30% Media Planning & Buying, 20% Marketing Strategy, 10% Social Media Marketing, 10% Video Marketing"
VIVIDSITES,https://clutch.co/profile/vividsites,5.0,10,https://www.vividsites.com/,"$5,000+",$150 - $199 / hr,2 - 9,,"20% E-Commerce Development, 20% Web Design, 20% Web Development, 10% Mobile App Development, 10% UX/UI Design"
Higglo Digital,https://clutch.co/profile/higglo-digital,5.0,10,https://www.higglo.io,"$5,000+",$150 - $199 / hr,10 - 49,"Cheswick, PA","60% Search Engine Optimization, 20% Generative AI, 10% Advertising, 10% Web Development, Higglo Digital is an SEO and website development firm renowned for its strategic approach and exceptional client service. Feedback indicates a 100% positive experience, with 67% highlighting seamless communication and attention to detail. Clients consistently note improvements in SEO metrics, website functionality, and organic traffic, affirming Higglo Digital's reputation as a reliable and results-driven partner."
Estes Media,https://clutch.co/profile/estes-media,5.0,13,http://www.estes.media,"$1,000+",$200 - $300 / hr,10 - 49,,"20% Content Marketing, 20% Conversion Optimization, 20% Digital Strategy, 20% Search Engine Optimization, 10% Graphic Design"
Omnycode,https://clutch.co/profile/omnycode,5.0,13,https://www.omnycode.com/,"$10,000+",$100 - $149 / hr,10 - 49,"New York, NY","25% Conversion Optimization, 25% E-Commerce Development, 20% Pay Per Click, 10% Ecommerce Marketing, 10% Email Marketing"
BBR Creative,https://clutch.co/profile/bbr-creative,5.0,4,https://bbrcreative.com/,"$5,000+",$150 - $199 / hr,10 - 49,,"25% Marketing Strategy, 15% Branding, 15% Digital Strategy, 10% Graphic Design, 10% Media Planning & Buying"
Studio Yellow,https://clutch.co/profile/studio-yellow,4.9,6,https://www.studioyellow.xyz/,"$5,000+",$300+ / hr,2 - 9,"San Mateo, CA","20% Branding, 20% Web Design, 10% Digital Strategy, 10% Fractional CMO Services, 10% Logo"
E-commerce Simplified,https://clutch.co/profile/e-commerce-simplified,5.0,6,https://www.e-commercesimplified.com,"$1,000+",$50 - $99 / hr,10 - 49,"Charlotte, NC","40% Pay Per Click, 20% Ecommerce Marketing, 10% Conversion Optimization, 10% Digital Strategy, 10% Search Engine Optimization"
SteadyRain,https://clutch.co/profile/steadyrain,4.8,10,https://www.steadyrain.com/,"$10,000+",$150 - $199 / hr,10 - 49,,"25% Digital Strategy, 15% Custom Software Development, 15% Search Engine Optimization, 15% Web Development, 10% Business Consulting"
Classy Llama,https://clutch.co/profile/classy-llama,4.9,7,https://www.classyllama.com,"$50,000+",$150 - $199 / hr,50 - 249,,"65% E-Commerce Development, 15% AI Development, 10% Content Marketing, 10% Web Design, Classy Llama is a digital commerce solutions company offering services like web development, design, and consultation, with expertise in platforms like Magento and Shopify. They are highly valued for their project management, collaborative approach, and ability to deliver tailored solutions, as indicated by overwhelmingly positive feedback across diverse clients. Approximately 100% of reviewers highlighted their strong communication and alignment with client values."
EZMarketing,https://clutch.co/profile/ezmarketing,5.0,10,https://www.ezmarketing.com/,"$1,000+",$100 - $149 / hr,10 - 49,"Lancaster, PA","20% Marketing Strategy, 20% Pay Per Click, 20% Social Media Marketing, 20% Web Design, 10% Content Marketing"
Syrup,https://clutch.co/profile/syrup,5.0,8,https://syrupmarketing.com/,"$25,000+",$100 - $149 / hr,10 - 49,"Atlanta, GA","60% Demand Generation Marketing, 20% Web Design, 10% Branding, 10% Search Engine Optimization, Syrup is a versatile digital marketing and branding agency specializing in website design, brand identity, SEO, and social media strategy. The company has received overwhelmingly positive feedback from clients across various industries, with 100% of reviews highlighting their professionalism, responsiveness, and collaborative approach. Clients frequently commend Syrup's ability to deliver customized solutions and meet deadlines consistently."
JSL Marketing & Web Design,https://clutch.co/profile/jsl-marketing-web-design,5.0,28,https://jsl.marketing/,"$5,000+",$100 - $149 / hr,10 - 49,"Dallas, TX","50% Web Design, 30% Search Engine Optimization, 10% Branding, 10% Social Media Marketing, JSL Marketing & Web Design is a versatile agency offering web design, development, SEO, and digital marketing services. Overall, 100% of reviews highlight their technical expertise, responsiveness, and ability to exceed expectations. Clients praise their cohesive teamwork and clear communication, though minor timeline communication improvements are noted. The firm is recommended for its professionalism and ability to deliver results efficiently."
Enlightened Pictures Inc.,https://clutch.co/profile/enlightened-pictures,5.0,8,https://enlightenedpictures.com/,"$5,000+",$100 - $149 / hr,2 - 9,"Los Angeles, CA","80% Video Production, 10% Corporate Photography, 10% Social Media Marketing, Enlightened Pictures Inc. is a video production company specializing in creating high-quality, creative, and informative videos for various sectors, including education, government, and corporate clients. Across the reviews, 100% of the feedback is positive, highlighting their exceptional project management, flexibility, and commitment to meeting client needs and objectives. Many reviews (approximately 86%) commend their ability to adapt to changing circumstances and deliver engaging content."
Cascade Web Development,https://clutch.co/profile/cascade-web-development,4.7,10,https://cascadewebdev.com/,"$5,000+",$150 - $199 / hr,2 - 9,,"40% Web Development, 10% CRM Consulting and SI, 10% Digital Strategy, 10% E-Commerce Development, 10% Graphic Design"
Integrity Marketing Services,https://clutch.co/profile/integrity-marketing-services,5.0,5,https://www.integritymarketing.biz/,"$5,000+",$150 - $199 / hr,2 - 9,"Kirkland, WA","40% Web Design, 20% Pay Per Click, 20% Search Engine Optimization, 10% Digital Strategy, 10% Logo"
Reputation Rhino,https://clutch.co/profile/reputation-rhino,4.9,7,http://www.reputationrhino.com/,"$1,000+",,10 - 49,"New York, NY","70% Public Relations, 30% Search Engine Optimization, Reputation Rhino is an SEO agency specializing in enhancing online visibility and brand management. Across multiple reviews, they are praised for effective SEO strategies, strong project management, and excellent communication. Approximately 90% of reviews highlight their professionalism and ability to significantly improve clients' online presence, while about 80% commend their personalized approach and cultural fit."
Web Designer Factory,https://clutch.co/profile/web-designer-factory,5.0,4,https://webdesignerfactory.com/,"$5,000+",$25 - $49 / hr,2 - 9,"Plano, TX","50% Search Engine Optimization, 50% Web Design, Web Designer Factory is a web design and development company proficient in creating and maintaining WordPress websites, offering services such as design, development, backend upgrades, and multi-vendor marketplace setups. The company receives overwhelmingly positive feedback, with approximately 100% of clients praising their timely delivery, responsiveness, and professionalism, reflecting their strong project management skills and expertise."
Weberous,https://clutch.co/profile/weberous,5.0,14,https://www.weberous.com/,"$25,000+",$100 - $149 / hr,2 - 9,"Los Angeles, CA","55% Web Design, 20% E-Commerce Development, 15% Search Engine Optimization, 10% Web Development, Weberous is a web development and design firm known for its expertise in digital redesign, SEO strategy, and custom CRM solutions. The company consistently receives high ratings for delivering timely, high-quality projects tailored to specific client needs. Approximately 90% of reviews highlight Weberous' strong communication skills and personalized approach. Clients frequently commend their ability to integrate artistic design with effective marketing strategies and their responsive project management style."
Envisionit,https://clutch.co/profile/envisionit,4.8,3,http://envisionitagency.com/,"$5,000+",$150 - $199 / hr,50 - 249,"Chicago, IL","10% Branding, 10% Content Marketing, 10% Custom Software Development, 10% Digital Strategy, 10% Marketing Strategy"
Rounded Digital,https://clutch.co/profile/rounded-digital,5.0,3,https://wearerounded.com/,"$10,000+",$100 - $149 / hr,2 - 9,"Sarasota, FL","25% Content Marketing, 25% Pay Per Click, 25% Search Engine Optimization, 25% Web Development, Rounded Digital is a digital agency specializing in website design, SEO strategy, and content creation. Client reviews indicate a 100% satisfaction rate, highlighting their strong project management skills and ability to deliver results such as improved lead generation and SEO rankings. Clients consistently praise their communication and alignment with business values, though some suggest minor process enhancements for even greater efficiency."
Buena Vista Creative,https://clutch.co/profile/buena-vista-creative,5.0,4,https://buenavistacreative.com/,"$1,000+",$100 - $149 / hr,2 - 9,"Miami, FL","20% Branding, 20% Pay Per Click, 20% Social Media Marketing, 20% Web Design, 20% Web Development"
SPINX Digital,https://clutch.co/profile/spinx-digital-1,5.0,8,https://www.spinxdigital.com/,,$150 - $199 / hr,10 - 49,"Los Angeles, CA","40% Web Design, 20% UX/UI Design, 20% Web Development, 10% Digital Strategy, 10% Other Digital Marketing"
Lightdrop,https://clutch.co/profile/lightdrop,5.0,4,https://www.lightdrop.com,"$50,000+",$300+ / hr,10 - 49,"Los Angeles, CA","20% Performance Marketing, 10% Advertising, 10% Branding, 10% Ecommerce Marketing, 10% Email Marketing"
1Brand Design,https://clutch.co/profile/1brand-design,5.0,27,http://1brand.design/,"$5,000+",$100 - $149 / hr,2 - 9,"Chicago, IL","80% Web Design, 10% Graphic Design, 10% Search Engine Optimization, 1Brand Design is a web design and development company known for creating elegant, modern websites and offering SEO services. The company receives overwhelmingly positive feedback, with approximately 100% of reviewers praising their responsiveness, project management, and ability to exceed expectations. Clients appreciate their budget-friendly pricing, high-quality work, and excellent communication, which consistently result in timely project completion."
Bryant Digital,https://clutch.co/profile/bryant-digital,5.0,3,https://bryantdigital.com/,"$5,000+",$150 - $199 / hr,10 - 49,,"25% Web Design, 20% Pay Per Click, 20% Web Development, 15% Search Engine Optimization, 10% Social Media Marketing"
AvreaFoster,https://clutch.co/profile/avreafoster,4.9,9,http://www.avreafoster.com/,"$25,000+",$150 - $199 / hr,10 - 49,"Dallas, TX","30% Branding, 15% Content Marketing, 15% Marketing Strategy, 15% Web Design, 10% Account-Based Marketing"
Jeenam - SaaS link building agency,https://clutch.co/profile/jeenam-saas-link-building-agency,4.9,36,https://jeenaminfotech.com/,"$1,000+",$50 - $99 / hr,10 - 49,"Plano, TX","100% Search Engine Optimization, Jeenam - SaaS link building agency specializes in providing high-quality, niche-relevant backlink services, predominantly for SaaS and B2B companies. Across their reviews, 100% of clients commend their ability to deliver strategic, high-quality backlinks and proactive communication. Most notably, 86% highlight their responsiveness and reliability, appreciating their tailored approach and consistent project management."
Xtreme Websites,https://clutch.co/profile/xtreme-websites,4.9,8,https://xtremewebsites.com,"$5,000+",$100 - $149 / hr,2 - 9,,"40% Web Design, 35% Other Digital Marketing, 25% Digital Strategy, Xtreme Websites is a web development and digital marketing company known for creating professional websites with integrated marketing strategies. They consistently receive high praise for their project management skills, with communication and responsiveness frequently highlighted by 80% of reviewers. Additionally, their ability to transform client ideas into effective digital solutions is noted by 60% of reviewers. Overall, the company boasts approximately 90% positive feedback, with clients appreciating their commitment to achieving specific business goals and their high level of customer service."
HigherUp Digital,https://clutch.co/profile/higherup-digital,5.0,21,https://higherupdigital.com,"$5,000+",$100 - $149 / hr,10 - 49,"New York, NY","10% Branding, 10% CRM Consulting and SI, 10% Content Marketing, 10% Demand Generation Marketing, 10% Fractional CMO Services"
Web Tonic,https://clutch.co/profile/web-tonic,5.0,26,https://www.webtonic.io/,"$10,000+",$150 - $199 / hr,10 - 49,"San Francisco, CA","15% Search Engine Optimization, 15% Social Media Marketing, 10% Ecommerce Marketing, 10% Marketing Strategy, 10% Pay Per Click"
"Ecreative (Ecreativeworks, Inc.)",https://clutch.co/profile/ecreative-ecreativeworks,4.6,7,https://www.ecreativeworks.com/,"$10,000+",$100 - $149 / hr,10 - 49,,"45% Search Engine Optimization, 35% Web Development, 10% Pay Per Click, 10% Web Design, Ecreative (Ecreativeworks, Inc.) is a web development and digital marketing company specializing in SEO, e-commerce solutions, and website design. The reviews highlight their professionalism, industry knowledge, and responsiveness, with approximately 80% of clients praising their project management and timely delivery. However, there are minor mentions of spam issues and requests for more innovative designs. Overall, clients report significant improvements in website traffic and lead quality."
Spartan Digital,https://clutch.co/profile/spartan-digital-1,4.9,7,https://spartandigital.com/,"$5,000+",$150 - $199 / hr,2 - 9,,"45% Web Design, 25% Pay Per Click, 10% Search Engine Optimization, 10% Social Media Marketing, 5% Email Marketing"
Mighty 8th Media,https://clutch.co/profile/mighty-8th-media,4.9,6,http://www.m8th.com/,"$5,000+",$150 - $199 / hr,10 - 49,"Buford, GA","20% Web Design, 15% Branding, 15% Digital Strategy, 15% Print Design, 15% Video Production"
SLIQ BY DESIGN,https://clutch.co/profile/sliq-design,5.0,26,https://sliqbydesign.com/,"$10,000+",$100 - $149 / hr,10 - 49,"San Jose, CA","20% Advertising, 20% Branding, 20% Search Engine Optimization, 20% Web Design, 20% Web Development"
G&G Creative NYC,https://clutch.co/profile/gg-creative-nyc,5.0,14,https://ggcreative.nyc/,"$5,000+",$150 - $199 / hr,2 - 9,"New York, NY","20% Branding, 20% Pay Per Click, 20% Web Design, 20% Web Development, 10% Email Marketing"
Uplancer Agency,https://clutch.co/profile/uplancer-agency,5.0,9,https://uplancer.agency,"$5,000+",$100 - $149 / hr,10 - 49,"Columbus, OH","20% Search Engine Optimization, 15% Web Design, 10% Web Development, 5% Content Marketing, 5% Custom Software Development"
IN Food Marketing & Design,https://clutch.co/profile/food-marketing-design,5.0,4,http://www.infoodmktg.com,"$25,000+",$150 - $199 / hr,10 - 49,,"25% Graphic Design, 15% Advertising, 15% Branding, 15% Marketing Strategy, 10% Media Planning & Buying"
Advantagy,https://clutch.co/profile/advantagy,5.0,13,https://advntgy.com/,"$1,000+",$100 - $149 / hr,2 - 9,"Sacramento, CA","30% Search Engine Optimization, 25% Fractional CMO Services, 25% Pay Per Click, 10% Marketing Strategy, 10% Web Design"
NewReputation,https://clutch.co/profile/newreputation,5.0,15,https://www.newreputation.com/,"$1,000+",$100 - $149 / hr,10 - 49,,"60% Public Relations, 20% Search Engine Optimization, 10% Advertising, 10% Content Marketing, NewReputation is a reputation management and digital marketing company, specializing in enhancing online presence, managing social media, and implementing SEO strategies. Feedback from clients indicates an overwhelmingly positive response, with 90% highlighting their effective communication and strategic expertise. Additionally, 80% of testimonials emphasize their success in significantly boosting online visibility and engagement. A noted area for improvement is the clarity and detail of their reporting."
Zonic Media,https://clutch.co/profile/zonic-media,5.0,21,https://zonicllc.com/,"$1,000+",$25 - $49 / hr,10 - 49,,"30% Search Engine Optimization, 30% Web Design, 20% Pay Per Click, 10% Performance Marketing, 10% Social Media Marketing"
Send It Rising Internet Marketing,https://clutch.co/profile/send-it-rising-internet-marketing,5.0,8,http://senditrising.com/,"$1,000+",$50 - $99 / hr,2 - 9,,"15% Content Marketing, 15% Search Engine Optimization, 15% Social Media Marketing, 15% Web Development, 10% Digital Strategy"
Airfoil Group,https://clutch.co/profile/airfoil-group,5.0,4,https://airfoilgroup.com,"$5,000+",$150 - $199 / hr,10 - 49,,"45% Public Relations, 15% Branding, 15% Content Marketing, 15% Social Media Marketing, 5% Digital Strategy"
Startupr,https://clutch.co/profile/startupr,5.0,10,https://startupr.xyz/,"$1,000+",< $25 / hr,10 - 49,"Huntington Beach, CA","50% Sales Outsourcing, 25% Call Center Services, 25% Email Marketing, Startupr is a performance-driven outbound marketing agency specializing in lead generation and appointment setting. Across multiple reviews, Startupr received consistent praise for their efficient project management and ability to deliver quality leads, with a strong focus on precision targeting and iterative optimization. Approximately 100% of clients reported satisfaction with Startupr's results, highlighting their value-driven approach and cost-effective services."
Salient PR,https://clutch.co/profile/salient-pr,5.0,11,https://salientpr.com/,"$10,000+",$300+ / hr,2 - 9,"Austin, TX","75% Public Relations, 15% Content Marketing, 10% Search Engine Optimization, Salient PR is a public relations firm specializing in securing media coverage, enhancing brand visibility, and establishing thought leadership for B2B technology companies. Client reviews highlight their professionalism, strategic communication skills, and ability to deliver results efficiently. Notably, 100% of the reviews reflect positive outcomes, emphasizing their effective project management, strong media relationships, and commitment to understanding client needs."
Villain Branding,https://clutch.co/profile/villain-branding,5.0,4,https://villainbranding.com/,"$25,000+",$300+ / hr,10 - 49,"Marshfield, MA","60% Branding, 20% Marketing Strategy, 10% Content Marketing, 10% Digital Strategy, Villain Branding is a strategic branding and messaging consultancy renowned for its sophisticated approach to brand positioning, identity, and messaging. The company is highly commended across reviews, with 100% positive feedback highlighting their strategic depth and effective project management. Approximately 80% of reviewers praised their ability to deliver on time and bring clarity to both market positioning and internal alignment processes."
KingFish + Partners,https://clutch.co/profile/kingfish-partners,5.0,12,http://www.kingfishandpartners.com/,"$25,000+",$100 - $149 / hr,10 - 49,"Beverly, MA","30% Content Marketing, 25% Web Design, 15% Branding, 15% UX/UI Design, 10% Search Engine Optimization"
Viral Coach,https://clutch.co/profile/viral-coach,4.8,208,https://www.viralcoach.com/,"$25,000+",,10 - 49,,"60% Social Media Marketing, 20% Advertising, 20% Branding, Viral Coach is a social media marketing agency specializing in content creation, strategic marketing, and social media management. With around 85% positive reviews, clients commend their creativity, strategic approach, and engaging project management. However, 15% of feedback highlights issues with script quality and communication delays. Overall, Viral Coach is recognized for enhancing social media presence and engagement across various industries."
MODIPHY® Web Design & Digital Marketing,https://clutch.co/profile/modiphy-web-design-digital-marketing,5.0,8,https://www.modiphy.com/,"$5,000+",,10 - 49,,"55% Web Design, 15% Search Engine Optimization, 15% Social Media Marketing, 10% Logo, 5% Branding"
Pixel Theory,https://clutch.co/profile/pixel-theory,5.0,5,https://www.thepixeltheory.com/,"$10,000+",,10 - 49,"Fort Lauderdale, FL","50% Performance Marketing, 35% Pay Per Click, 15% Social Media Marketing, Pixel Theory is a digital marketing agency specializing in paid media management, creative asset production, and growth strategy. Across multiple reviews, clients commend their structured, proactive approach and seamless integration with internal teams, noting significant improvements in creative performance and acquisition efficiency. Approximately 100% of reviewers highlight their strategic depth and ability to deliver on time, with no noted areas for improvement."
Barakah Agency,https://clutch.co/profile/barakah-agency,5.0,7,https://www.barakah.agency/,"$5,000+",$150 - $199 / hr,10 - 49,"Torrance, CA","10% Branding, 10% Content Marketing, 10% Conversion Optimization, 10% Marketing Strategy, 10% Pay Per Click"
Magnet Media,https://clutch.co/profile/magnet-media,4.9,4,http://www.magnetmediafilms.com/,"$25,000+",,10 - 49,"New York, NY","50% Video Production, 20% Content Marketing, 15% Marketing Strategy, 15% Social Media Marketing, Magnet Media is a content production company specializing in video and podcast creation, particularly for the financial services and advertising industries. Reviews indicate overwhelmingly positive feedback, with clients praising their project management, industry knowledge, and ability to translate complex concepts into engaging content. Notably, 100% of reviewers highlight Magnet Media's strong alignment with client values and their seamless integration into existing workflows."
Cyfrow solutions,https://clutch.co/profile/cyfrow-solutions,5.0,52,https://cyfrow.org/,"$1,000+",$50 - $99 / hr,50 - 249,"Austin, TX","85% Search Engine Optimization, 15% Web Design, Cyfrow Solutions is an SEO agency known for delivering comprehensive digital solutions, including SEO strategy, UX/UI design, and website development. Their reviews highlight a 100% positive feedback rate, emphasizing their ability to significantly enhance organic traffic, improve user engagement, and create visually appealing, user-friendly platforms. Clients frequently praise their disciplined project management, proactive communication, and ability to translate complex strategies into tangible business results."
Phoenix AZ Ad Agency,https://clutch.co/profile/phoenix-az-ad-agency,4.9,31,https://phoenixazadagency.com/,"$1,000+",$50 - $99 / hr,2 - 9,,"20% Advertising, 20% Branding, 20% Search Engine Optimization, 20% Social Media Marketing, 20% Web Design"
HK Digital,https://clutch.co/profile/hk-digital-0,5.0,6,https://www.hkdigitalmedia.com/,"$5,000+",,2 - 9,"Chicago, IL","20% Performance Marketing, 15% Digital Strategy, 10% Pay Per Click, 10% Search Engine Optimization, 10% Social Media Marketing"
Americaneagle.com,https://clutch.co/profile/americaneaglecom-0,4.7,10,https://www.americaneagle.com,"$5,000+",$150 - $199 / hr,250 - 999,"Des Plaines, IL","20% Web Design, 20% Web Development, 15% Digital Strategy, 15% E-Commerce Development, 15% Search Engine Optimization"
Ecom Luxx,https://clutch.co/profile/ecom-luxx,5.0,14,https://ecomluxx.com/,"$5,000+",$50 - $99 / hr,10 - 49,,"40% Web Development, 20% Email Marketing, 15% Conversion Optimization, 15% Search Engine Optimization, 10% UX/UI Design"
Fortress SEO,https://clutch.co/profile/fortress-seo,5.0,8,https://fortressgrowth.com,"$1,000+",$50 - $99 / hr,2 - 9,"Sarasota, FL","100% Search Engine Optimization, Fortress SEO is an SEO agency specializing in search engine optimization, website management, and digital marketing solutions. Reviews indicate a 100% positive response rate, highlighting their effectiveness in improving client rankings and responsiveness. Approximately 60% of reviewers commend their fast results and strategic execution, though some suggest enhancing communication clarity."
The Firm Public Relations & Marketing,https://clutch.co/profile/firm-public-relations-marketing,5.0,4,http://www.thefirmpr.com,"$10,000+",$200 - $300 / hr,10 - 49,,"40% Public Relations, 25% Social Media Marketing, 20% Marketing Strategy, 15% Event Marketing, The Firm Public Relations & Marketing is a full-service public relations agency excelling in strategic communications, event management, and social media. They consistently deliver professional and seamless project execution, with 100% positive feedback highlighting their professionalism, reliability, and effective communication. Approximately 50% of reviewers praise their exceptional project management and proactive approach to client needs."
Bless Web Designs - Dallas,https://clutch.co/profile/bless-web-designs-dallas,5.0,54,https://blesswebdesigns.com/,,$100 - $149 / hr,10 - 49,"Dallas, TX","50% Web Design, 15% Search Engine Optimization, 15% Web Development, 10% Branding, 10% UX/UI Design"
Shepherd Web Design & Digital Marketing,https://clutch.co/profile/shepherd-web-design-digital-marketing,5.0,5,https://www.shepherdwebdesign.com,"$1,000+",$100 - $149 / hr,10 - 49,,"75% Web Design, 15% Search Engine Optimization, 5% Logo, 5% Social Media Marketing, Shepherd Web Design & Digital Marketing is a digital marketing agency specializing in web design and SEO services. Consistently praised for their excellent communication and client satisfaction focus, they deliver projects promptly and effectively. Approximately 100% of reviewers mention successful outcomes in SEO rankings and web design, highlighting their value for cost and responsive service."
DeltaV Digital,https://clutch.co/profile/deltav-digital,5.0,6,https://www.deltavdigital.com/,"$5,000+",$200 - $300 / hr,10 - 49,"Fort Collins, CO","10% Advertising, 10% Demand Generation Marketing, 10% Generative AI, 10% Marketing Strategy, 10% Pay Per Click"
HiFlyer Digital,https://clutch.co/profile/hiflyer-digital,4.5,3,https://www.hiflyerdigital.com/,"$1,000+",$100 - $149 / hr,10 - 49,,"80% Email Marketing, 10% CRM Consulting and SI, 10% SMS Marketing, HiFlyer Digital is a digital marketing agency specializing in SMS and email marketing services. Reviews indicate that clients appreciate their strategic focus and timely project delivery, with notable recognition of their communication and marketing expertise. Positive feedback dominates, with 100% of reviewers mentioning improvements in engagement and conversion rates. However, some suggest they could enhance communication and deliverables further."
Distractive,https://clutch.co/profile/distractive,5.0,3,https://distractive.xyz/,"$10,000+",$100 - $149 / hr,10 - 49,"Boston, MA","20% Branding, 10% Advertising, 10% Blockchain Marketing, 10% Content Marketing, 10% Marketing Strategy"
LeadWYRE,https://clutch.co/profile/leadwyre,5.0,6,https://leadwyre.co/,"$5,000+",$100 - $149 / hr,2 - 9,,"20% CRM Consulting and SI, 20% Media Planning & Buying, 20% Pay Per Click, 15% Digital Strategy, 15% Email Marketing"
LUSCIOUS LEOPARD,https://clutch.co/profile/luscious-leopard,4.9,39,https://www.lusciousleopard.com/,"$5,000+",$50 - $99 / hr,10 - 49,"Houston, TX","20% E-Commerce Development, 20% Web Design, 20% Web Development, 15% Branding, 15% Conversion Optimization"
Windstar Studios,https://clutch.co/profile/windstar-studios,5.0,3,http://windstarstudios.com/,"$1,000+",$150 - $199 / hr,10 - 49,"Colorado Springs, CO","45% Broadcast Video, 30% Video Production, 15% Social Media Marketing, 10% Audio Production, Windstar Studios is a video and audio production company highly praised for its exceptional project management, responsiveness, and ability to deliver high-quality content. Positive feedback is unanimous, with 100% of reviewers highlighting their excellent communication and partnership, and no areas for improvement noted. Their services have significantly contributed to client success, including increased event attendance and impactful marketing campaigns."
Ninja Promo,https://clutch.co/profile/ninja-promo,4.9,95,https://ninjapromo.io/,"$5,000+",$50 - $99 / hr,250 - 999,"New York, NY","10% Advertising, 10% Blockchain Marketing, 10% Content Marketing, 10% Content Writing Services, 10% Ecommerce Marketing"
ExpandX Marketing & Web,https://clutch.co/profile/expandx-marketing-web,5.0,72,http://expandx.com/,"$10,000+",$50 - $99 / hr,10 - 49,"New York, NY","30% Web Development, 20% E-Commerce Development, 20% Pay Per Click, 20% Social Media Marketing, 10% Web Design"
Konstruct Digital,https://clutch.co/profile/konstruct-digital,4.9,69,https://konstructdigital.com/,"$5,000+",$100 - $149 / hr,10 - 49,,"45% Search Engine Optimization, 40% Pay Per Click, 10% Content Marketing, 5% Digital Strategy, Konstruct Digital is a digital marketing agency specializing in SEO, paid advertising, and web development. Their services have consistently resulted in increased visibility, traffic, and conversions for various clients. Feedback is overwhelmingly positive, with 100% of reviews praising their strategic approach, proactive communication, and timely project delivery. Approximately 80% of reviewers also highlight Konstruct Digital's deep understanding of client-specific business needs and collaborative culture."
Bird Marketing,https://clutch.co/profile/bird-marketing,5.0,74,https://bird.marketing,"$5,000+",$100 - $149 / hr,10 - 49,"New York, NY","100% Search Engine Optimization, Bird Marketing is a comprehensive digital marketing agency that specializes in SEO, PPC, and web development services. The company consistently receives commendations for its professionalism, strategic thinking, and customer-focused approach. Approximately 100% of reviewers praise Bird Marketing for its effective communication and timely delivery of services, while around 90% highlight their expertise in delivering quantifiable business results."
Scalero,https://clutch.co/profile/scalero-0,4.9,21,https://scalero.io,"$1,000+",$100 - $149 / hr,10 - 49,"Oakland, CA","90% Email Marketing, 10% CRM Consulting and SI, Scalero is an email marketing agency that specializes in email campaign management, automation, and lifecycle marketing. Across their reviews, clients appreciate Scalero's collaborative approach, responsiveness, and ability to execute complex tasks with precision. Approximately 90% of reviewers commend Scalero for their project management skills, while about 80% note the company's proactive communication and strategic input as key strengths."
Elsner Technologies Pvt Ltd,https://clutch.co/profile/elsner-technologies,4.8,84,https://www.elsner.com/,"$5,000+",< $25 / hr,50 - 249,"Fremont, CA","20% Custom Software Development, 15% E-Commerce Development, 10% Search Engine Optimization, 10% Web Development, 5% Branding"
Top Virtual Assistant,https://clutch.co/profile/top-virtual-assistant,5.0,72,https://topvirtualassistant.pro/marketing-digital-marketing-assistant/,"$1,000+",,50 - 249,"Philadelphia, PA","30% Back Office Outsourcing, 30% Content Writing Services, 10% Accounting, 10% Call Center Services, 10% Search Engine Optimization"
SOCIAL KNOW HOW,https://clutch.co/profile/social-know-how,5.0,7,https://socialknowhow.com,"$25,000+",$200 - $300 / hr,2 - 9,"St. Petersburg, FL","20% Digital Strategy, 20% Social Media Marketing, 10% AI Agents, 10% Business Consulting, 10% Marketing Strategy"
Digital Drew SEM,https://clutch.co/profile/digital-drew-sem,4.8,31,https://digitaldrewsem.com/,"$1,000+",$50 - $99 / hr,10 - 49,"New York, NY","75% Pay Per Click, 15% Search Engine Optimization, 10% Social Media Marketing, Digital Drew SEM is a digital marketing agency focusing on SEO, Google Ads, and online marketing campaigns. The reviews reflect a mixed reception, with approximately 75% positive feedback highlighting their expertise, timely delivery, and impact on sales and leads. However, about 25% of reviewers reported dissatisfaction, citing poor client care and unmet expectations."
Equinox Dynamics LDA,https://clutch.co/profile/equinox-dynamics-lda,5.0,61,https://www.equinox.company/,"$5,000+",$50 - $99 / hr,10 - 49,"Chicago, IL","100% Search Engine Optimization, Equinox Dynamics LDA is an SEO and digital marketing agency known for providing comprehensive SEO and content optimization services. Across their reviews, 100% of clients praised their effective project management and data-driven approach, which resulted in measurable improvements in organic traffic and search visibility. The company is commended for translating technical insights into clear, actionable strategies, with 90% of feedback highlighting their strong communication and seamless collaboration."
Flowout,https://clutch.co/profile/flowout,4.9,53,https://www.flowout.com/,"$5,000+",$50 - $99 / hr,50 - 249,,"40% Web Development, 20% Web Design, 10% UX/UI Design, 5% Branding, 5% Conversion Optimization"
Kurieta LLC,https://clutch.co/profile/kurieta,5.0,9,https://kurieta.com/,"$1,000+",$50 - $99 / hr,10 - 49,,"20% Web Design, 20% Web Development, 10% Branding, 10% Custom Software Development, 10% E-Commerce Development"
Mira Commerce,https://clutch.co/profile/mira-commerce,4.6,20,https://www.miracommerce.com,"$50,000+",$150 - $199 / hr,50 - 249,"Walnut Creek, CA","50% E-Commerce Development, 20% Search Engine Optimization, 15% UX/UI Design, 15% Web Development, Mira Commerce is an ecommerce solutions provider specializing in website development, design, technical SEO, and digital strategy optimization. With a focus on transparency and communication, they consistently deliver organized, timely projects. Client feedback is overwhelmingly positive, with 90% of reviews praising their project management and responsiveness. Additionally, 70% of reviewers highlight their alignment with company values and understanding of business needs."
FJ Solutions,https://clutch.co/profile/fj-solutions,4.9,39,https://www.fjsolutions.com/ecommerce-development/clutch/,"$1,000+",$50 - $99 / hr,10 - 49,"Miami, FL","50% E-Commerce Development, 20% Ecommerce Marketing, 10% Email Marketing, 10% Search Engine Optimization, 10% Web Design"
Zadro Web,https://clutch.co/profile/zadro-web,5.0,10,https://zadroweb.com,"$10,000+",$150 - $199 / hr,2 - 9,"Batavia, IL","40% Search Engine Optimization, 40% Web Development, 10% Cybersecurity, 10% IT Managed Services, Zadro Web is a comprehensive web development and SEO company known for its high-quality service and timely delivery. With a 100% positive feedback rate, clients consistently praise their creative talent, problem-solving skills, and deep understanding of client needs. About 83% of reviewers highlight their professionalism and ability to meet deadlines, while others appreciate their technical expertise and effective communication throughout projects."
ShootOrder,https://clutch.co/profile/shootorder,4.6,19,https://storals.com/shootorder-clutch,"$1,000+",$50 - $99 / hr,50 - 249,,"25% Pay Per Click, 25% Search Engine Optimization, 20% Social Media Marketing, 10% Branding, 10% Content Marketing"
Evergreen Design Studio,https://clutch.co/profile/evergreen-design-studio,5.0,9,https://www.evergreendesignstudio.com/,"$1,000+",$150 - $199 / hr,2 - 9,"Denver, CO","35% Graphic Design, 35% Search Engine Optimization, 10% Logo, 10% Print Design, 10% Web Design"
Minty Digital,https://clutch.co/profile/minty-digital,4.8,31,https://www.mintydigital.com/,"$1,000+",$100 - $149 / hr,10 - 49,"New York, NY","80% Search Engine Optimization, 10% Content Marketing, 10% Public Relations, Minty Digital is a versatile digital marketing agency specializing in SEO, PPC, and PR services. The company is praised for its responsive communication and effective project management, consistently delivering results such as increased website traffic and brand awareness. Approximately 89% of reviews commend their strategic approach, though some suggest improvements in attention to detail and expansion into development services., 23% of employees work in New York office"
Y'all,https://clutch.co/profile/yall-0,5.0,7,https://yall.co,"$5,000+",,10 - 49,"San Antonio, TX","55% Performance Marketing, 25% Social Media Marketing, 10% Advertising, 10% Conversion Optimization, Y'all is a digital marketing agency specializing in managing and optimizing Meta and Google paid advertising campaigns. They consistently deliver positive results, with over 90% of their clients reporting improved ROAS and strategic, personalized campaign management. Clients appreciate their communicative and data-driven approach, praising them for being responsive, innovative, and collaborative, which helps them feel like an integral part of the team."
Rawcut Creative Company,https://clutch.co/profile/rawcut-creative-company,5.0,10,https://rawcutcreative.com/,"$5,000+",$150 - $199 / hr,10 - 49,"Channahon, IL","20% Graphic Design, 20% Web Design, 10% Branding, 10% Print Design, 10% Search Engine Optimization"
Windy City Web Solutions,https://clutch.co/profile/windy-city-web-solutions,5.0,7,https://windycitywebsolutions.com,"$1,000+",$100 - $149 / hr,2 - 9,"Chicago, IL","80% Web Design, 10% Graphic Design, 10% Search Engine Optimization, Windy City Web Solutions is a web design and development company that specializes in creating user-friendly and visually engaging websites. Reviews consistently highlight their expertise in web design, SEO enhancements, and personalized customer service. Approximately 100% of reviewers praised their timely project management and communication, with no negative feedback reported. Clients value their ability to deliver on budget and address specific technical needs effectively."
Orange Bird,https://clutch.co/profile/orange-bird,5.0,12,https://orange-bird.agency/,"$5,000+",$100 - $149 / hr,10 - 49,"Pooler, GA","25% Marketing Strategy, 25% Product Marketing, 10% Content Marketing, 5% Advertising, 5% Branding"
SpearPoint Marketing LLC,https://clutch.co/profile/spearpoint-marketing-0,5.0,20,https://www.thespearpoint.com/,"$1,000+",$100 - $149 / hr,2 - 9,"Centennial, CO","75% Search Engine Optimization, 25% Marketing Strategy, SpearPoint Marketing LLC is an SEO agency specializing in enhancing search visibility, improving organic traffic, and generating qualified leads for diverse businesses. The company receives high praise from clients, with 100% of reviews highlighting their effective strategies and strong communication. Clients report significant growth in web traffic and conversions, with consistent satisfaction in their project management and personalized approach., Over the last six months, clients have praised SpearPoint Marketing LLC for their exceptional SEO results and proactive communication. One client noted a 1,000% increase in organic traffic and successful lead generation, highlighting the team's strategic approach. Another emphasized significant growth in website traffic and user engagement, attributing their success to SpearPoint's responsive project management. Overall, feedback indicates high satisfaction with deliverables and value, with no suggested areas for improvement."
MotionTrust Digital - Top Amazon Marketing Agency.,https://clutch.co/profile/motiontrust-digital-top-amazon-marketing-agency,4.8,24,https://motiontrustdigital.com/,"$1,000+",< $25 / hr,10 - 49,,"60% Search Engine Optimization, 25% Product Marketing, 15% Ecommerce Marketing, MotionTrust Digital is an Amazon marketing and SEO agency specializing in enhancing visibility, optimizing listings, and managing customer feedback for brands on Amazon. Reviews indicate a strong positive reception, with approximately 80% of clients praising their communication, project management, and ability to deliver results such as increased sales and improved organic rankings. However, one review highlights areas for improvement in communication and project delivery."
Bootstrap Creative,https://clutch.co/profile/bootstrap-creative,5.0,8,https://bootstrapcreative.com/,"$1,000+",$100 - $149 / hr,2 - 9,,"35% Pay Per Click, 20% CRM Consulting and SI, 15% Search Engine Optimization, 15% Web Development, 10% Web Design"
Shopiator - Google Ads Agency for DTC Ecom,https://clutch.co/profile/shopiator-google-ads-agency-dtc-ecom,4.9,4,https://shopiator.com/agency/,"$1,000+",$150 - $199 / hr,2 - 9,,"70% Pay Per Click, 20% Ecommerce Marketing, 10% Performance Marketing, Shopiator - Google Ads Agency for DTC Ecom is a digital advertising firm specializing in optimizing Google Ads for direct-to-consumer e-commerce brands. Across reviews, clients consistently highlight their advanced expertise in Google Ads, with a 100% improvement in key metrics like MER and sales. Approximately 67% of reviews emphasize their strategic approach in linking ad performance to broader business objectives, while 100% of feedback is positive, praising their professionalism and timely project management., Recent reviews for Shopiator - Google Ads Agency indicate a strong overall sentiment, with clients praising their strategic approach and in-depth understanding of Google Ads. Notable feedback includes a client from Eco Aya reporting a 100% increase in MER and tripled sales within a month. The Bump Plan highlighted their effective tracking and campaign structure improvements, while CPAP My Way LLC appreciated the agency's commitment to delivering on time and providing great guarantees. However, suggestions for clearer reporting and root-cause analysis were noted."
Matrix Bricks,https://clutch.co/profile/matrix-bricks,4.8,38,https://www.matrixbricks.com/,"$1,000+",$25 - $49 / hr,10 - 49,"Greenwood Village, CO","20% Search Engine Optimization, 20% Social Media Marketing, 10% AI Development, 10% Cloud Consulting & SI, 10% Generative AI"
ProMerit,https://clutch.co/profile/promerit,5.0,8,https://pro-merit.com/,"$1,000+",,10 - 49,"Boston, MA","25% Advertising, 20% Warehousing & Distribution, 15% Business Consulting, 15% Content Marketing, 15% Pay Per Click"
"NH Strategic Marketing, LLC",https://clutch.co/profile/nh-strategic-marketing,5.0,6,https://www.nhstrategicmarketing.com/,"$1,000+",$100 - $149 / hr,2 - 9,,"50% Marketing Strategy, 50% Pay Per Click"
PopArt Studio,https://clutch.co/profile/popart-studio,5.0,96,https://www.popwebdesign.net/index_eng.html,"$5,000+",$50 - $99 / hr,50 - 249,"Chicago, IL","55% Web Design, 35% Web Development, 10% Search Engine Optimization, PopArt Studio is a web development and design company known for delivering high-quality digital solutions, including website redesigns, SEO improvements, and application development. Across multiple reviews, 100% of clients reported positive experiences, highlighting the team's professionalism, timely delivery, and effective communication. Approximately 70% of clients praised their strong project management and responsiveness, while around 50% emphasized their ability to enhance online presence and user engagement."
Task Virtual,https://clutch.co/profile/task-virtual,5.0,74,https://www.taskvirtual.com/digital-marketing-services,"$1,000+",< $25 / hr,50 - 249,"New York City, NY","40% Back Office Outsourcing, 20% Sales Outsourcing, 20% Search Engine Optimization, 10% Call Center Services, 10% Data Annotation Services"
"ioVista, Inc.",https://clutch.co/profile/iovista,4.9,17,https://iovista.com/,"$25,000+",$100 - $149 / hr,50 - 249,"Dallas, TX","60% E-Commerce Development, 15% Pay Per Click, 15% Search Engine Optimization, 10% Web Design, ioVista, Inc. is a highly-regarded web development company specializing in e-commerce platform migrations, custom development, and digital marketing services such as SEO and PPC. The firm boasts a consistent record of delivering high-quality solutions, with 100% of reviewers praising their project management and ability to meet deadlines. Their client-centric approach and ongoing support are consistently highlighted, with many clients noting their dedication to understanding and achieving customer goals."
Hotspex Media,https://clutch.co/profile/hotspex-media,4.9,16,https://www.hotspexmedia.com/contact-us,"$50,000+",$150 - $199 / hr,10 - 49,"Boca Raton, FL","50% Media Planning & Buying, 20% Pay Per Click, 15% Social Media Marketing, 10% Advertising, 5% Marketing Strategy"
Inicrea Technologies LLC,https://clutch.co/profile/inicrea-technologies,4.7,3,https://inicreatechnologies.com,"$1,000+",$25 - $49 / hr,10 - 49,,"45% Mobile App Development, 35% Web Development, 10% Web Design, 5% Search Engine Optimization, 5% Social Media Marketing"
INPULSE Digital,https://clutch.co/profile/inpulse-digital,5.0,6,https://inpulsedigital.com/advertising-agencies,"$10,000+",$50 - $99 / hr,10 - 49,"Coral Gables, FL","25% Digital Strategy, 20% Pay Per Click, 20% Performance Marketing, 20% Social Media Marketing, 15% Mobile & App Marketing"
The Marketing Hub,https://clutch.co/profile/marketing-hub-2,4.7,5,https://the-marketinghub.com/en/,"$5,000+",$25 - $49 / hr,10 - 49,"Miami, FL","40% Demand Generation Marketing, 25% Account-Based Marketing, 20% Marketing Strategy, 10% Social Media Marketing, 5% Conversion Optimization"
Cremicro Digital Marketing Agency,https://clutch.co/profile/cremicro-digital-marketing-agency,5.0,12,https://cremicro.com,"$1,000+",$50 - $99 / hr,50 - 249,,"20% Search Engine Optimization, 15% Pay Per Click, 15% Social Media Marketing, 10% Web Design, 5% Advertising"
Berkeley Communications Group,https://clutch.co/profile/berkeley-communications-group,4.8,22,https://www.berkeleypr.com/,"$10,000+",$150 - $199 / hr,50 - 249,"New York, NY","50% Public Relations, 10% AI Consulting, 10% Branding, 10% Content Marketing, 10% Content Writing Services"
Social Media 55,https://clutch.co/profile/social-media-55,5.0,78,https://www.socialmedia55.com/,"$1,000+",$100 - $149 / hr,10 - 49,"Santa Monica, CA","70% Social Media Marketing, 10% E-Commerce Development, 10% Pay Per Click, 10% Search Engine Optimization, Social Media 55 is a digital marketing agency specializing in social media management, SEO, web design, and digital advertising. Their reviews reflect a consistent theme of high client satisfaction, with 100% of testimonials highlighting their responsiveness, strategic expertise, and ability to drive measurable growth and engagement. Clients appreciate their proactive approach and the seamless integration of services, with no negative feedback reported across all reviews."
Axtrics,https://clutch.co/profile/axtrics,4.9,10,http://axtrics.com,"$1,000+",< $25 / hr,50 - 249,"New York, NY","30% Advertising, 10% Digital Strategy, 10% E-Commerce Development, 10% Logo, 10% Mobile & App Marketing"
Uncanny Consulting Services LLP,https://clutch.co/profile/uncanny-consulting-services-llp,5.0,33,https://uncannycs.com/,"$5,000+",< $25 / hr,50 - 249,,"30% E-Commerce Development, 30% ERP Consulting and SI, 10% DevOps Managed Services, 10% Mobile App Development, 10% Search Engine Optimization"
StudioHawk SEO Agency,https://clutch.co/profile/studiohawk-seo-agency,4.8,6,https://studiohawk.com.au/,"$1,000+",$150 - $199 / hr,50 - 249,"Atlanta, GA","70% Search Engine Optimization, 20% Content Marketing, 5% Conversion Optimization, 5% Public Relations, StudioHawk SEO Agency is a specialized SEO firm offering services such as technical SEO, backlinking, and digital PR. Their clients report notable improvements in domain authority, search rankings, and organic traffic. Feedback is overwhelmingly positive, with over 80% of reviewers highlighting their proactive approach, transparency, and effective project management. StudioHawk is praised for its direct communication style and deep industry expertise, although some suggest minor enhancements in report summaries and market research."
Skynet Technologies,https://clutch.co/profile/skynet-technologies-0,5.0,10,https://www.skynettechnologies.com/,"$5,000+",$50 - $99 / hr,50 - 249,,"20% Search Engine Optimization, 20% UX/UI Design, 20% Web Development, 15% E-Commerce Development, 15% Web Design"
OneLittleWeb,https://clutch.co/profile/onelittleweb,5.0,14,https://onelittleweb.com/,"$5,000+",,10 - 49,"Jackson Heights, NY","60% Search Engine Optimization, 15% UX/UI Design, 10% Web Development, 5% AI Consulting, 5% Content Marketing"
Silverback Strategies,https://clutch.co/profile/silverback-strategies,4.8,26,https://www.silverbackstrategies.com/,"$10,000+",,50 - 249,,"40% Pay Per Click, 40% Search Engine Optimization, 10% Advertising, 10% Social Media Marketing, Silverback Strategies is a digital marketing agency known for its expertise in PPC, SEO, and content marketing. The company consistently receives positive feedback for its professionalism, efficiency, and analytical approach. Notably, 100% of reviewers highlighted their effective project management and timely delivery, while 70% praised their ability to enhance brand awareness and lead generation. Clients appreciate Silverback Strategies' commitment to understanding and aligning with their business goals, which has resulted in significant growth and improved marketing metrics for many."
eAccountable,https://clutch.co/profile/eaccountable,4.9,23,https://www.eaccountable.com/,"$10,000+",,10 - 49,"Denver, CO","35% Affiliate Marketing, 20% Ecommerce Marketing, 20% Pay Per Click, 20% Performance Marketing, 5% Search Engine Optimization"
42DM | Your B2B Growth Marketing Partner,https://clutch.co/profile/42dm-your-b2b-growth-marketing-partner,4.8,18,http://42dm.net/,"$1,000+",$50 - $99 / hr,50 - 249,,"50% Pay Per Click, 15% Advertising, 15% Graphic Design, 10% Content Marketing, 10% Search Engine Optimization"
Direct Online Marketing,https://clutch.co/profile/direct-online-marketing,5.0,23,https://www.directom.com/,"$5,000+",$150 - $199 / hr,10 - 49,"Pittsburgh, PA","25% Pay Per Click, 25% Search Engine Optimization, 10% Advertising, 10% Conversion Optimization, 10% Demand Generation Marketing"
Search Influence,https://clutch.co/profile/search-influence,5.0,3,https://www.searchinfluence.com/,"$5,000+",$150 - $199 / hr,10 - 49,,"25% Pay Per Click, 25% Search Engine Optimization, 10% Advertising, 10% Content Marketing, 10% Social Media Marketing"
Systems & Leads,https://clutch.co/profile/systems-leads,4.9,24,https://systemsandleads.com/,"$1,000+",$100 - $149 / hr,2 - 9,"Atlanta, GA","22% Pay Per Click, 22% Search Engine Optimization, 22% Social Media Marketing, 17% Content Marketing, 17% Email Marketing"
"Pure Visibility, Inc.",https://clutch.co/profile/pure-visibility,4.9,4,https://purevisibility.com/clutch-agency-2/,"$10,000+",$200 - $300 / hr,10 - 49,,"33% Pay Per Click, 33% Search Engine Optimization, 12% Content Marketing, 11% Digital Strategy, 11% Marketing Strategy"
SCUBE Marketing,https://clutch.co/profile/scube-marketing,4.8,40,https://www.scubemarketing.com/,"$1,000+",$100 - $149 / hr,2 - 9,"Oakbrook Terrace, IL","80% Pay Per Click, 20% Search Engine Optimization, SCUBE Marketing is a digital marketing agency specializing in PPC advertising, including Google Ads, Facebook, Instagram, and YouTube. Reviews reveal a mixed performance with approximately 75% positive feedback, highlighting their strong communication and commitment to client goals. However, 25% of reviews indicate challenges with project execution and outcomes, such as delayed timelines and unmet sales targets."
PBJ Marketing,https://clutch.co/profile/pbj-marketing,4.9,108,https://pbjmarketing.com/,"$5,000+",$100 - $149 / hr,10 - 49,,"45% Pay Per Click, 25% Search Engine Optimization, 10% Ecommerce Marketing, 10% Web Design, 10% Web Development"
Flying V Group,https://clutch.co/profile/flying-v-group,4.9,37,https://www.flyingvgroup.com/,"$5,000+",$200 - $300 / hr,10 - 49,"Newport Beach, CA","15% Search Engine Optimization, 10% Generative AI, 10% Pay Per Click, 10% Social Media Marketing, 5% AI Agents"
Fruition,https://clutch.co/profile/fruition,4.9,38,https://fruition.net/services/digital-marketing/,"$1,000+",$150 - $199 / hr,10 - 49,"Denver, CO","25% Pay Per Click, 25% Search Engine Optimization, 25% Web Design, 25% Web Development, Fruition is a versatile digital marketing agency offering services in SEO, website design, digital ads, and content creation. With 100% positive feedback, common themes among reviews highlight their professionalism, effective communication, and adaptability to client needs. Clients appreciate their expertise and commitment to project success, with several noting improved web traffic and ROI as evidence of Fruition’s impact."
Directive,https://clutch.co/profile/directive,4.8,56,https://directiveconsulting.com,,,50 - 249,"Irvine, CA","20% Demand Generation Marketing, 15% Content Marketing, 15% Pay Per Click, 15% Search Engine Optimization, 10% Advertising"
Loona Agency,https://clutch.co/profile/loona-agency,5.0,11,https://loona.agency/,"$5,000+",$50 - $99 / hr,10 - 49,"Miami, FL","60% Search Engine Optimization, 10% Content Marketing, 10% Pay Per Click, 10% Social Media Marketing, 10% Web Development"
CSTMR,https://clutch.co/profile/cstmr,4.9,7,https://cstmr.com/,"$50,000+",$200 - $300 / hr,10 - 49,"Bee Cave, TX","20% Search Engine Optimization, 15% Pay Per Click, 15% Web Design, 10% Advertising, 10% Branding"
Greenbaum Stiers Strategic Marketing Group,https://clutch.co/profile/greenbaum-stiers-strategic-marketing-group,4.8,13,https://www.greenbaumstiers.com,"$1,000+",$150 - $199 / hr,10 - 49,"Columbus, OH","25% Advertising, 25% Pay Per Click, 25% Search Engine Optimization, 25% Web Design, Greenbaum Stiers Strategic Marketing Group is a full-service marketing agency specializing in digital marketing, website design, SEO, and brand management. Reviews indicate a strong emphasis on client relationship building and delivering tailored solutions, with 100% positive feedback highlighting project management excellence and responsiveness. Approximately 80% of clients commend their strategic approach and commitment to client success."
"Connection Model, LLC",https://clutch.co/profile/connection-model,5.0,5,https://www.connectionmodel.com/contact/,"$5,000+",$100 - $149 / hr,2 - 9,"Bellevue, WA","30% Content Marketing, 30% Search Engine Optimization, 20% Web Design, 15% Digital Strategy, 5% Branding"
The Influencer Marketing Factory,https://clutch.co/profile/influencer-marketing-factory,4.2,5,https://theinfluencermarketingfactory.com/,"$25,000+",$200 - $300 / hr,50 - 249,"Miami, FL","30% Social Media Marketing, 10% Advertising, 10% Business Consulting, 10% Content Marketing, 10% Digital Strategy"
CadenceSEO,https://clutch.co/profile/cadenceseo,4.9,22,https://www.cadenceseo.com/clutch-signup-form/,"$1,000+",$100 - $149 / hr,10 - 49,,"50% Search Engine Optimization, 10% Content Marketing, 10% Digital Strategy, 10% Pay Per Click, 10% Public Relations"
Vital Design,https://clutch.co/profile/vital-design,4.9,9,https://vtldesign.com/,"$10,000+",$100 - $149 / hr,50 - 249,,"75% Pay Per Click, 25% Search Engine Optimization, Vital Design is a comprehensive digital marketing agency specializing in website development, SEO, and digital marketing strategies. Their reviews reflect a high level of client satisfaction, with 100% of reviewers noting impressive project management and personalized client service. The agency is particularly praised for its responsiveness, creativity, and ability to deliver measurable outcomes, such as significant revenue growth and improved digital metrics."
Content Workshop,https://clutch.co/profile/content-workshop,4.9,9,https://www.contentworkshop.com,"$50,000+",$150 - $199 / hr,50 - 249,"Clearwater, FL","100% Content Marketing, Content Workshop is a content creation and SEO agency known for delivering a wide range of high-quality content, SEO strategies, and project management services. They excel in producing engaging content like blogs, videos, and infographics, and have been praised for their responsiveness, proactive communication, and strategic insights. Over 90% of reviews highlight their cultural fit and value for cost, while 85% emphasize their ability to integrate seamlessly with clients’ teams."
Hedges and Company Automotive Digital Marketing Agency,https://clutch.co/profile/hedges-company-automotive-digital-marketing-agency,4.7,3,https://hedgescompany.com/,"$1,000+",$200 - $300 / hr,10 - 49,"Hudson, OH","25% Pay Per Click, 25% Search Engine Optimization, 10% Conversion Optimization, 10% Ecommerce Marketing, 5% Content Marketing"
SeedX Inc.,https://clutch.co/profile/seedx,5.0,22,https://seedx.us/,"$5,000+",$150 - $199 / hr,50 - 249,"Los Angeles, CA","20% Ecommerce Marketing, 15% Advertising, 15% CRM Consulting and SI, 15% Search Engine Optimization, 15% Web Design"
Brick Marketing - Digital Marketing Agency,https://clutch.co/profile/brick-marketing-digital-marketing-agency,5.0,2,https://www.brickmarketing.com/,"$10,000+",$150 - $199 / hr,10 - 49,"Boston, MA","20% Search Engine Optimization, 15% Fractional CMO Services, 15% Generative AI, 10% Content Marketing, 10% Digital Strategy"
Grounds for Promotion,https://clutch.co/profile/grounds-promotion,5.0,9,https://groundsforpromotion.com/,"$5,000+",,2 - 9,"Boulder, CO","35% Advertising, 15% Pay Per Click, 15% Search Engine Optimization, 15% Social Media Marketing, 10% Digital Strategy"
Wallaroo Media,https://clutch.co/profile/wallaroo-media,5.0,4,http://wallaroomedia.com/,"$1,000+",$200 - $300 / hr,10 - 49,,"30% Media Planning & Buying, 25% Search Engine Optimization, 20% Email Marketing, 15% Conversion Optimization, 10% Social Media Marketing"
SemNexus,https://clutch.co/profile/semnexus,4.5,69,https://semnexus.com,"$10,000+",$100 - $149 / hr,10 - 49,"New York, NY","65% Mobile & App Marketing, 35% Mobile App Development, SemNexus is a digital marketing and mobile app development company noted for its expertise in app promotion, SEO, and targeted advertising strategies. The overall feedback is predominantly positive, with approximately 90% of reviewers highlighting their strong project management, timely delivery, and effective communication. Clients frequently commend their data-driven approach and adaptability, though isolated cases of missed deadlines or oversight were mentioned."
Local and Qualified,https://clutch.co/profile/local-qualified,5.0,14,https://localandqualified.com/,"$1,000+",$100 - $149 / hr,10 - 49,,"20% Pay Per Click, 20% Search Engine Optimization, 20% Web Design, 10% Content Marketing, 10% Social Media Marketing"
High Voltage SEO,https://clutch.co/profile/high-voltage-seo,4.7,25,https://hvseo.co/,"$1,000+",$100 - $149 / hr,10 - 49,,"90% Search Engine Optimization, 10% Pay Per Click, High Voltage SEO is a highly-rated SEO agency known for crafting comprehensive SEO strategies, content creation, and technical optimizations. Overall feedback reflects a mix of experiences; approximately 75% of reviewers report positive outcomes such as increased traffic, lead generation, and revenue, while 25% mention dissatisfaction with deliverables and transparency. Themes of communication, customization, and expertise in SEO strategy are frequently highlighted across reviews, mentioned by around 80% of reviewers."
"Gummicube, Inc.",https://clutch.co/profile/gummicube,5.0,7,https://www.gummicube.com,"$1,000+",$50 - $99 / hr,50 - 249,"San Jose, CA","70% Mobile & App Marketing, 10% Digital Strategy, 10% Mobile App Development, 10% Web Design, Gummicube, Inc. is a specialized app store optimization (ASO) company offering services such as metadata optimization, keyword research, and app store imagery design. Reviewers consistently highlight their professionalism, organization, and effectiveness, with approximately 90% of feedback being positive. Clients often commend Gummicube, Inc. for their data-driven approach and expert communication, though some note that services can be costly."
Idea Hall,https://clutch.co/profile/idea-hall,4.8,16,https://ideahall.com/,"$50,000+",$200 - $300 / hr,10 - 49,"Costa Mesa, CA","30% Branding, 25% Content Marketing, 15% Public Relations, 10% Event Management, 10% Marketing Strategy"
Nuanced Media,https://clutch.co/profile/nuanced-media,4.9,29,https://nuancedmedia.com/,"$5,000+",$100 - $149 / hr,10 - 49,,"30% Business Consulting, 30% Marketing Strategy, 25% Pay Per Click, 15% Advertising, Nuanced Media is an Amazon marketing agency specializing in account management, PPC, and sales growth. Their clients frequently highlight prompt communication, impressive knowledge of the Amazon platform, and a capacity for responsive project management. About 90% of reviews praise their effectiveness in increasing sales and managing accounts, though some suggest a need for greater proactivity in strategy."
Nexus Direct,https://clutch.co/profile/nexus-direct,5.0,8,https://www.nexusdirect.com/,,,10 - 49,,"30% Direct Marketing, 20% Email Marketing, 20% Search Engine Optimization, 20% Social Media Marketing, 10% Advertising"
SEO Image,https://clutch.co/profile/seo-image,4.9,4,https://seoimage.com/,"$1,000+",$200 - $300 / hr,2 - 9,"New York, NY","50% Search Engine Optimization, 20% Public Relations, 10% Branding, 10% Generative AI, 10% Pay Per Click"
inSegment,https://clutch.co/profile/insegment,4.6,9,https://www.insegment.com/,"$1,000+",,10 - 49,"Newton, MA","25% Pay Per Click, 25% Search Engine Optimization, 20% Web Development, 10% Content Marketing, 10% Digital Strategy"
Wiideman,https://clutch.co/profile/wiideman,5.0,14,https://www.wiideman.com/,"$5,000+",$200 - $300 / hr,10 - 49,"La Mirada, CA","60% Search Engine Optimization, 20% Digital Strategy, 20% Marketing Strategy, Wiideman is an SEO agency renowned for its expertise in search engine optimization, content marketing, and digital marketing strategies. They consistently receive positive feedback, with approximately 95% of reviews highlighting their effective project management and clear communication. Clients frequently commend their deep knowledge and impactful SEO results, with mentions of increased organic traffic and improved Google rankings appearing in over 80% of reviews."
Ideas Collide,https://clutch.co/profile/ideas-collide,5.0,2,http://Ideascollide.com,"$5,000+",$150 - $199 / hr,50 - 249,,"15% Advertising, 15% Branding, 15% Email Marketing, 15% Graphic Design, 15% Marketing Strategy"
Infront Webworks,https://clutch.co/profile/infront-webworks,5.0,52,https://www.infront.com/,"$1,000+",$100 - $149 / hr,10 - 49,"Colorado Springs, CO","85% Search Engine Optimization, 10% Web Development, 5% Web Design, Infront Webworks is a digital marketing agency specializing in web development, SEO, and Google Adwords management. The company is praised for its rapid responsiveness, professionalism, and technical expertise, as evidenced by overwhelmingly positive reviews. Clients consistently highlight their effective communication and impressive results, with a notable increase in organic traffic and improved search rankings. Approximately 100% of reviewers express satisfaction with their outcomes."
Forge Worldwide,https://clutch.co/profile/forge-worldwide,4.8,25,https://forgeworldwide.com/welcome-to-forge/,"$25,000+",$150 - $199 / hr,10 - 49,"Boston, MA","25% Branding, 25% Content Marketing, 20% Advertising, 10% Digital Strategy, 10% UX/UI Design"
Rep Cap,https://clutch.co/profile/rep-cap,5.0,7,https://repcap.com,"$10,000+",$200 - $300 / hr,10 - 49,,"40% Content Marketing, 10% Graphic Design, 10% Marketing Strategy, 10% Web Design, 5% Audio Production"
Get Online NOLA,https://clutch.co/profile/get-online-nola,5.0,9,https://getonlinenola.com/,"$1,000+",$100 - $149 / hr,2 - 9,,"15% Pay Per Click, 15% Search Engine Optimization, 15% Web Design, 15% Web Development, 10% Branding"
Plan Left,https://clutch.co/profile/plan-left,5.0,6,https://planleft.com/,"$1,000+",$150 - $199 / hr,10 - 49,,"25% Search Engine Optimization, 25% Web Development, 20% Custom Software Development, 20% Web Design, 10% E-Commerce Development"
Rank Fuse Digital Marketing,https://clutch.co/profile/rank-fuse-digital-marketing,5.0,,https://rankfuse.com/,"$1,000+",$100 - $149 / hr,2 - 9,,"25% Web Development, 20% Pay Per Click, 20% Search Engine Optimization, 15% Content Marketing, 10% Digital Strategy"
MH Digital,https://clutch.co/profile/mh-digital,5.0,24,https://mhdigitalgroup.com/,"$1,000+",$50 - $99 / hr,2 - 9,"Denver, CO","90% Email Marketing, 10% SMS Marketing, MH Digital is a digital marketing agency specializing in email marketing and technical integrations. With a reputation for professionalism, responsiveness, and expertise, MH Digital consistently delivers impressive results, such as a 50% increase in customer retention and significant revenue growth. Approximately 90% of reviewers praise their strategic approach, communication, and ability to integrate seamlessly with client teams."
IOI Solutions,https://clutch.co/profile/ioi-solutions,4.9,10,https://ioisolutions.com/,"$1,000+",$200 - $300 / hr,10 - 49,"Santa Monica, CA","25% Pay Per Click, 20% Search Engine Optimization, 10% Advertising, 10% Conversion Optimization, 10% Ecommerce Marketing"
Ayokay,https://clutch.co/profile/ayokay,5.0,7,https://www.ayokay.com/get-started/,"$1,000+",$100 - $149 / hr,10 - 49,,"25% Web Design, 25% Web Development, 20% Search Engine Optimization, 10% Branding, 10% Digital Strategy"
Digital Spice,https://clutch.co/profile/digital-spice,5.0,,https://thedigitalspice.com/,"$1,000+",$50 - $99 / hr,10 - 49,"Lakewood, CO","40% Search Engine Optimization, 20% Content Marketing, 20% Web Design, 20% Web Development, Digital Spice is a web development and digital strategy company that delivers comprehensive website solutions, including SEO optimization, ADA compliance, and content creation. According to reviews, 100% of clients highlight their exceptional project management and technical expertise, with reported increases of up to 46% in revenue and 41.2% in organic traffic. Clients express satisfaction with their collaborative and proactive approach."
CloudMellow,https://clutch.co/profile/cloudmellow,5.0,,https://cloudmellow.com/contact-us,"$10,000+",$150 - $199 / hr,50 - 249,"Plano, TX","50% Web Design, 20% Marketing Strategy, 10% Pay Per Click, 10% Search Engine Optimization, 10% UX/UI Design"
Actuate Media,https://clutch.co/profile/actuate-media,5.0,,https://www.actuatemedia.com/,"$1,000+",$100 - $149 / hr,2 - 9,"Seattle, WA","60% Search Engine Optimization, 25% Pay Per Click, 10% Social Media Marketing, 5% Content Marketing, Actuate Media is a digital marketing agency specializing in SEO, Google Adwords management, and content production. Their reviews highlight a 100% positive feedback rate, emphasizing their understanding of clients' business models and effective communication. Clients appreciate their personable service and efficient workflow, though some suggest a more proactive approach in driving project timelines."
Symphonic Digital,https://clutch.co/profile/symphonic-digital,5.0,10,http://www.symphonicdigital.com,"$5,000+",$50 - $99 / hr,10 - 49,"Calabasas, CA","30% Pay Per Click, 25% Search Engine Optimization, 20% Social Media Marketing, 10% Digital Strategy, 10% Media Planning & Buying"
Windmill Strategy,https://clutch.co/profile/windmill-strategy,4.9,24,https://www.windmillstrategy.com/,"$25,000+",$150 - $199 / hr,10 - 49,,"25% Digital Strategy, 25% Search Engine Optimization, 25% Web Design, 25% Web Development, Windmill Strategy is a digital marketing agency specializing in website development and optimization, particularly for industrial B2B clients. The overall feedback is overwhelmingly positive, with approximately 90% of reviewers praising their project management and communication. Many clients commend their expertise in SEO, responsiveness, and ability to cater to niche markets, although a few suggest improvements in CTA specificity and project management tools."
Venveo,https://clutch.co/profile/venveo,5.0,5,https://www.venveo.com/,,,10 - 49,,"20% Advertising, 20% Search Engine Optimization, 20% Social Media Marketing, 20% Web Design, 20% Web Development"
Visible Factors,https://clutch.co/profile/visible-factors,5.0,5,http://visiblefactors.com/,"$5,000+",$200 - $300 / hr,10 - 49,"Los Angeles, CA","40% Search Engine Optimization, 35% Pay Per Click, 10% Content Marketing, 10% Email Marketing, 5% Advertising"
Connective Web Design,https://clutch.co/profile/connective-web-design,5.0,2,https://connectivewebdesign.com/,"$10,000+",$100 - $149 / hr,10 - 49,"Katy, TX","40% Web Design, 20% Branding, 20% Pay Per Click, 20% Search Engine Optimization, Connective Web Design is a web design and SEO company praised for its high-quality service and strong client engagement, as evidenced by positive feedback from 100% of reviewers. Clients appreciate the company's cultural fit, responsiveness, boutique approach, and creative capabilities, although there was one mention of a delay in project completion."
The Creative Momentum,https://clutch.co/profile/creative-momentum,5.0,10,https://www.thecreativemomentum.com,"$25,000+",$150 - $199 / hr,10 - 49,"Alpharetta, GA","40% Web Design, 20% Web Development, 10% Conversion Optimization, 10% Pay Per Click, 10% Search Engine Optimization"
Blue Bear Creative,https://clutch.co/profile/blue-bear-creative,4.8,12,https://www.bluebearcreative.co/,"$10,000+",$150 - $199 / hr,10 - 49,"Denver, CO","85% Social Media Marketing, 15% Video Production, Blue Bear Creative is a social media marketing agency known for its innovative and adaptable strategies, primarily focusing on social media content creation, strategy, and community management. The company receives consistently positive feedback, with clients praising their creativity and the quality of their work. Approximately 90% of reviewers highlight their impressive adaptability and collaboration, although some mention minor project management improvements. Overall, Blue Bear Creative is highly regarded for its professionalism and ability to deliver engaging content."
Content Allies,https://clutch.co/profile/content-allies,5.0,2,https://contentallies.com/,"$5,000+",$200 - $300 / hr,50 - 249,"Colorado Springs, CO","50% Audio Production, 50% Content Marketing, Content Allies is a digital marketing agency specializing in organic SEO growth, podcast production, and short-form content creation. They are praised for their transparency, responsiveness, and effective communication, although one reviewer noted a need for improved innovation. Approximately 75% of reviewers highlight their alignment with company values and strategic insights in B2B podcasting."
Terra,https://clutch.co/profile/terra-0-0,5.0,2,https://terrahq.com/,"$75,000+",$150 - $199 / hr,50 - 249,"New York, NY","25% Branding, 25% Graphic Design, 25% Search Engine Optimization, 15% Web Design, 10% Low/No Code Development"
Brilliance,https://clutch.co/profile/brilliance,5.0,3,https://brilliancenw.com,"$1,000+",$100 - $149 / hr,2 - 9,,"25% Web Development, 20% Pay Per Click, 20% Search Engine Optimization, 20% Web Design, 15% E-Commerce Development"
Viral Nation,https://clutch.co/profile/viral-nation,5.0,2,https://www.viralnation.com/,"$250,000+",,250 - 999,"New York, NY","50% Social Media Marketing, 15% Performance Marketing, 10% Advertising, 10% Digital Strategy, 10% Event Marketing"
Momentic,https://clutch.co/profile/momentic,4.9,11,https://momenticmarketing.com/,"$5,000+",$150 - $199 / hr,2 - 9,,"60% Search Engine Optimization, 20% Generative AI, 10% Digital Strategy, 10% Web Development, Momentic is a specialized SEO and web development agency renowned for its expertise in digital marketing strategies and technical SEO solutions. Reviewers consistently highlight their exceptional project management, timely delivery, and comprehensive reporting, with 100% positive feedback regarding their communication skills and ability to boost search engine rankings. Approximately 80% of clients emphasize their innovative approach and attention to detail, leading to significant traffic and performance improvements."
ForeFront Web,https://clutch.co/profile/forefront-web,5.0,3,https://forefrontweb.com/,"$5,000+",$100 - $149 / hr,10 - 49,"Dublin, OH","35% Search Engine Optimization, 35% Web Design, 30% Digital Strategy, ForeFront Web is a web development and digital marketing agency praised for its professional expertise, creativity, and exceptional customer service. With 100% positive feedback, clients appreciate their timely delivery and ability to align with company values, making them a reliable partner for website design and development projects. Their team is noted for being supportive, knowledgeable, and an effective extension of their clients' teams."
Graze Marketing,https://clutch.co/profile/graze-marketing,5.0,8,https://grazemarketing.com/,"$5,000+",$50 - $99 / hr,2 - 9,,"30% Pay Per Click, 30% Web Design, 20% Digital Strategy, 20% Search Engine Optimization, Graze Marketing is a Michigan-based digital marketing agency offering services such as website design, SEO, content creation, and brand identity development. With a focus on high-quality, tailored solutions, they receive consistently positive reviews, with 100% of clients praising their communication and project management skills. Many clients highlight Graze Marketing's ability to deliver significant improvements in lead generation and online presence."
Elevation Marketing,https://clutch.co/profile/elevation-marketing-0,5.0,4,https://elevmarketing.com/,"$1,000+",$200 - $300 / hr,10 - 49,"Littleton, CO","25% Content Marketing, 25% Search Engine Optimization, 20% Pay Per Click, 15% Digital Strategy, 5% Email Marketing"
Sculpt,https://clutch.co/profile/sculpt,4.8,22,https://wearesculpt.com/,"$10,000+",$150 - $199 / hr,10 - 49,,"90% Social Media Marketing, 10% Advertising, Sculpt is a digital marketing agency specializing in social media strategy and engagement. The company has received overwhelmingly positive feedback, with over 90% of reviewers highlighting their strong project management, creativity, and proactive approach. Many clients appreciated Sculpt's ability to align with company values and deliver high-quality, tailored social media strategies, with significant improvements noted in brand engagement and audience growth."
"Web-Kare, LLC",https://clutch.co/profile/web-kare,4.9,5,https://web-kare.com/,"$1,000+",$150 - $199 / hr,2 - 9,,"50% Pay Per Click, 40% Web Design, 10% Search Engine Optimization, Web-Kare, LLC is a web design and digital marketing agency known for its exceptional customer service and comprehensive solutions. Clients consistently commend the company for its on-time delivery, responsive communication, and alignment with their goals, with 100% expressing satisfaction and appreciation for the team's professionalism and project execution. Their ability to seamlessly integrate into client operations and provide tailored, effective strategies is frequently highlighted."
Merge Studio,https://clutch.co/profile/merge-studio,5.0,10,https://merge.studio/,"$25,000+",$150 - $199 / hr,2 - 9,"Boulder, CO","30% Content Marketing, 30% Web Design, 30% Web Development, 10% Search Engine Optimization, Merge Studio is a web development company specializing in crafting tailored websites, particularly for nonprofits and mission-based organizations. Across their reviews, clients praise their excellent project management and responsiveness, with 100% positive feedback. Notably, 75% of reviewers highlight their expertise in nonprofit website development, emphasizing their understanding of organizational needs and the ability to translate them into effective digital solutions."
Consciously®,https://clutch.co/profile/consciously,4.8,3,http://consciouslyinc.com/,"$25,000+",$150 - $199 / hr,10 - 49,"Brooklyn, NY","30% Branding, 30% Marketing Strategy, 20% Content Marketing, 20% Digital Strategy, Consciously® is a marketing and branding agency known for content creation, brand identity development, and SEO strategies. Reviews highlight their strong market knowledge, creativity, and alignment with client values. While 67% of reviews commend their responsiveness and innovation, 33% suggest improvements in project management consistency. Clients appreciate their methodical approach and ability to embed seamlessly into teams, fostering collaborative partnerships."
memoryBlue,https://clutch.co/profile/memoryblue-0,4.7,23,https://memoryblue.com/,"$5,000+",,250 - 999,"Dallas, TX","25% Sales Outsourcing, 15% Call Center Services, 10% Account-Based Marketing, 10% Content Marketing, 10% Demand Generation Marketing"
INDIRAP,https://clutch.co/profile/indirap,4.9,8,https://www.indirap.com/,"$10,000+",,10 - 49,"Chicago, IL","50% Social Media Marketing, 50% Video Production, INDIRAP is a versatile video production company specializing in creating high-quality content for various industries, including real estate, hospitality, and digital marketing. Client reviews consistently highlight their creativity, professionalism, and the exceptional quality of their video products. With positive feedback from 100% of reviewers, clients frequently commend INDIRAP's effective communication, project management, and ability to capture client visions, contributing to increased engagement and business success."
EverEffect,https://clutch.co/profile/evereffect,5.0,2,https://www.evereffect.com/,"$5,000+",$100 - $149 / hr,10 - 49,,"20% Pay Per Click, 20% Search Engine Optimization, 10% Content Marketing, 10% Conversion Optimization, 10% Digital Strategy"
Taoti Creative,https://clutch.co/profile/taoti-creative,4.9,16,https://taoti.com,"$25,000+",$150 - $199 / hr,50 - 249,,"25% Advertising, 25% Branding, 20% Web Development, 10% Content Marketing, 10% Digital Strategy"
Response Mine Interactive,https://clutch.co/profile/response-mine-interactive,5.0,2,http://www.responsemine.com,"$25,000+",,10 - 49,"Atlanta, GA","40% Digital Strategy, 20% Pay Per Click, 15% Ecommerce Marketing, 15% Search Engine Optimization, 5% Content Marketing"
BellaVix,https://clutch.co/profile/bellavix,5.0,33,http://www.bellavix.com/,"$1,000+",$150 - $199 / hr,2 - 9,"Cary, NC","50% Pay Per Click, 20% Digital Strategy, 20% Search Engine Optimization, 10% Business Consulting, BellaVix is an Amazon advertising and management agency that specializes in optimizing Amazon listings, executing advertising strategies, and managing e-commerce accounts. Clients commend BellaVix for their extensive knowledge, proactive problem-solving, and effective project management. With a 100% positive feedback rate, reviews consistently highlight their ability to increase sales, improve ROI, and enhance brand presence while maintaining excellent communication and responsiveness."
The Brick Factory,https://clutch.co/profile/brick-factory,4.9,18,https://www.thebrickfactory.com/,"$10,000+",$150 - $199 / hr,10 - 49,,"40% Web Development, 20% Web Design, 10% Digital Strategy, 10% Pay Per Click, 10% Social Media Marketing"
Bear Icebox Communications,https://clutch.co/profile/bear-icebox-communications,4.9,16,https://bearicebox.com/,"$10,000+",$150 - $199 / hr,10 - 49,"Chicago, IL","50% Public Relations, 20% Content Marketing, 15% Digital Strategy, 15% Social Media Marketing, Bear Icebox Communications is a public relations agency known for its exceptional media outreach, brand awareness, and strategic communication services. With a focus on securing significant media placements, the company has received overwhelmingly positive feedback from clients, with approximately 100% of reviews highlighting their effective communication and responsiveness. Clients commend their ability to adapt to specific industry needs and cite impressive increases in media coverage and social media engagement."
Appetizer Mobile,https://clutch.co/profile/appetizer-mobile,4.8,10,https://www.appetizermobile.com/,"$10,000+",$50 - $99 / hr,10 - 49,"New York, NY","50% Mobile App Development, 30% UX/UI Design, 20% Mobile & App Marketing, Appetizer Mobile is a mobile app development company known for their comprehensive service offerings, including UX/UI design, app development, and industry consulting. Reviews consistently highlight their creativity, responsiveness, and collaborative approach, with 100% of clients expressing satisfaction. Clients appreciate their ability to exceed expectations and deliver on time, with 75% noting their impressive communication and project management skills."
Daniel Brian Advertising,https://clutch.co/profile/daniel-brian-advertising,4.9,4,https://danielbrian.com/contact-us/,"$250,000+",$200 - $300 / hr,50 - 249,,"30% Advertising, 20% Branding, 15% Media Planning & Buying, 10% Marketing Strategy, 10% Social Media Marketing"
Double Up Digital,https://clutch.co/profile/double-digital,4.8,6,https://doubleup.digital/,"$5,000+",$100 - $149 / hr,2 - 9,"Atlanta, GA","65% Web Design, 25% Search Engine Optimization, 10% Low/No Code Development, Double Up Digital is a comprehensive digital marketing and web development agency that specializes in SEO, PPC, and website redesign. Client feedback indicates a high level of satisfaction, with approximately 95% expressing positive experiences, citing effective communication, impressive project management, and significant improvements in website performance and traffic. A notable theme is their ability to efficiently address issues and achieve client goals."
PPC Force,https://clutch.co/profile/ppc-force,5.0,7,https://www.ppcforce.com,"$5,000+",$50 - $99 / hr,2 - 9,"San Diego, CA","60% Pay Per Click, 15% Search Engine Optimization, 15% Web Design, 10% Direct Marketing, PPC Force is a PPC agency that specializes in managing Google and Bing Ads campaigns, enhancing market outreach, and optimizing online marketing strategies. The company receives overwhelmingly positive feedback, with clients highlighting their timely project management and deep industry knowledge. Over 80% of reviewers commend their ability to provide valuable insights and achieve measurable outcomes like reduced cost per lead and increased ROI."
Milwaukee Web Design®,https://clutch.co/profile/milwaukee-web-design,5.0,3,https://milwaukee-webdesigner.com,"$5,000+",$100 - $149 / hr,10 - 49,,"35% Generative AI, 35% Web Design, 30% Search Engine Optimization, Milwaukee Web Design® is a web design company specializing in creating engaging and functional websites on platforms like WordPress, often incorporating third-party integrations like Salesforce. Reviews highlight their responsiveness, effective project management, and ability to deliver projects on time. With 100% positive feedback, clients consistently commend their communication skills and design expertise, indicating a strong alignment with client needs and expectations."
Web Tech Fusion,https://clutch.co/profile/web-tech-fusion,5.0,2,https://www.webtechfusion.com/lp/digital-marketing,"$5,000+",$100 - $149 / hr,10 - 49,,"20% Web Design, 20% Web Development, 15% Pay Per Click, 15% Search Engine Optimization, 15% Social Media Marketing"
eMarspro,https://clutch.co/profile/emarspro,5.0,18,https://emarspro.com/,"$1,000+",< $25 / hr,50 - 249,"Grand Prairie, TX","25% Pay Per Click, 20% E-Commerce Development, 15% Advertising, 10% Business Consulting, 10% Web Design"
Netalico,https://clutch.co/profile/netalico,4.9,28,https://netalico.com/pages/netalico-top-ecommerce-agency/,"$5,000+",$150 - $199 / hr,10 - 49,"Miami, FL","60% E-Commerce Development, 20% UX/UI Design, 10% Email Marketing, 10% Web Design, Netalico is a web development company specializing in e-commerce solutions, primarily utilizing platforms like Shopify and Magento. Reviews reveal that 100% of clients appreciate their design and development expertise, with most noting their flexibility and responsiveness. However, 40% mention communication as an area for improvement. Overall, clients commend Netalico for their high-quality work, efficiency, and ability to meet project deadlines while providing valuable solutions."
Labyrinth Brand Co,https://clutch.co/profile/labyrinth-brand-co,4.9,7,https://labyrinthbrandco.com/,"$10,000+",$150 - $199 / hr,2 - 9,"Plano, TX","30% Search Engine Optimization, 30% Web Design, 15% Branding, 15% Public Relations, 10% Social Media Marketing"
ClearBrand,https://clutch.co/profile/clearbrand-2,4.8,2,https://clearbrand.com/,"$10,000+",$150 - $199 / hr,2 - 9,"Colorado Springs, CO","50% Content Marketing, 50% Search Engine Optimization, ClearBrand is a web development company known for its expertise in creating tailored websites. Clients consistently praise their ability to align with business goals and deliver impressive results, with 100% positive feedback on their deliverables and communication. Notable strengths include their meticulous attention to client needs and robust post-launch support, although occasional minor launch issues were observed."
Cozy Design,https://clutch.co/profile/cozy-design,5.0,20,https://www.cozydesign.com/,"$10,000+",$100 - $149 / hr,10 - 49,"San Diego, CA","40% Web Design, 20% Graphic Design, 10% Event Marketing, 10% Print Design, 10% Social Media Marketing"
Renaissance Marketing,https://clutch.co/profile/renaissance-marketing-0,4.9,8,https://renaissancemarketingva.com/,"$1,000+",$100 - $149 / hr,2 - 9,"Tampa, FL","30% Search Engine Optimization, 20% Other Digital Marketing, 15% Pay Per Click, 15% Social Media Marketing, 10% Video Marketing"
Funnel Bakers,https://clutch.co/profile/funnel-bakers,5.0,20,http://funnelbakers.com,"$5,000+",$100 - $149 / hr,10 - 49,,"60% Sales Outsourcing, 25% Email Marketing, 15% CRM Consulting and SI, Funnel Bakers is a lead generation and sales funnel optimization company renowned for crafting high-converting sales funnels and automations. Across their reviews, 100% of clients praised their efficiency and responsiveness, with over 70% highlighting their ability to transform ideas into polished deliverables swiftly. While proactive updates were occasionally suggested as an area for improvement, the overall client satisfaction is notably high."
Olive & Company,https://clutch.co/profile/olive-company,5.0,2,http://www.oliveandcompany.com/,"$5,000+",$150 - $199 / hr,10 - 49,,"10% Branding, 10% Content Marketing, 10% Demand Generation Marketing, 10% Digital Strategy, 10% Logo"
UPRAISE Marketing + Public Relations,https://clutch.co/profile/upraise-marketing-public-relations,4.9,8,https://upraisepr.com,"$5,000+",,10 - 49,"San Francisco, CA","55% Public Relations, 15% Web Development, 10% Content Marketing, 10% Email Marketing, 10% Social Media Marketing"
Camberlion,https://clutch.co/profile/camberlion,4.9,19,https://camberlion.com/,"$5,000+",$100 - $149 / hr,10 - 49,"Melbourne, FL","20% Search Engine Optimization, 15% Branding, 10% Digital Strategy, 10% E-Commerce Development, 10% Low/No Code Development"
Mighty Roar,https://clutch.co/profile/mighty-roar,5.0,2,https://www.mightyroar.com/,"$25,000+",$150 - $199 / hr,10 - 49,"Roswell, GA","30% Digital Strategy, 25% Branding, 20% Advertising, 15% Content Marketing, 10% Social Media Marketing"
Punch PR,https://clutch.co/profile/punch-pr,4.9,8,http://punch-pr.com/,"$5,000+",$150 - $199 / hr,10 - 49,,"55% Public Relations, 10% Content Marketing, 10% Event Management, 10% Event Marketing, 10% Social Media Marketing"
Eastern Standard,https://clutch.co/profile/eastern-standard,5.0,6,http://easternstandard.com,"$25,000+",$150 - $199 / hr,10 - 49,"Philadelphia, PA","25% Web Design, 25% Web Development, 15% Branding, 15% UX/UI Design, 10% Digital Strategy"
X Agency,https://clutch.co/profile/x-agency,5.0,21,https://xagency.com/,"$10,000+",$200 - $300 / hr,10 - 49,"Lynnfield, MA","15% Demand Generation Marketing, 15% Pay Per Click, 15% Performance Marketing, 15% Search Engine Optimization, 10% Conversion Optimization"
Upwynn Marketing,https://clutch.co/profile/upwynn-marketing,5.0,2,https://upwynnmarketing.com,"$1,000+",,10 - 49,"Orlando, FL","20% Media Planning & Buying, 20% Other Digital Marketing, 20% Pay Per Click, 20% Search Engine Optimization, 10% Advertising"
Paragon Digital Marketing,https://clutch.co/profile/paragon-digital-marketing,5.0,2,https://paragondigital.com/,"$5,000+",$150 - $199 / hr,10 - 49,,"20% Digital Strategy, 20% Search Engine Optimization, 15% Pay Per Click, 15% Web Design, 10% Conversion Optimization"
IronGlove Studio®,https://clutch.co/profile/ironglove-studio,4.9,17,https://www.ironglove.studio/,"$10,000+",$100 - $149 / hr,2 - 9,,"25% Web Development, 20% E-Commerce Development, 15% Custom Software Development, 10% Digital Strategy, 10% Other Digital Marketing"
Spinutech,https://clutch.co/profile/spinutech-1,5.0,4,https://www.spinutech.com/,"$25,000+",$150 - $199 / hr,50 - 249,"Elmhurst, IL","10% Custom Software Development, 10% Digital Strategy, 10% E-Commerce Development, 10% Email Marketing, 10% Pay Per Click"
Elite SEO Consulting,https://clutch.co/profile/elite-seo-consulting,5.0,27,https://www.eliteseoconsulting.com,"$1,000+",$100 - $149 / hr,2 - 9,"Colorado Springs, CO","85% Search Engine Optimization, 15% Web Design, Elite SEO Consulting is a specialized SEO agency known for providing comprehensive search engine optimization and website maintenance services. The firm consistently receives positive feedback, with 100% of reviewers praising their project management, responsiveness, and ability to achieve tangible results, such as improved keyword rankings and increased organic traffic. Clients frequently commend their strategic approach and alignment with company values, enhancing client relationships and business performance."
Dragon360,https://clutch.co/profile/dragon360,5.0,11,https://dragon360.com/services/,"$1,000+",$100 - $149 / hr,10 - 49,"Kingston, NY","20% Account-Based Marketing, 20% Advertising, 20% Demand Generation Marketing, 15% Pay Per Click, 15% Performance Marketing"
MAXBURST,https://clutch.co/profile/maxburst,4.8,7,http://www.maxburst.com/,"$25,000+",$150 - $199 / hr,10 - 49,"Farmingdale, NY","30% Web Design, 25% Search Engine Optimization, 25% Web Development, 10% AI Consulting, 10% AI Development"
Big Boy Media Group,https://clutch.co/profile/big-boy-media-group,5.0,2,https://www.bigboymediagroup.com,"$25,000+",$150 - $199 / hr,10 - 49,"Maitland, FL","15% Advertising, 15% Media Planning & Buying, 15% Pay Per Click, 15% Search Engine Optimization, 15% Social Media Marketing"
Volume Public Relations,https://clutch.co/profile/volume-public-relations,5.0,2,https://volumepr.com/,"$10,000+",,10 - 49,"Denver, CO","55% Public Relations, 10% Branding, 10% Event Management, 10% Market Research, 10% Social Media Marketing"
Digital Strike - Targeted Marketing,https://clutch.co/profile/digital-strike-targeted-marketing,5.0,,https://www.digitalstrike.com/,"$5,000+",$150 - $199 / hr,10 - 49,,"25% Digital Strategy, 25% Pay Per Click, 25% Search Engine Optimization, 10% Content Marketing, 10% Social Media Marketing"
GenSales,https://clutch.co/profile/gensales,4.8,23,https://gensales.com/,"$5,000+",$100 - $149 / hr,50 - 249,"Denver, CO","90% Sales Outsourcing, 10% Email Marketing, GenSales - B2B LeadGen is a lead generation and direct marketing firm specializing in B2B outreach and appointment setting. They are commended for their value-for-cost services, industry understanding, and commitment to producing results, with approximately 87.5% of reviews highlighting positive outcomes such as increased lead quality and revenue growth. However, a minority of feedback (12.5%) suggests areas for improvement in communication and project management."
ThinkPod Agency,https://clutch.co/profile/thinkpod-agency,4.9,10,https://thinkpodagency.com/,"$10,000+",$100 - $149 / hr,10 - 49,"Orlando, FL","20% Search Engine Optimization, 20% Web Design, 15% Branding, 15% Content Marketing, 15% Digital Strategy"
Commerce Pundit,https://clutch.co/profile/commerce-pundit-0,4.7,31,https://www.commercepundit.com/,"$5,000+",$25 - $49 / hr,250 - 999,"Duluth, GA","20% AI Development, 10% AI Agents, 10% Custom Software Development, 10% E-Commerce Development, 10% Ecommerce Marketing"
Brill Media,https://clutch.co/profile/brill-media,4.9,5,https://brillmedia.co/,"$1,000+",$100 - $149 / hr,10 - 49,"Los Angeles, CA","70% Media Planning & Buying, 10% Advertising, 10% Pay Per Click, 10% Social Media Marketing, Brill Media is a digital media agency specializing in paid media management, social media marketing, SEO, and media buying. Reviews indicate a high level of client satisfaction, with 100% of feedback being positive. The firm is commended for its professionalism, expertise, and impactful project management, consistently delivering impressive ROI and promoting clients' business growth."
Columbus Marketing Experts,https://clutch.co/profile/columbus-marketing-experts,5.0,2,https://www.columbusmarketingexperts.com,"$5,000+",$100 - $149 / hr,2 - 9,"Hilliard, OH","35% Search Engine Optimization, 25% Digital Strategy, 20% Content Marketing, 10% Conversion Optimization, 10% Pay Per Click"
ThrivePOP,https://clutch.co/profile/thrivepop,5.0,2,https://info.thrivepop.com/marketing-services-clutch,"$5,000+",$100 - $149 / hr,10 - 49,,"40% Digital Strategy, 25% Branding, 10% Graphic Design, 10% Logo, 10% Social Media Marketing"
Reputation Defense Network,https://clutch.co/profile/reputation-defense-network,5.0,8,https://reputationdefensenetwork.com/,"$1,000+",$150 - $199 / hr,10 - 49,"San Francisco, CA","60% Public Relations, 10% Content Marketing, 10% Content Moderation Services, 10% Corporate Law, 10% Digital Strategy"
Melleka Marketing - A Digital Marketing Agency,https://clutch.co/profile/melleka-marketing-digital-marketing-agency,5.0,47,https://www.melleka.com/,,$50 - $99 / hr,10 - 49,"Glendale, CA","10% Affiliate Marketing, 10% Content Marketing, 10% Digital Strategy, 10% Email Marketing, 10% Mobile & App Marketing"
Practice Cafe,https://clutch.co/profile/practice-cafe,5.0,3,https://www.practicecafe.com/,,,10 - 49,"Austin, TX","25% Pay Per Click, 25% Search Engine Optimization, 20% Web Design, 10% Branding, 10% Graphic Design"
SEO Guru Atlanta,https://clutch.co/profile/seo-guru-atlanta,3.7,3,https://www.seoguruatlanta.com/,"$1,000+",$50 - $99 / hr,10 - 49,"Cumming, GA","55% Search Engine Optimization, 15% Web Development, 10% Pay Per Click, 10% Social Media Marketing, 10% Web Design"
Clectiq,https://clutch.co/profile/clectiq,5.0,10,https://clectiq.com,"$5,000+",$100 - $149 / hr,2 - 9,"New York, NY","70% Search Engine Optimization, 20% Pay Per Click, 10% Social Media Marketing, Clectiq is a digital marketing and web development company, offering services in SEO, Google Ads management, and website design and development. Across seven reviews, 100% of clients report positive experiences, highlighting Clectiq’s proactive project management, responsiveness, and deep industry knowledge. Approximately 86% of reviewers emphasize their satisfaction with Clectiq's ability to meet deadlines and deliver exceptional results."
Foreignerds INC.,https://clutch.co/profile/foreignerds,5.0,51,https://foreignerds.com/,"$10,000+",$25 - $49 / hr,250 - 999,,"25% Mobile App Development, 20% Custom Software Development, 20% Search Engine Optimization, 15% E-Commerce Development, 10% UX/UI Design"
"Esco Logics, LLC",https://clutch.co/profile/esco-logics,5.0,9,http://www.escologics.com/,"$5,000+",$50 - $99 / hr,10 - 49,"Bartlett, IL","35% Web Development, 20% Search Engine Optimization, 20% UX/UI Design, 15% Custom Software Development, 10% Mobile App Development"
"White Peak Marketing, SEO & Web Design",https://clutch.co/profile/white-peak-marketing-seo-web-design,5.0,14,https://whitepeak.io/,"$1,000+",$100 - $149 / hr,10 - 49,,"20% Search Engine Optimization, 10% Affiliate Marketing, 10% Content Marketing, 10% Conversion Optimization, 10% Digital Strategy"
Smargasy Inc,https://clutch.co/profile/smargasy,5.0,4,https://www.smargasy.com/,"$5,000+",$100 - $149 / hr,2 - 9,"Fort Myers, FL","20% Web Development, 10% Conversion Optimization, 10% Custom Software Development, 10% E-Commerce Development, 10% Low/No Code Development"
360 ELEVATED® Marketing. Advertising. Public Relations.,https://clutch.co/profile/360-elevated-marketing-advertising-public-relations,5.0,3,https://www.360elevated.com,"$5,000+",$100 - $149 / hr,10 - 49,,"10% Advertising, 10% Branding, 10% Graphic Design, 10% Pay Per Click, 10% Search Engine Optimization"
BrandLyft,https://clutch.co/profile/brandlyft,5.0,23,https://brandlyft.io/,"$1,000+",$150 - $199 / hr,10 - 49,"Cartersville, GA","15% AI Consulting, 15% AI Development, 15% Generative AI, 15% SMS Marketing, 10% Advertising"
OSMOS,https://clutch.co/profile/osmos,5.0,6,https://www.osmos.co/,"$25,000+",$150 - $199 / hr,10 - 49,"New York, NY","20% Web Design, 15% Branding, 15% Mobile App Development, 10% AI Development, 10% Custom Software Development"
Anuttara Internet Marketing (AIM-The AIM To Grow),https://clutch.co/profile/anuttara-internet-marketing-aim-aim-grow,5.0,5,https://theaimtogrow.com/,"$1,000+",$25 - $49 / hr,10 - 49,"Cincinnati, OH","60% Search Engine Optimization, 20% Web Design, 20% Web Development, Anuttara Internet Marketing is a versatile digital marketing agency specializing in B2B content creation, web development, and SEO services. With 100% positive feedback across reviews, clients commend their project management, timely delivery, and effective communication. Approximately 66% of reviewers highlight their cultural fit and alignment with company values, while others emphasize their technical expertise and proactive approach."
Compete Now,https://clutch.co/profile/compete-now,5.0,7,http://startcompeting.com/,"$5,000+",$100 - $149 / hr,2 - 9,"North Andover, MA","60% Web Design, 20% Pay Per Click, 10% Logo, 10% Search Engine Optimization, Compete Now is a web development company specializing in website design, member management systems, and SEO services. With a strong emphasis on client satisfaction, their reviews reflect an overwhelmingly positive sentiment with approximately 95% of reviewers praising their responsiveness, project management, and the quality of deliverables. Clients consistently highlight Compete Now's ability to translate vision into reality and commend their expertise and attentive communication."
Whittington Consulting,https://clutch.co/profile/whittington-consulting,5.0,11,https://inbound.rickwhittington.com/inb-clutch,"$10,000+",$150 - $199 / hr,2 - 9,,"25% Search Engine Optimization, 25% Web Design, 20% Digital Strategy, 15% CRM Consulting and SI, 15% Content Marketing"
Liquid Media,https://clutch.co/profile/liquid-media,5.0,,https://liquid.media/,,$100 - $149 / hr,10 - 49,,"20% Advertising, 20% Social Media Marketing, 20% Web Design, 8% Graphic Design, 8% Logo"
GreenBanana SEO and Digital Marketing Agency,https://clutch.co/profile/greenbanana-seo-digital-marketing-agency,4.8,2,https://www.greenbananaseo.com/,"$5,000+",$200 - $300 / hr,10 - 49,"Beverly, MA","25% Pay Per Click, 25% Search Engine Optimization, 20% Advertising, 15% Social Media Marketing, 15% Web Development"
Chirp,https://clutch.co/profile/chirp-0,5.0,5,https://www.chirppr.com/,"$5,000+",$150 - $199 / hr,10 - 49,"Atlanta, GA","45% Public Relations, 30% Content Marketing, 10% Graphic Design, 10% Social Media Marketing, 5% Video Production"
Luma Visibility,https://clutch.co/profile/luma-visibility,5.0,4,https://www.lumavisibility.com/,"$1,000+",$100 - $149 / hr,2 - 9,,"50% Search Engine Optimization, 30% Content Marketing, 20% Pay Per Click, Luma Visibility is a marketing agency specializing in website transitions, online store launches, and comprehensive digital marketing campaigns, including Google Ads and SEO. Reviews are overwhelmingly positive, with clients praising their project management, timely delivery, and personalized service. About 100% of reviewers noted their satisfaction with Luma Visibility's tailored and value-driven approach."
Impakt Digital,https://clutch.co/profile/impakt-digital,5.0,,https://www.impaktdigital.com/,"$5,000+",$100 - $149 / hr,2 - 9,,"25% Content Marketing, 25% Pay Per Click, 25% Search Engine Optimization, 25% Web Design, Impakt Digital is a web development company known for enhancing website visibility and traffic. The firm is praised for its creativity and hands-on approach, with 100% positive feedback highlighting effective communication and impressive deliverables. Their work is regarded as visually appealing, contributing to strong client satisfaction."
Colophon New Media,https://clutch.co/profile/colophon-new-media,5.0,3,https://www.cnmwebsite.com/,"$5,000+",$100 - $149 / hr,10 - 49,,"35% Web Design, 35% Web Development, 15% Pay Per Click, 10% Search Engine Optimization, 5% Content Marketing"
Motive,https://clutch.co/profile/motive-0,5.0,20,https://createmotive.com/,"$10,000+",$100 - $149 / hr,2 - 9,,"40% Branding, 40% Web Design, 10% Pay Per Click, 10% Web Development, Motive is a digital marketing and web development company offering services such as SEO, website redesign, and branding. They are highly praised for their timely project management and responsiveness, with approximately 90% of reviewers highlighting their professionalism and communication. The firm is commended for fostering strong client relationships and delivering impactful results, such as increased prospective calls and enhanced user engagement."
Trevelino/Keller,https://clutch.co/profile/trevelinokeller,4.5,,http://trevelinokeller.com/,"$5,000+",$150 - $199 / hr,50 - 249,"Atlanta, GA","40% Public Relations, 10% Content Marketing, 10% Email Marketing, 10% Event Management, 10% Mobile & App Marketing"
Carbon,https://clutch.co/profile/carbon-1,5.0,,http://www.explorecarbon.com,"$10,000+",$150 - $199 / hr,10 - 49,"Amesbury, MA","25% Digital Strategy, 25% Media Planning & Buying, 15% Marketing Strategy, 15% Web Design, 10% Graphic Design"
Stella Rising,https://clutch.co/profile/stella-rising-0,4.9,9,http://www.stellarising.com/,,,50 - 249,,"20% Digital Strategy, 20% E-Commerce Development, 15% Market Research, 15% Media Planning & Buying, 10% Marketing Strategy"
Simple Search Marketing,https://clutch.co/profile/simple-search-marketing,5.0,4,https://simplesearch.marketing/,"$5,000+",$150 - $199 / hr,10 - 49,"New Windsor, NY","20% Advertising, 20% CRM Consulting and SI, 20% Pay Per Click, 20% Search Engine Optimization, 20% Social Media Marketing"
"Internet Design and Publishing, Inc.",https://clutch.co/profile/internet-design-publishing,5.0,2,https://www.goidp.com/,"$5,000+",$100 - $149 / hr,2 - 9,,"35% Web Design, 35% Web Development, 20% Search Engine Optimization, 10% Pay Per Click, Internet Design and Publishing, Inc. is a versatile digital services company specializing in web design, link-building, and site management. With an impressive track record, it garnered 100% positive feedback for timely delivery and professionalism. Reviewers praised their ability to scale with business needs, with 50% highlighting growth and revenue increases. Their commitment to budget and deadlines sets them apart in the tech industry."
"Blueshoon, inc",https://clutch.co/profile/blueshoon,4.8,3,http://www.blueshoon.com/,"$10,000+",$100 - $149 / hr,10 - 49,"Chicago, IL","50% Web Development, 25% Web Design, 13% Email Marketing, 12% E-Commerce Development, Blueshoon, inc is a versatile development company providing services such as web development, software updates, and digital strategy creation. Overall feedback indicates a high level of client satisfaction, with approximately 90% of reviews highlighting their exceptional project management, responsiveness, and flexibility. Clients appreciate their authenticity and the ability to deliver on promises, with occasional suggestions for improved financial understanding and transparency in internal processes."
Chase Design,https://clutch.co/profile/chase-design,5.0,19,https://chrischasedesign.com/,"$10,000+",$150 - $199 / hr,2 - 9,"Carlsbad, CA","70% Web Design, 10% Branding, 10% Logo, 10% Search Engine Optimization, Chase Design is a multi-faceted design agency specializing in website design, branding, and digital marketing services. Their clients consistently praise their creativity, professionalism, and project management efficacy, with 100% of reviews highlighting timely delivery and superior communication. Many clients, like Ruffled Apron Foods and Nelson, report increased engagement and satisfaction with Chase Design's work, underscoring their adaptability and strategic approach to design and branding."
MassMedia,https://clutch.co/profile/massmedia-0,5.0,2,http://massmediacc.com/,"$5,000+",$150 - $199 / hr,10 - 49,,"10% Advertising, 10% Demand Generation Marketing, 10% Digital Strategy, 10% Marketing Strategy, 10% Media Planning & Buying"
IGNITE Media,https://clutch.co/profile/ignite-media-1,5.0,21,https://www.chooseignite.com/,"$5,000+",$100 - $149 / hr,2 - 9,,"40% Web Design, 30% Web Development, 20% Search Engine Optimization, 10% Graphic Design, IGNITE Media is a versatile digital marketing and media agency offering services such as SEO, web development, video production, and digital marketing strategy. The company is highly praised for its responsive communication, professionalism, and ability to deliver projects on time and within budget. Approximately 100% of reviews highlight their excellent customer service and innovative approach, with clients frequently noting their attentiveness and thorough project management."
3Sixty Agency,https://clutch.co/profile/3sixty-agency,4.9,14,https://3Sixty.Agency,"$5,000+",,2 - 9,,"50% Web Design, 10% Email Marketing, 10% Pay Per Click, 10% Search Engine Optimization, 10% Social Media Marketing"
Blueprint Digital,https://clutch.co/profile/blueprint-digital,5.0,,https://blueprintdigital.com/,"$5,000+",$100 - $149 / hr,10 - 49,"Atlanta, GA","20% Pay Per Click, 20% Search Engine Optimization, 20% Social Media Marketing, 10% Branding, 10% Marketing Strategy"
Blade Commerce,https://clutch.co/profile/blade-commerce,4.0,,https://www.bladecommerce.com/,"$1,000+",,2 - 9,,"30% Email Marketing, 25% Ecommerce Marketing, 10% Content Marketing, 10% Search Engine Optimization, 10% Social Media Marketing"
Bloom Creativ,https://clutch.co/profile/bloom-creativ,5.0,13,https://bloomcreativ.com/get-started,"$5,000+",$100 - $149 / hr,2 - 9,,"90% Video Production, 10% Content Marketing, Bloom Creativ is a creative agency specializing in video production, photography, and marketing services. They have received overwhelmingly positive feedback from clients, with 100% of reviewers commending their professionalism, creativity, and collaborative approach. Clients particularly appreciate Bloom Creativ's project management skills, timely communication, and ability to transform ideas into high-quality visual content, often resulting in measurable success for their marketing endeavors."
Integrated IT Solutions,https://clutch.co/profile/integrated-it-solutions-1,5.0,2,https://integrated-itsolutions.com/,"$10,000+",$50 - $99 / hr,10 - 49,"Clarkston, WA","40% Custom Software Development, 30% Social Media Marketing, 10% Content Marketing, 10% Mobile App Development, 10% Search Engine Optimization"
Avenue 25,https://clutch.co/profile/avenue-25,4.9,14,https://ave25.com/,"$1,000+",$150 - $199 / hr,2 - 9,,"20% Search Engine Optimization, 15% Graphic Design, 15% Web Design, 10% Branding, 10% Digital Strategy"
Global Social Media Marketing,https://clutch.co/profile/global-social-media-marketing,4.5,2,https://www.globalsocialmediamarketing.com/,"$1,000+",$50 - $99 / hr,2 - 9,"Denver, CO","20% Social Media Marketing, 10% Advertising, 10% Corporate Training & Coaching, 10% Digital Strategy, 10% Ecommerce Marketing"
Jordan Marketing Consultants,https://clutch.co/profile/jordan-marketing-consultants,4.9,7,https://jordanmarketingconsultants.com/,"$1,000+",$150 - $199 / hr,2 - 9,"League City, TX","90% Search Engine Optimization, 10% Content Marketing, Jordan Marketing Consultants is a versatile web development company specializing in creating tailored websites for small businesses and organizations. Overall, client feedback is highly positive, with nearly 100% of reviewers praising their responsiveness, professionalism, and personalized approach. Approximately 80% of reviewers commend their ability to meet deadlines and provide insightful suggestions beyond the project's scope."
Aqsa Shahzad Official LLC,https://clutch.co/profile/aqsa-shahzad-official,4.8,2,https://aqsashahzad.com/,"$10,000+",$50 - $99 / hr,2 - 9,,"50% E-Commerce Development, 10% API Development, 10% Conversion Optimization, 10% Email Marketing, 10% Mobile App Development"
Utah SEO Experts,https://clutch.co/profile/utah-seo-experts,5.0,3,https://utahseoexperts.com,,,10 - 49,,"15% Generative AI, 15% Search Engine Optimization, 10% Digital Strategy, 10% Ecommerce Marketing, 10% Pay Per Click"
Five Star Commerce,https://clutch.co/profile/five-star-commerce,5.0,4,https://fivestarcommerce.com/,,$100 - $149 / hr,10 - 49,,"50% Advertising, 35% Search Engine Optimization, 15% Pay Per Click, Five Star Commerce is a specialized Amazon growth agency that excels in managing seller accounts, creating ad campaigns, and optimizing product listings. Their services have led to substantial sales increases for clients, with 100% of reviews highlighting their effective project management and impressive communication. Clients consistently express satisfaction with their results, noting significant sales growth and no areas for improvement."
MAIUS,https://clutch.co/profile/maius,4.9,5,https://www.maius.com/,"$5,000+",$100 - $149 / hr,2 - 9,,"25% Digital Strategy, 25% Pay Per Click, 20% Ecommerce Marketing, 10% Email Marketing, 5% Conversion Optimization"
EDUCO,https://clutch.co/profile/educo,4.7,20,http://www.educowebdesign.com,"$50,000+",$150 - $199 / hr,10 - 49,"Oak Park, IL","55% Web Design, 20% Digital Strategy, 10% Search Engine Optimization, 10% Video Production, 5% Corporate Photography"
The Deciding Factor,https://clutch.co/profile/deciding-factor,5.0,,https://decidingfactor.us/,"$1,000+",$150 - $199 / hr,10 - 49,"Mason, OH","10% Advertising, 10% Content Marketing, 10% Digital Strategy, 10% Email Marketing, 10% Graphic Design"
11 Marketing + Design,https://clutch.co/profile/11-marketing-design,5.0,2,https://11marketing.com/,"$1,000+",$50 - $99 / hr,2 - 9,"Amarillo, TX","30% Search Engine Optimization, 20% Web Design, 15% Pay Per Click, 10% Marketing Strategy, 10% Social Media Marketing"
OMNI Creative Agency,https://clutch.co/profile/omni-creative-agency,5.0,2,https://omni-agency.com/,"$1,000+",$150 - $199 / hr,2 - 9,"Charlotte, NC","25% Branding, 20% Pay Per Click, 20% Social Media Marketing, 15% Marketing Strategy, 10% Logo"
Lead Gear,https://clutch.co/profile/lead-gear,4.8,4,https://www.leadgear.com/,"$5,000+",$150 - $199 / hr,10 - 49,"Richardson, TX","40% Search Engine Optimization, 30% Web Design, 15% Pay Per Click, 10% Marketing Strategy, 5% Email Marketing"
Gorilla 76,https://clutch.co/profile/gorilla-76,5.0,,https://www.gorilla76.com/,"$10,000+",,10 - 49,,"25% Content Marketing, 25% Conversion Optimization, 25% Search Engine Optimization, 25% Web Design, Gorilla 76 is a marketing agency specializing in brand magnification, video content, and focused marketing web content. Reviews highlight a positive impact on sales growth and web leads, with 100% of feedback praising their project management and team quality. Clients report no areas for improvement, indicating consistent satisfaction with Gorilla 76's services."
Paul Gregory Media,https://clutch.co/profile/paul-gregory-media,5.0,2,https://www.paulgregorymedia.com/,"$1,000+",$150 - $199 / hr,2 - 9,"Naperville, IL","20% Branding, 20% Web Development, 15% Social Media Marketing, 10% Search Engine Optimization, 10% Web Design"
RedTree Web Design,https://clutch.co/profile/redtree-web-design,4.9,9,https://redtreewebdesign.com/,"$10,000+",$200 - $300 / hr,2 - 9,"Pittsburgh, PA","30% Web Design, 30% Web Development, 20% E-Commerce Development, 10% Search Engine Optimization, 10% UX/UI Design"
Inovāt,https://clutch.co/profile/inov-t,4.8,7,http://www.inovat.com/,"$25,000+",$150 - $199 / hr,10 - 49,"New York, NY","30% Digital Strategy, 20% Marketing Strategy, 10% Account-Based Marketing, 10% Branding, 10% Web Design"
Sembyotic,https://clutch.co/profile/sembyotic,5.0,2,https://sembyotic.com/,"$5,000+",$150 - $199 / hr,2 - 9,"San Jose, CA","20% Pay Per Click, 15% Search Engine Optimization, 15% Social Media Marketing, 15% Web Development, 10% Advertising"
Growth Marketing Werks,https://clutch.co/profile/growth-marketing-werks,5.0,6,https://growthmarketingwerks.com/,"$5,000+",,2 - 9,"Golden, CO","30% Advertising, 30% Media Planning & Buying, 10% Account-Based Marketing, 10% Demand Generation Marketing, 10% Pay Per Click"
Weber & Co.,https://clutch.co/profile/weber-co,5.0,16,https://weberco.io,"$1,000+",$100 - $149 / hr,2 - 9,,"25% Web Design, 15% Search Engine Optimization, 10% Business Consulting, 10% Custom Software Development, 10% Graphic Design"
Allegiant Digital Marketing,https://clutch.co/profile/allegiant-digital-marketing,5.0,,https://allegiantdigital.com,"$1,000+",$150 - $199 / hr,10 - 49,"Austin, TX","20% Search Engine Optimization, 15% Digital Strategy, 15% Pay Per Click, 15% Web Design, 10% Social Media Marketing"
Mightybytes,https://clutch.co/profile/mightybytes,4.8,9,https://www.mightybytes.com/,"$5,000+",$150 - $199 / hr,2 - 9,"Chicago, IL","30% Web Development, 25% Other Digital Marketing, 20% UX/UI Design, 15% Search Engine Optimization, 10% Conversion Optimization"
Magnetic North,https://clutch.co/profile/magnetic-north,5.0,2,https://magnorth.com/,"$10,000+",$100 - $149 / hr,10 - 49,,"20% Search Engine Optimization, 10% Conversion Optimization, 10% Digital Strategy, 10% E-Commerce Development, 10% Email Marketing"
Soarion Digital,https://clutch.co/profile/soarion-digital,5.0,,https://www.soariondigital.com/,"$5,000+",,2 - 9,"Cleveland, OH","60% Search Engine Optimization, 30% Pay Per Click, 10% Performance Marketing, Soarion Digital is a digital marketing company specializing in SEO, Google Ads, and brand reputation management. With 100% positive feedback, clients praise their attentiveness, timely responses, and advanced use of AI. Soarion Digital has been described as making a significant impact by providing clear direction for business growth."
Striking Alchemy,https://clutch.co/profile/striking-alchemy,5.0,,https://www.strikingalchemy.com/,"$5,000+",$100 - $149 / hr,2 - 9,"Cranberry Township, PA","35% E-Commerce Development, 25% Web Development, 15% Digital Strategy, 10% Branding, 10% Search Engine Optimization"
ADvine,https://clutch.co/profile/advine,5.0,2,https://www.advineagency.com,,,10 - 49,"Fresno, CA","15% Advertising, 15% Social Media Marketing, 10% Corporate Photography, 10% Graphic Design, 10% Media Planning & Buying"
Mode Effect,https://clutch.co/profile/mode-effect,5.0,2,https://modeeffect.com/,"$1,000+",$150 - $199 / hr,10 - 49,,"60% E-Commerce Development, 20% Web Design, 10% Search Engine Optimization, 5% Advertising, 5% Digital Strategy"
Hexapoint Medical Marketing,https://clutch.co/profile/hexapoint-medical-marketing,5.0,3,https://hexapoint.com/,"$1,000+",$100 - $149 / hr,50 - 249,,"15% Search Engine Optimization, 15% Social Media Marketing, 15% Web Design, 15% Web Development, 10% Graphic Design"
Big Fin SEO,https://clutch.co/profile/big-fin-seo,5.0,,http://www.bigfinseo.com,"$1,000+",$200 - $300 / hr,10 - 49,,"80% Search Engine Optimization, 5% Content Marketing, 5% Pay Per Click, 5% Social Media Marketing, 5% Web Design"
POMOROI,https://clutch.co/profile/pomoroi,5.0,5,https://pomoroi.com/,"$5,000+",$200 - $300 / hr,10 - 49,"Dallas, TX","15% Advertising, 15% Branding, 15% Pay Per Click, 15% Search Engine Optimization, 15% Social Media Marketing"
"Three Ventures Technology, Inc.",https://clutch.co/profile/three-ventures-technology,4.8,17,https://threeventures.com/,"$5,000+",$200 - $300 / hr,10 - 49,"Roseville, CA","20% Pay Per Click, 15% CRM Consulting and SI, 15% Cloud Consulting & SI, 10% AI Development, 10% BI & Big Data Consulting & SI"
Nifty Fifty Solutions,https://clutch.co/profile/nifty-fifty-solutions,5.0,,https://niftyfiftysolutions.com,"$10,000+",$150 - $199 / hr,2 - 9,"Richardson, TX","25% Web Design, 20% Search Engine Optimization, 20% Social Media Marketing, 10% Branding, 10% Marketing Strategy"
Desverto,https://clutch.co/profile/desverto,5.0,21,https://desverto.com/,"$1,000+",$25 - $49 / hr,10 - 49,"Austin, TX","35% Graphic Design, 25% Pay Per Click, 10% Content Writing Services, 10% Ecommerce Marketing, 10% Logo"
Publicity For Good,https://clutch.co/profile/publicity-good,4.5,12,https://publicityforgood.com/,"$5,000+",,50 - 249,,"85% Public Relations, 15% Social Media Marketing, Publicity For Good is a public relations firm offering services such as media strategy development, press placements, and interview coordination. Across their reviews, clients consistently commend their strong project management, timely communication, and alignment with client values. Notably, over 85% of reviewers express satisfaction with their results, highlighting significant media exposure and increased brand awareness. Clients appreciate their empathy and tailored approach, although some request more proactive suggestions for improvement."
Clique Affiliate Marketing,https://clutch.co/profile/clique-affiliate-marketing,4.8,2,https://www.cliqueaffiliate.com,"$1,000+",$150 - $199 / hr,2 - 9,,"100% Affiliate Marketing, Clique Affiliate Marketing is a specialized affiliate marketing agency with expertise in driving revenue and brand growth through affiliate platforms and digital publications. Across their reviews, clients highlight their excellent project management, responsiveness, and impressive ROI, with mentions of brand growth and increased revenue, such as a reported 43% revenue increase and nearly nine times ROI. All feedback is positive, emphasizing their adaptability and effectiveness in meeting client needs., Clique Affiliate Marketing has received positive feedback across various industries, including consumer products and other sectors. Clients in the consumer products industry, such as Otter Products, praised their ability to drive significant brand growth and revenue, reporting increases of up to 43%. In the other industries, ShelterLogic Group highlighted the provider's responsive project management and alignment with company values. Overall, Clique Affiliate Marketing demonstrates strong expertise in digital marketing and affiliate management, making them a suitable partner for businesses seeking growth in consumer and related sectors."
MoDuet,https://clutch.co/profile/moduet,5.0,2,https://moduet.com,"$1,000+",$100 - $149 / hr,2 - 9,,"12% Marketing Strategy, 12% Web Development, 8% Branding, 8% Digital Strategy, 8% Email Marketing"
Snow Consulting,https://clutch.co/profile/snow-consulting,5.0,2,http://www.snow-consulting.com,"$1,000+",,10 - 49,,"100% Affiliate Marketing, Snow Consulting is an affiliate marketing agency highly praised for its expertise in developing and managing affiliate programs. The company has generated impressive results, including a 15x ROI and consistent growth in affiliate marketing revenue. Clients commend their prompt communication, strategic approach, and deep industry connections, with 100% of reviewers expressing satisfaction and highlighting no areas for improvement."
Dirigo Creative Inc,https://clutch.co/profile/dirigo-creative,5.0,1,https://dirigocreative.com/,"$5,000+",$100 - $149 / hr,2 - 9,"Raleigh, NC","25% Search Engine Optimization, 25% Web Design, 15% Graphic Design, 15% Pay Per Click, 15% Web Development"
Alt Media Studios,https://clutch.co/profile/alt-media-studios,5.0,,https://www.amst.com/,"$5,000+",$100 - $149 / hr,10 - 49,"Novelty, OH","15% Custom Software Development, 10% Digital Strategy, 10% Pay Per Click, 10% Search Engine Optimization, 10% Social Media Marketing"
Kretz Consulting,https://clutch.co/profile/kretz-consulting,5.0,5,https://kretz.co,"$5,000+",,2 - 9,"Los Angeles, CA","60% Search Engine Optimization, 15% AI Consulting, 15% Generative AI, 10% Digital Strategy, Kretz Consulting is a web development and SEO agency renowned for its exemplary service in website redesign, user experience enhancement, and search engine optimization. The company consistently receives praise for its systematic project management and responsiveness, with 100% of reviews highlighting timely delivery and the professionalism of team members. Clients commend their ability to stay current with technological trends, with only minor suggestions for improvement in time zone-related communication."
The Boring SEO,https://clutch.co/profile/boring-seo,5.0,2,https://theboringseo.co,"$5,000+",$100 - $149 / hr,10 - 49,"Miami Beach, FL","25% Conversion Optimization, 25% E-Commerce Development, 25% Search Engine Optimization, 25% Web Design, The Boring SEO is an SEO agency known for its comprehensive services, including web design, SEO strategy, and content optimization. Reviews indicate a 100% positive feedback rate, emphasizing their efficient communication, timely delivery, and strategic expertise. Notably, 100% of reviewers commend their bespoke approach and ability to enhance organic traffic and site performance."
Smart Panda Labs,https://clutch.co/profile/smart-panda-labs,5.0,2,https://smartpandalabs.com/,"$10,000+",$150 - $199 / hr,10 - 49,"Windermere, FL","40% Conversion Optimization, 40% Email Marketing, 20% Digital Strategy, Smart Panda Labs is a digital strategy and marketing technology firm noted for its personalized and consultative approach. With a 100% positive feedback rate, clients commend their organizational expertise, responsiveness, and ability to integrate seamlessly with teams. Their exceptional project management and ability to identify and address digital and marketing gaps are particularly highlighted, with no noted areas for improvement."
Alpha Market Flow,https://clutch.co/profile/alpha-market-flow,5.0,6,https://alphamarketflow.com/,"$5,000+",,10 - 49,,"20% Content Marketing, 20% Public Relations, 10% Content Writing Services, 10% Customer Service Outsourcing, 10% Direct Marketing"
SugarFree Designs,https://clutch.co/profile/sugarfree-designs,4.9,10,https://sugarfreedesigns.com/lets-meet,"$5,000+",,2 - 9,,"30% Web Design, 30% Web Development, 20% Low/No Code Development, 10% Search Engine Optimization, 10% Social Media Marketing"
UpFrog,https://clutch.co/profile/upfrog,5.0,1,https://upfrog.com,"$5,000+",,10 - 49,"Jupiter, FL","50% Demand Generation Marketing, 50% Social Media Marketing, UpFrog is a digital marketing agency specializing in Meta paid advertising and lead generation. The company is highly regarded, with 100% positive feedback, notably achieving a 6.0x return on ad spend (ROAS) for its clients. Reviewers frequently commend UpFrog for its personalized approach and effective project management."
ZATO PPC Marketing,https://clutch.co/profile/zato-ppc-marketing,5.0,1,https://zatomarketing.com/,"$1,000+",,2 - 9,,"100% Pay Per Click, ZATO PPC Marketing is a specialized agency focusing on managing Google Ads campaigns. The company has received overwhelmingly positive feedback for its expertise, communication skills, and ability to increase Return on Ad Spend (ROAS) from 2.2 to 3.0. Clients appreciate their project management capabilities and report no areas needing improvement, with 100% of reviewers highlighting their proficient handling of ad strategies."
Wellblūm,https://clutch.co/profile/wellbl-m,4.9,4,https://www.wellblum.com/,"$5,000+",,10 - 49,"Santa Monica, CA","60% Affiliate Marketing, 20% Performance Marketing, 20% Public Relations, Wellblūm is a specialized affiliate marketing agency known for managing and scaling affiliate programs and partnerships across diverse industries. They receive overwhelmingly positive feedback, as evidenced by their consistent delivery, high-quality execution, and creative approaches, with 100% of reviews highlighting their excellence in project management and communication. Clients praise their tailored strategies and the impressive impact on sales and brand growth."
Electric Buzz,https://clutch.co/profile/electric-buzz,5.0,8,https://electricbuzz.agency/,"$1,000+",$50 - $99 / hr,2 - 9,"Atlanta, GA","100% Pay Per Click, Electric Buzz is a digital marketing agency specializing in paid advertising, SEO, and website management. The company has consistently received positive feedback for its proactive approach and excellent project management, with 100% of reviews highlighting timely communication and effective strategies. Clients appreciate their ability to drive significant increases in visibility, sales, and qualified leads, underscoring Electric Buzz's value and alignment with client needs."
Markacy,https://clutch.co/profile/markacy,5.0,10,http://www.markacy.com/,"$5,000+",$200 - $300 / hr,10 - 49,"New York, NY","25% Media Planning & Buying, 25% Performance Marketing, 10% Advertising, 10% Business Consulting, 10% CRM Consulting and SI"
Special Sauce,https://clutch.co/profile/special-sauce,5.0,2,https://specialsaucebranding.com/,"$10,000+",,2 - 9,"Boulder, CO","20% Branding, 20% Pay Per Click, 20% Social Media Marketing, 20% Web Design, 20% Web Development"
"(SEO for Lawyers), LLC | LawSEO",https://clutch.co/profile/seo-lawyers-lawseo,5.0,,https://lawseo.com,"$10,000+",$300+ / hr,2 - 9,,"85% Search Engine Optimization, 15% Generative AI, (SEO for Lawyers), LLC | LawSEO is an SEO agency specializing in website development, content management, and search engine optimization for legal firms. The feedback highlights 100% satisfaction with their responsiveness, creativity, and dedication, with clients noting significant improvements in visibility and lead generation. No areas for improvement were identified by reviewers."
Ethos Ink,https://clutch.co/profile/ethos-ink,5.0,5,https://ethosink.com/,"$5,000+",$150 - $199 / hr,2 - 9,"San Diego, CA","20% Content Marketing, 20% Content Writing Services, 20% Ecommerce Marketing, 20% Performance Marketing, 20% Search Engine Optimization"
JDR Web Solutions,https://clutch.co/profile/jdr-web-solutions,5.0,3,https://jdrweb.com/,"$5,000+",$25 - $49 / hr,10 - 49,,"30% Web Development, 15% Other Application Development, 10% E-Commerce Development, 10% Other Digital Marketing, 10% Search Engine Optimization"
Tiger29,https://clutch.co/profile/tiger29,5.0,,https://www.tiger29.com,"$1,000+",$150 - $199 / hr,2 - 9,,"90% Search Engine Optimization, 10% Web Design, Tiger29 is a specialized SEO agency, excelling in local SEO strategies. Their reviews reflect a 100% positive sentiment, highlighting their ability to significantly improve client website rankings and traffic. Clients commend Tiger29 for their expert knowledge, excellent communication, and timely project delivery, often noting their impressive results within the first few months of engagement., Tiger29 demonstrates strong expertise in the Advertising & Marketing industry, particularly in local SEO. Clients commend their effective communication, timely delivery, and significant impact, noting a 400% increase in website traffic and improved client revenue. The sentiment across reviews is overwhelmingly positive, highlighting Tiger29's role as a trusted partner capable of driving measurable results for marketing agencies seeking to enhance their clients' online presence., Clients express strong satisfaction with Tiger29's pricing and value for money, noting a significant return on investment. One client invested approximately $12,000 over seven months, achieving a 400% increase in website traffic and moving their client's site from page 12 to page 1 in search results. They praised the team's expertise and effective communication, stating, 'If you choose to work with Tiger29, you’ve made a good decision — they're a really good company.' Overall sentiment reflects a positive assessment of cost-effectiveness."
Epidemic Marketing,https://clutch.co/profile/epidemic-marketing,5.0,3,https://www.epidemic-marketing.com/,"$1,000+",$200 - $300 / hr,10 - 49,"Denver, CO","80% Search Engine Optimization, 10% Digital Strategy, 10% Web Design, Epidemic Marketing is a digital marketing consultancy specializing in AI-driven SEO strategies. The reviews reflect a 100% positive sentiment, highlighting their expertise in optimizing content for AI-powered search results and Google’s AI Overviews. Notably, 100% of reviewers praised their timely communication and tailored, practical advice that led to significant business improvements, including nearly doubling revenue."
Creatography,https://clutch.co/profile/creatography,5.0,3,https://creatography.com/,"$1,000+",$100 - $149 / hr,2 - 9,,"50% Web Design, 20% Graphic Design, 10% Email Marketing, 10% Pay Per Click, 10% Search Engine Optimization"
Socially Powerful,https://clutch.co/profile/socially-powerful,,,https://sociallypowerful.com/,"$50,000+",$200 - $300 / hr,250 - 999,"Staten Island, NY","30% Social Media Marketing, 20% Content Marketing, 10% Branding, 10% Digital Strategy, 10% Performance Marketing"
Chris Costa Media,https://clutch.co/profile/chris-costa-media,5.0,,https://www.chriscostamedia.com,"$1,000+",$50 - $99 / hr,2 - 9,,"60% Video Production, 20% Content Marketing, 20% Marketing Strategy, Chris Costa Media is a video production company that excels in creating animations and long-form videos, particularly for social media and promotional platforms. Their reviews highlight their excellent project management and ability to transform rough ideas into impressive, creative outputs. All feedback is positive, with 100% of reviewers praising their work ethic, creativity, and responsiveness to feedback."
The Union Productions,https://clutch.co/profile/union-productions,5.0,2,http://www.theunionproductions.com/,"$10,000+",,2 - 9,,"45% Video Production, 35% Video Marketing, 20% Social Media Marketing, The Union Productions is a video production company specializing in creating compelling and polished video content, including high-converting digital applications and engaging social videos. Reviewers highlight their strong attention to detail, responsiveness, and creativity, with 100% positive feedback on their ability to incorporate feedback effectively and deliver on time. They are praised for their seamless project management and alignment with client values."
Perfect Reputation,https://clutch.co/profile/perfect-reputation,5.0,13,https://perfect-reputation.com/,"$1,000+",,10 - 49,"Fair Oaks Ranch, TX","70% Digital Strategy, 20% Content Marketing, 10% Search Engine Optimization, Perfect Reputation is an online reputation management company specializing in removing and suppressing negative online content to enhance brand image and customer trust. They achieved an 80% reduction in negative content visibility and a 70% improvement in positive content prominence. Clients commend their speed, professionalism, and transparency, with 100% positive feedback highlighting their proactive communication and effective strategies."
SEO Elite Agency,https://clutch.co/profile/seo-elite-agency,5.0,,https://www.seoeliteagency.com,"$1,000+",$150 - $199 / hr,2 - 9,"Naples, FL","100% Search Engine Optimization, SEO Elite Agency is an SEO agency providing technical and localized SEO services. Review feedback highlights their effective communication, transparency, and rapid project success, with one client ranking in the top 4-5 on Google maps within two weeks. All reviewers expressed satisfaction, with 100% recommending the company for their professionalism and results-driven approach."
cohort.digital,https://clutch.co/profile/cohortdigital-0,5.0,2,https://cohort.digital,"$5,000+",$150 - $199 / hr,2 - 9,,"30% Advertising, 30% Media Planning & Buying, 20% Pay Per Click, 10% Social Media Marketing, 10% Video Marketing"
Ox Productions,https://clutch.co/profile/ox-productions,5.0,,http://www.oxproductions.media/,"$5,000+",,2 - 9,"Pittsburgh, PA","40% Video Production, 25% Broadcast Video, 25% Video Marketing, 10% Content Marketing, Ox Productions is a creative production company known for capturing processes and growing brands. Reviews highlight their unmatched creativity, impressive work ethic, and effective communication skills. With 100% positive feedback, clients particularly commend their timely delivery and budget-friendly pricing. The company is highly recommended for anyone seeking to enhance brand exposure."
Enso Brands,https://clutch.co/profile/enso-brands,5.0,2,https://ensobrands.com/,"$1,000+",,10 - 49,"Miami, FL","40% Advertising, 25% Ecommerce Marketing, 20% Logistics & Supply Chain Consulting, 15% Pay Per Click, Enso Brands is an e-commerce consultancy specializing in Amazon optimization and comprehensive business management for brands. The reviews reflect a 100% positive feedback rate, highlighting the company's deep Amazon marketplace expertise, proactive communication, and impressive project management, which have contributed significantly to clients’ sales growth and operational success. Reviewers appreciate Enso Brands’ ownership mentality and their ability to drive profitable growth across multiple channels."
Magnitude Digital®,https://clutch.co/profile/magnitude-digital,,,https://magnitudedigital.com/en/contact/,"$10,000+",$150 - $199 / hr,10 - 49,"New York, NY","30% Mobile & App Marketing, 30% Search Engine Optimization, 10% Media Planning & Buying, 10% Pay Per Click, 10% Social Media Marketing"
M5 Design Studio,https://clutch.co/profile/m5-design-studio,5.0,,http://m5designstudio.com/,"$10,000+",$150 - $199 / hr,2 - 9,"Orlando, FL","40% Web Design, 20% Search Engine Optimization, 20% Web Development, 10% Branding, 10% Marketing Strategy"
Plus4 Public Relations,https://clutch.co/profile/plus4-public-relations,5.0,,https://plus4pr.com/,"$5,000+",$200 - $300 / hr,2 - 9,"Los Angeles, CA","75% Public Relations, 25% Social Media Marketing, Plus4 Public Relations is a public relations and advertising firm known for its expertise in branding, market penetration, and graphic and website development. Review feedback is overwhelmingly positive, highlighting their tailored solutions, responsive communication, and unique market reach, particularly in the LGBTQ sector. 100% of reviewers commend their knowledge and high level of service."
New York Ave,https://clutch.co/profile/new-york-ave,,,https://ny-ave.com/,"$5,000+",,10 - 49,"DeLand, FL","20% Search Engine Optimization, 20% Video Production, 15% Content Marketing, 15% Social Media Marketing, 10% Web Design"
Alt Creative,https://clutch.co/profile/alt-creative,5.0,9,http://alt-creative.com,"$5,000+",$150 - $199 / hr,2 - 9,"Austin, TX","40% Web Development, 30% Web Design, 10% Branding, 10% Content Marketing, 10% Logo"
Growth Geyser,https://clutch.co/profile/growth-geyser,5.0,3,https://www.growthgeyser.com,"$1,000+",$100 - $149 / hr,2 - 9,"Miami, FL","60% CRM Consulting and SI, 10% Business Consulting, 10% Email Marketing, 10% Marketing Strategy, 10% Sales Outsourcing"
Nucleus,https://clutch.co/profile/nucleus-1,5.0,2,https://www.nucleusmarketing.org,"$10,000+",$25 - $49 / hr,2 - 9,"Los Angeles, CA","30% Web Design, 25% Ecommerce Marketing, 25% Web Development, 10% Search Engine Optimization, 5% Conversion Optimization"
New Engen,https://clutch.co/profile/new-engen,,,http://www.newengen.com,"$75,000+",,250 - 999,"Seattle, WA","20% Media Planning & Buying, 15% Digital Strategy, 15% Pay Per Click, 15% Social Media Marketing, 10% Advertising"
Scratch Marketing + Media,https://clutch.co/profile/scratch-marketing-media,,,https://scratchmm.com/,"$5,000+",$100 - $149 / hr,50 - 249,"Cambridge, MA","10% Branding, 10% Digital Strategy, 10% Marketing Strategy, 10% Pay Per Click, 10% Public Relations"
Atomic Glue,https://clutch.co/profile/atomic-glue,4.5,,https://atomicglue.co/,"$25,000+",$100 - $149 / hr,2 - 9,,"40% Web Design, 40% Web Development, 20% Search Engine Optimization, Atomic Glue is a web development company specializing in WordPress-based solutions and ongoing website support. Reviews highlight their exceptional communication, timely delivery, and reliable expertise, with 100% positive feedback on maintaining websites and enhancing traffic. Clients appreciate their strong working relationship, though they express a desire for support on new platforms."
Solitude Marketing,https://clutch.co/profile/solitude-marketing,,,https://solitudemarketing.com/,"$1,000+",,2 - 9,"Oak Park, IL","25% Email Marketing, 25% Web Design, 20% Pay Per Click, 20% Search Engine Optimization, 10% CRM Consulting and SI"
Los Angeles SEO Inc,https://clutch.co/profile/los-angeles-seo,,,https://losangelesseoinc.com/,"$5,000+",$100 - $149 / hr,50 - 249,"Los Angeles, CA","30% Search Engine Optimization, 20% Web Design, 15% Content Marketing, 15% Pay Per Click, 5% Conversion Optimization"
Riverworks Marketing Group,https://clutch.co/profile/riverworks-marketing-group,,,https://www.riverworksmarketing.com/,"$1,000+",$100 - $149 / hr,10 - 49,,"20% Branding, 20% Graphic Design, 20% Search Engine Optimization, 20% Social Media Marketing, 20% Web Design"
Lucie Content,https://clutch.co/profile/lucie-content,,,https://www.luciecontent.com,"$1,000+",$100 - $149 / hr,10 - 49,"Atlanta, GA","60% Video Production, 20% Content Marketing, 20% Social Media Marketing"
The Branding Agency,https://clutch.co/profile/branding-agency,,,https://mybrandingagency.com/,"$1,000+",$50 - $99 / hr,2 - 9,"Charlotte, NC","45% Search Engine Optimization, 35% Web Design, 20% Pay Per Click"
Brainlabs,https://clutch.co/profile/brainlabs,5.0,,https://www.brainlabsdigital.com/,,,"1,000 - 9,999","New York, NY","35% Advertising, 15% Media Planning & Buying, 10% Conversion Optimization, 10% Search Engine Optimization, 10% Social Media Marketing"
Brick Media,https://clutch.co/profile/brick-media,,,https://www.brickmediagroup.com/,"$5,000+",$100 - $149 / hr,10 - 49,"Tampa, FL","60% Social Media Marketing, 20% Content Marketing, 20% Pay Per Click"
Dallas SEO Dogs,https://clutch.co/profile/dallas-seo-dogs,5.0,4,https://www.seodogs.com/,"$1,000+",$100 - $149 / hr,10 - 49,"Dallas, TX","40% Search Engine Optimization, 25% Pay Per Click, 25% Social Media Marketing, 10% Web Design"
Fifth Ring,https://clutch.co/profile/fifth-ring,,,https://www.fifthring.com/,"$10,000+",$200 - $300 / hr,50 - 249,"Houston, TX","20% Branding, 20% Demand Generation Marketing, 20% Marketing Strategy, 10% Account-Based Marketing, 10% Content Marketing"
Creativos RD,https://clutch.co/profile/creativos-rd,4.8,18,https://www.creativosrd.com/,"$5,000+",$200 - $300 / hr,10 - 49,"Austin, TX","32% Digital Strategy, 32% Social Media Marketing, 15% Advertising, 11% Branding, 10% Web Design"
Ignite Social Media,https://clutch.co/profile/ignite-social-media,,,https://www.ignitesocialmedia.com/,"$10,000+",$150 - $199 / hr,10 - 49,"Cary, NC","85% Social Media Marketing, 15% Content Marketing"
Falls & Co,https://clutch.co/profile/falls-co,,,https://fallsandco.com/,,,50 - 249,"Cleveland, OH","65% Public Relations, 15% Advertising, 10% Media Planning & Buying, 10% Search Engine Optimization"
Atelier Commerce,https://clutch.co/profile/atelier-commerce,,,https://www.ateliercommerce.com/,"$5,000+",$100 - $149 / hr,10 - 49,"New York, NY","20% Conversion Optimization, 20% Email Marketing, 15% Pay Per Click, 15% Search Engine Optimization, 15% Web Design"
Justo Consulting,https://clutch.co/profile/justo-consulting,,,https://www.justoconsulting.com/,"$5,000+",$25 - $49 / hr,10 - 49,,"25% Pay Per Click, 25% Search Engine Optimization, 25% Social Media Marketing, 15% Web Development, 10% Low/No Code Development"
Eat Sleep Work,https://clutch.co/profile/eat-sleep-work,,,https://www.eatsleepwork.com/,"$5,000+",$100 - $149 / hr,2 - 9,"El Segundo, CA","20% Branding, 10% Pay Per Click, 10% Search Engine Optimization, 10% Video Marketing, 10% Web Design"
Website Depot Inc. Digital Marketing & SEO,https://clutch.co/profile/website-depot-digital-marketing-seo,,,https://websitedepot.com/,,,10 - 49,"Los Angeles, CA","20% Pay Per Click, 20% Search Engine Optimization, 20% Social Media Marketing, 20% Web Development, 10% Email Marketing"
New Path Digital,https://clutch.co/profile/new-path-digital,,,https://newpathdigital.com/,"$5,000+",$150 - $199 / hr,2 - 9,"High Point, NC","40% Pay Per Click, 25% Search Engine Optimization, 15% Marketing Strategy, 10% Advertising, 5% BI & Big Data Consulting & SI"
Mainely SEO,https://clutch.co/profile/mainely-seo,,,https://www.mainelyseo.com/,"$1,000+",$100 - $149 / hr,10 - 49,,"20% Pay Per Click, 20% Search Engine Optimization, 20% Social Media Marketing, 20% Web Design, 10% Digital Strategy"
Seismic Digital,https://clutch.co/profile/seismic-digital,,,http://www.seismicdigital.com/,,$150 - $199 / hr,10 - 49,,"20% Advertising, 20% Digital Strategy, 20% Pay Per Click, 20% Search Engine Optimization, 20% Social Media Marketing"
Concept Infoway LLC,https://clutch.co/profile/concept-infoway,3.5,,https://www.conceptinfowayllc.com/,"$1,000+",$25 - $49 / hr,50 - 249,,"25% Search Engine Optimization, 25% Web Development, 20% IT Managed Services, 15% Custom Software Development, 15% Mobile App Development"
INK Communications Co.,https://clutch.co/profile/ink-communications-co,,,http://www.ink-co.com,"$25,000+",$200 - $300 / hr,10 - 49,"Austin, TX","45% Public Relations, 20% Content Marketing, 20% Social Media Marketing, 15% Graphic Design"
Digital4Startups Inc.,https://clutch.co/profile/digital4startups,,,https://digital4startups.com/,"$1,000+",$200 - $300 / hr,2 - 9,"Chicago, IL","35% Pay Per Click, 25% Search Engine Optimization, 20% Digital Strategy, 10% Conversion Optimization, 10% Social Media Marketing"
KB Creative Web & Marketing,https://clutch.co/profile/kb-creative-web-marketing,,,https://kb-creative.com,"$1,000+",$100 - $149 / hr,2 - 9,,"30% Search Engine Optimization, 20% Pay Per Click, 20% Web Design, 15% Content Marketing, 15% Marketing Strategy"
TopFire Media,https://clutch.co/profile/topfire-media,,,https://topfiremedia.com/,"$1,000+",$150 - $199 / hr,2 - 9,,"25% Search Engine Optimization, 20% Pay Per Click, 20% Web Design, 10% Content Marketing, 10% Digital Strategy"
Agency Eleven,https://clutch.co/profile/agency-eleven,,,https://www.agencyeleven.io,"$1,000+",$25 - $49 / hr,10 - 49,"Tampa, FL","20% Pay Per Click, 20% Search Engine Optimization, 20% Social Media Marketing, 10% Advertising, 10% Digital Strategy"
Social Eyes Marketing,https://clutch.co/profile/social-eyes-marketing,5.0,,https://getsocialeyes.com/services/boise-web-design/,"$1,000+",,2 - 9,,"50% Web Design, 30% Search Engine Optimization, 10% Graphic Design, 10% Social Media Marketing"
CANS Marketing,https://clutch.co/profile/cans-marketing,,,https://cans.net,"$1,000+",$50 - $99 / hr,2 - 9,"Houston, TX","25% Search Engine Optimization, 20% Web Design, 10% Ecommerce Marketing, 5% Conversion Optimization, 5% Custom Software Development"
MJI Marketing,https://clutch.co/profile/mji-marketing,,,https://mjimarketing.com/,"$1,000+",$100 - $149 / hr,10 - 49,,"35% Search Engine Optimization, 25% Web Design, 10% Digital Strategy, 10% Email Marketing, 10% Pay Per Click"
Elevate,https://clutch.co/profile/elevate-2-3,,,http://www.mediayelevate.com,"$100,000+",$100 - $149 / hr,250 - 999,"New York, NY","25% Performance Marketing, 20% Pay Per Click, 10% Advertising, 10% Demand Generation Marketing, 10% Other Digital Marketing"
Softline Solutions,https://clutch.co/profile/softline-solutions,,,https://www.softlinesolutions.com,"$5,000+",$100 - $149 / hr,10 - 49,"Glendale, CA","40% Pay Per Click, 20% Ecommerce Marketing, 10% Digital Strategy, 10% Search Engine Optimization, 10% Social Media Marketing"
Barker,https://clutch.co/profile/barker,,,http://barkernyc.com/,"$10,000+",$150 - $199 / hr,10 - 49,"New York, NY","20% Advertising, 20% Media Planning & Buying, 5% Branding, 5% Broadcast Video, 5% Content Marketing"
eDesign Interactive,https://clutch.co/profile/edesign-interactive,4.9,31,https://edesigninteractive.com/,"$50,000+",$150 - $199 / hr,10 - 49,,"40% Web Design, 20% Branding, 20% UX/UI Design, 10% Digital Strategy, 10% Social Media Marketing"
Airfleet,https://clutch.co/profile/airfleet,5.0,2,http://www.airfleet.co/,"$25,000+",$100 - $149 / hr,50 - 249,"Palo Alto, CA","30% Web Design, 30% Web Development, 20% Conversion Optimization, 20% Search Engine Optimization, Airfleet is a website development company that collaborates with businesses like SmartClick to create custom, search-optimized websites aimed at generating high-quality inbound leads. All reviews highlight their excellent project management, speed of delivery, and effective communication, with 100% positive feedback and no noted areas for improvement."
CCOM Group,https://clutch.co/profile/ccom-group,,,https://www.ccomgroupinc.com/,"$5,000+",$50 - $99 / hr,50 - 249,"Miami, FL","24% Advertising, 23% Media Planning & Buying, 23% Public Relations, 10% Digital Strategy, 10% Social Media Marketing"
The Shop Agency,https://clutch.co/profile/shop-agency,,,https://www.theshopagency.com/,"$10,000+",,10 - 49,"Richardson, TX","40% Advertising, 25% Branding, 25% Social Media Marketing, 10% Packaging Design"
NeonGhost,https://clutch.co/profile/neonghost,,,http://www.neonghost.com,"$1,000+",$100 - $149 / hr,2 - 9,,"20% Email Marketing, 20% Search Engine Optimization, 20% Social Media Marketing, 20% Video Marketing, 20% Video Production"
MESH,https://clutch.co/profile/mesh,,,https://whenwemesh.com/,"$10,000+",$150 - $199 / hr,10 - 49,,"20% Branding, 10% Advertising, 10% Graphic Design, 10% Marketing Strategy, 10% Media Planning & Buying"
Blue Monkfish LLC,https://clutch.co/profile/blue-monkfish,5.0,,https://bluemonkfish.com/,"$5,000+",$50 - $99 / hr,10 - 49,,"15% Search Engine Optimization, 15% Social Media Marketing, 10% Mobile & App Marketing, 10% Mobile App Development, 10% Web Development"
MXH Marketing,https://clutch.co/profile/mxh-marketing,,,https://mxhmarketing.com/,"$1,000+",$100 - $149 / hr,2 - 9,,"25% Content Marketing, 25% Social Media Marketing, 15% Marketing Strategy, 10% Advertising, 10% Email Marketing"
Autus Digital Agency,https://clutch.co/profile/autus-digital-agency-1,5.0,4,https://www.autusdigital.com/,"$1,000+",$25 - $49 / hr,50 - 249,"San Jose, CA","65% Search Engine Optimization, 15% Social Media Marketing, 10% Web Design, 10% Web Development"
Rareview® Creative Agency,https://clutch.co/profile/rareview-creative-agency,,,http://www.rareview.com,"$10,000+",$200 - $300 / hr,10 - 49,"San Clemente, CA","15% Web Development, 10% Advertising, 10% Digital Strategy, 10% Marketing Strategy, 10% Pay Per Click"
Palm Bay Marketing & SEO,https://clutch.co/profile/palm-bay-marketing-seo,,,http://www.palmbaymarketingseo.com,"$1,000+",$100 - $149 / hr,2 - 9,"Melbourne, FL","20% Pay Per Click, 20% Search Engine Optimization, 15% Social Media Marketing, 15% Web Design, 10% Digital Strategy"
Cameron Digital Consulting,https://clutch.co/profile/cameron-digital-consulting,5.0,3,https://info.camerondigital.com/paid-media-services,"$1,000+",$50 - $99 / hr,10 - 49,,"40% Pay Per Click, 40% Social Media Marketing, 20% Email Marketing, Cameron Digital Consulting is a digital marketing agency specializing in paid media and email strategy across various platforms. They have been praised for their communication skills and integration with client teams, resulting in significant outcomes like a 4x growth in databases and increased engagement. Notably, 100% of reviewers highlighted their expertise and proactive approach in adapting and educating clients on platform changes."
The Growth Shark,https://clutch.co/profile/growth-shark,,,https://thegrowthshark.com/,"$5,000+",$150 - $199 / hr,10 - 49,,"15% Digital Strategy, 10% Branding, 10% Marketing Strategy, 10% Social Media Marketing, 10% Video Production"
Crownsville Media,https://clutch.co/profile/crownsville-media,,,https://crownsvillemedia.com/,"$1,000+",,2 - 9,,"40% Search Engine Optimization, 20% Content Marketing, 20% Digital Strategy, 20% Web Development"
SEO Agency USA,https://clutch.co/profile/seo-agency-usa,,,https://seoagencyusa.com/,"$25,000+",$150 - $199 / hr,10 - 49,"Tampa, FL","35% Search Engine Optimization, 12% AI Consulting, 12% Web Design, 11% Content Marketing, 10% Conversion Optimization"
TANK New Media,https://clutch.co/profile/tank-new-media,,,https://www.tanknewmedia.com,"$10,000+",$150 - $199 / hr,2 - 9,,"15% Content Marketing, 15% Demand Generation Marketing, 10% CRM Consulting and SI, 10% Digital Strategy, 5% Branding"
Recess Creative,https://clutch.co/profile/recess-creative,,,http://www.recesscreative.com,"$5,000+",$150 - $199 / hr,10 - 49,"Cleveland, OH","20% Branding, 20% Marketing Strategy, 20% Mobile & App Marketing, 20% Web Design, 10% Advertising"
Franklin Digital,https://clutch.co/profile/franklin-digital,5.0,2,http://www.franklindigital.co/,"$1,000+",$100 - $149 / hr,2 - 9,"Philadelphia, PA","34% Web Design, 33% Pay Per Click, 33% Search Engine Optimization, Franklin Digital is a digital marketing agency specializing in web design, SEO, and website optimization. Their clients appreciate their effective communication and adaptability, with 100% of reviews highlighting their responsiveness and personalized service. Clients report significant improvements in website performance and visibility, with no negative feedback provided. Franklin Digital's founder, Luke, is noted for his excellent communication skills and ability to meet diverse client needs."
JLB,https://clutch.co/profile/jlb,,,https://jlbworks.com/,,,10 - 49,,"40% Web Design, 30% Search Engine Optimization, 30% Web Development"
myVA360,https://clutch.co/profile/myva360,,,https://myva360.com/,"$1,000+",< $25 / hr,10 - 49,"Miami, FL","30% Back Office Outsourcing, 25% Customer Service Outsourcing, 25% Social Media Marketing, 10% Accounting, 10% Graphic Design"
Espress Labs,https://clutch.co/profile/espress-labs,5.0,2,http://www.espresslabs.com,"$5,000+",$100 - $149 / hr,10 - 49,"New York, NY","20% Web Design, 20% Web Development, 15% Social Media Marketing, 10% Branding, 10% Mobile App Development"
Quimby Digital,https://clutch.co/profile/quimby-digital,4.8,2,https://quimbydigital.com,"$10,000+",,10 - 49,"Avon Lake, OH","90% Social Media Marketing, 10% Pay Per Click, Quimby Digital is a proficient social media management and brand agency recognized for its exceptional communication and project management skills. With a 100% positive feedback rate from clients, the company excels in enhancing online presence, audience growth, and customer service support. Clients commend Quimby Digital's ability to deliver tailored services with creativity, professionalism, and responsiveness, making them a valuable partner for businesses of varying sizes."
360PR+,https://clutch.co/profile/360pr,,,https://www.360pr.plus/,"$10,000+",$150 - $199 / hr,50 - 249,"New York, NY","70% Public Relations, 20% Social Media Marketing, 10% Content Marketing"
Punch,https://clutch.co/profile/punch-2,,,https://www.punchteam.com/,"$25,000+",$200 - $300 / hr,50 - 249,,"15% Branding, 15% UX/UI Design, 15% Web Design, 15% Web Development, 10% Content Marketing"
Unitech SEO,https://clutch.co/profile/unitech-seo-0,,,https://unitechseo.com,"$1,000+",,2 - 9,"Atlanta, GA","10% Content Marketing, 10% Conversion Optimization, 10% Digital Strategy, 10% Email Marketing, 10% Marketing Strategy"
Hinge,https://clutch.co/profile/hinge,,,https://hingemarketing.com/,"$10,000+",$200 - $300 / hr,50 - 249,,"20% Branding, 20% Marketing Strategy, 15% Web Design, 10% Content Marketing, 10% Market Research"
Inbound Studio LLC,https://clutch.co/profile/inbound-studio,,,https://inbound.studio/,"$5,000+",$100 - $149 / hr,2 - 9,,"30% Web Development, 20% Search Engine Optimization, 20% Web Design, 10% E-Commerce Development, 10% Pay Per Click"
Koster Communications,https://clutch.co/profile/koster-communications,,,https://kostercomms.com,"$1,000+",$25 - $49 / hr,2 - 9,"Fort Myers, FL","25% Digital Strategy, 20% Social Media Marketing, 15% Content Marketing, 15% Marketing Strategy, 10% Branding"
Great Scott,https://clutch.co/profile/great-scott,,,http://www.callusgreatscott.com,"$5,000+",,10 - 49,"Denver, CO","50% Affiliate Marketing, 50% Public Relations"
Horton Group,https://clutch.co/profile/horton-group,,,http://www.hortongroup.com/,"$1,000+",,10 - 49,,"25% Web Design, 25% Web Development, 10% Digital Strategy, 10% Generative AI, 10% Pay Per Click"
LiftedWebsites.com,https://clutch.co/profile/liftedwebsitescom,,,https://liftedwebsites.com/,"$1,000+",$150 - $199 / hr,2 - 9,,"35% Search Engine Optimization, 35% Web Design, 15% AI Consulting, 10% Conversion Optimization, 5% Generative AI"
Upfire SEO,https://clutch.co/profile/upfire-seo,5.0,2,https://upfireseo.com/,"$1,000+",$50 - $99 / hr,10 - 49,,"100% Search Engine Optimization, Upfire SEO is an SEO agency that provides strategic leadership and execution of SEO services, including keyword analysis, backlinking, and content strategy. Reviewers consistently praise their expertise and leadership, with 100% of reviews noting improved search rankings and client acquisition. Their project management is also highly rated, with effective communication and timely deliverables."
ROI Swift,https://clutch.co/profile/roi-swift,,,https://roiswift.com/,"$5,000+",,10 - 49,"Austin, TX","50% Marketing Strategy, 50% Pay Per Click"
Reliable Acorn LLC,https://clutch.co/profile/reliable-acorn,5.0,3,https://www.reliableacorn.com/,"$5,000+",$100 - $149 / hr,2 - 9,,"50% Pay Per Click, 50% Search Engine Optimization, Reliable Acorn LLC is an SEO and digital marketing consultancy known for its adept handling of SEO challenges and commitment to improving web visibility. Across reviews, 100% of clients commend Reliable Acorn for their expertise, responsiveness, and detailed reporting. Clients particularly appreciate the strategic insights and dedication of David Zimmerman, the founder, in providing tailored solutions for diverse industries."
Human Element,https://clutch.co/profile/human-element,,,http://www.human-element.com/,"$25,000+",$150 - $199 / hr,10 - 49,,"50% E-Commerce Development, 10% Business Consulting, 10% Ecommerce Marketing, 10% Pay Per Click, 10% Search Engine Optimization"
RGray,https://clutch.co/profile/rgray,4.9,20,https://rgray.io/,"$1,000+",$25 - $49 / hr,10 - 49,"New York, NY","70% Blockchain Marketing, 30% Search Engine Optimization, RGray is a versatile digital marketing agency specializing in SEO, branding, content creation, and PR with a strong focus on the crypto industry. According to reviews, 100% of clients mention their effective project management and innovative integration of AI into marketing processes. RGray's ability to combine traditional marketing with AI-driven strategies has led to significant growth in organic traffic and client acquisition, with over 90% of feedback being positive, highlighting their professionalism and expertise."
Python Force Corp,https://clutch.co/profile/python-force-corp,4.9,12,https://www.pythonforce.com/,"$1,000+",$50 - $99 / hr,2 - 9,"Kill Devil Hills, NC","16% E-Commerce Development, 16% Search Engine Optimization, 16% UX/UI Design, 16% Web Design, 16% Web Development"
Spearlance Media,https://clutch.co/profile/spearlance-media,5.0,2,https://www.spearlance.com/,"$5,000+",$50 - $99 / hr,2 - 9,,"50% Web Design, 30% Search Engine Optimization, 20% Pay Per Click, Spearlance Media is a web development and digital marketing company specializing in conversion-focused website design and SEO services. Client feedback highlights their exceptional project management, swift communication, and delivery of high-quality work. With 100% positive reviews, clients consistently praise their efficiency and ability to balance cost with quality, with many noting their ability to generate leads and increase ROI."
Good Giant,https://clutch.co/profile/good-giant,,,https://www.goodgiant.com/,"$25,000+",$100 - $149 / hr,50 - 249,,"25% Advertising, 25% Branding, 10% Digital Strategy, 10% Media Planning & Buying, 10% Public Relations"
Aspect Marketing,https://clutch.co/profile/aspect-marketing,,,https://thisisaspect.com/,"$1,000+",$100 - $149 / hr,2 - 9,,"20% Branding, 20% CRM Consulting and SI, 20% Pay Per Click, 20% Social Media Marketing, 20% Web Design"
Creative Corner Studio,https://clutch.co/profile/creative-corner-studio,5.0,24,https://creativecorner.studio/,"$5,000+",$50 - $99 / hr,10 - 49,"Los Angeles, CA","40% Web Development, 20% Search Engine Optimization, 20% Web Design, 10% UX/UI Design, 5% Branding"
SmartFinds Marketing,https://clutch.co/profile/smartfinds-marketing,,,https://smartfindsmarketing.com/,"$25,000+",$150 - $199 / hr,10 - 49,,"20% Digital Strategy, 15% Content Marketing, 15% Conversion Optimization, 10% Social Media Marketing, 10% Video Marketing"
Ecomm Growth Strategies,https://clutch.co/profile/ecomm-growth-strategies,5.0,6,https://www.ecommgrowthstrategies.com/,"$1,000+",$50 - $99 / hr,Freelancer,"Sebastopol, CA","65% E-Commerce Development, 15% Email Marketing, 10% Conversion Optimization, 10% Search Engine Optimization, Ecomm Growth Strategies is a Shopify-focused web development and digital marketing agency specializing in website optimization, SEO, and email marketing. The feedback is overwhelmingly positive, with 100% of reviewers praising their professionalism, timely delivery, and insightful recommendations. Clients appreciate their personalized service, comprehensive knowledge, and ability to enhance functionality and sales."
Minneapolis Made,https://clutch.co/profile/minneapolis-made,,,https://www.minneapolismade.com/,"$1,000+",$100 - $149 / hr,2 - 9,,"30% E-Commerce Development, 20% Search Engine Optimization, 20% Video Production, 15% Graphic Design, 15% Logo"
Mxicoders,https://clutch.co/profile/mxicoders,4.8,29,https://www.mxicoders.com/,"$5,000+",< $25 / hr,10 - 49,,"45% Blockchain, 30% Custom Software Development, 15% IT Staff Augmentation, 10% Search Engine Optimization, Mxicoders is a versatile technology service provider specializing in web development, blockchain integration, and fintech solutions. With consistent positive feedback, they are praised for their technical expertise, efficient project management, and cost-effective services. Approximately 90% of reviewers commend their communication skills and timely delivery, emphasizing their collaborative approach and adaptability to project needs."
Ladder.io,https://clutch.co/profile/ladderio,4.4,14,https://ladder.io/,"$10,000+",,10 - 49,"New York, NY","25% Pay Per Click, 25% Social Media Marketing, 20% Marketing Strategy, 15% Conversion Optimization, 15% Mobile & App Marketing"
DigitalCPR Design and Venture Studio,https://clutch.co/profile/digitalcpr-design-venture-studio,5.0,14,https://digitalcpr.net/,"$5,000+",$100 - $149 / hr,10 - 49,,"20% Branding, 20% Graphic Design, 20% Search Engine Optimization, 20% Social Media Marketing, 20% Web Design"
SimpliCreative,https://clutch.co/profile/simplicreative,,,https://simplicreative.com,"$10,000+",$150 - $199 / hr,2 - 9,"San Diego, CA","30% Web Design, 30% Web Development, 15% Content Marketing, 10% UX/UI Design, 5% Conversion Optimization"
Digital Marketing Services | Formerly known as KREAKTIVE,https://clutch.co/profile/digital-marketing-services-formerly-known-kreaktive,5.0,1,https://digitalmarketingservices.pro/,"$1,000+",,Freelancer,"Colorado Springs, CO","40% Search Engine Optimization, 40% Web Design, 20% Digital Strategy, Digital Marketing Services | Formerly known as KREAKTIVE is a digital marketing company that provides website development and market analysis services. The reviews highlight their exceptional project management and responsiveness, with 100% of the feedback being positive, emphasizing their comprehensive involvement and effective communication throughout the project."
BestSEOtools.ai,https://clutch.co/profile/bestseotoolsai,,,https://bestseotools.ai/best-seo-agency,"$1,000+",$200 - $300 / hr,10 - 49,"Jacksonville, FL",100% Search Engine Optimization
Trail Mix Creative LLC,https://clutch.co/profile/trail-mix-creative,5.0,2,https://trailmixcreative.com/,"$1,000+",$100 - $149 / hr,2 - 9,"Jacksonville, FL","25% Web Design, 20% Web Development, 15% Advertising, 15% Branding, 15% Social Media Marketing"
Orange Marketing,https://clutch.co/profile/orange-marketing-0,,,https://www.orangemarketing.com/,"$5,000+",$200 - $300 / hr,10 - 49,"Newport Beach, CA","40% CRM Consulting and SI, 15% Demand Generation Marketing, 10% AI Agents, 10% Business Consulting, 10% Content Marketing"
95 Projects,https://clutch.co/profile/95-projects,5.0,,https://seoforecommerce.com,"$1,000+",$50 - $99 / hr,10 - 49,"Miami, FL","90% Search Engine Optimization, 10% Content Marketing, SEO for Ecommerce is an SEO agency specializing in enhancing organic traffic and keyword rankings for online businesses. According to client feedback, 100% of reviews highlight their ability to deliver tangible results quickly, with over 25% of sales attributed to organic search traffic. Clients praise their efficient project management and responsiveness, though some desire a broader service offering., Clients express high satisfaction with 95 Projects' cost-effectiveness and value for money. One client noted that the team 'went above and beyond,' attributing over 25% of sales to organic search traffic, showcasing significant returns on investment. The company's ability to deliver 'REAL results quickly' was particularly praised, indicating a strong alignment between pricing and the outcomes achieved. Overall, the sentiment reflects a favorable perception of the company's pricing relative to the quality of services provided."
5AM,https://clutch.co/profile/5am,5.0,7,https://www.thisis5am.com/,"$5,000+",$200 - $300 / hr,Freelancer,"Vancouver, WA","30% Graphic Design, 25% Branding, 10% Logo, 10% Social Media Marketing, 5% Advertising"
ShowUpWithAI,https://clutch.co/profile/showupwithai,5.0,5,https://showupwithai.com/,"$5,000+",,2 - 9,"Austin, TX","75% Search Engine Optimization, 25% AI Consulting, ShowUpWithAI is an AI optimization company specializing in increasing businesses' visibility in AI search results through technical website optimization and strategic content creation. According to reviews, 100% of clients report impressive outcomes, including significant increases in AI visibility and leads. Their project management is highly praised, with consistent communication and proactive service noted as standout qualities., Recent client reviews for ShowUpWithAI indicate a strong overall sentiment, highlighting significant improvements in AI visibility and lead generation. Clients reported increases in traffic and sales, such as a 5x boost in attributed sales and a 100% increase in AI visibility. The team's project management and communication were consistently praised, with one client noting, ""ShowUpWithAI’s project management is outstanding."" Clients expressed no areas for improvement, emphasizing satisfaction with the service provided."
Morrison,https://clutch.co/profile/morrison,,,http://morrison.agency/,"$10,000+",$150 - $199 / hr,10 - 49,"Atlanta, GA","10% Advertising, 10% Digital Strategy, 10% Media Planning & Buying, 5% Branding, 5% Content Marketing"
A-Wing Visuals | Denver Video Production,https://clutch.co/profile/wing-visuals-denver-video-production,5.0,,http://awingvisuals.com/,"$5,000+",$150 - $199 / hr,10 - 49,"Denver, CO","50% Video Production, 15% Video Marketing, 10% Advertising, 10% Content Marketing, 10% Social Media Marketing"
Aspectus,https://clutch.co/profile/aspectus,5.0,8,https://www.aspectusgroup.com/,"$5,000+",$150 - $199 / hr,50 - 249,"New York, NY","15% Branding, 15% Public Relations, 10% Content Writing Services, 10% Marketing Strategy, 10% Pay Per Click"
Innovate,https://clutch.co/profile/innovate-0-3,,,https://innovate.agency,"$10,000+",$150 - $199 / hr,10 - 49,,"20% Advertising, 15% Video Production, 10% Logo, 10% Marketing Strategy, 10% Social Media Marketing"
BRAND,https://clutch.co/profile/brand-3-0,,,https://brandltd.com,"$10,000+",$150 - $199 / hr,10 - 49,,"10% Advertising, 10% Branding, 10% Digital Strategy, 10% Ecommerce Marketing, 10% Event Marketing"
TenXPR,https://clutch.co/profile/tenxpr,5.0,5,https://tenxpr.com/,"$5,000+",,2 - 9,,"20% Application Management & Support, 20% Branding, 20% Conversion Optimization, 20% Public Relations, 20% Social Media Marketing"
"ALINE, A Marketing Company",https://clutch.co/profile/aline-marketing-company,,,https://www.winwithaline.com/,"$5,000+",$150 - $199 / hr,10 - 49,,"30% Branding, 30% Web Design, 15% Digital Strategy, 15% Marketing Strategy, 10% Search Engine Optimization"
iComm Studios,https://clutch.co/profile/icomm-studios,5.0,3,https://icommstudios.com/,"$10,000+",$100 - $149 / hr,2 - 9,"Harmony, NC","15% AI Consulting, 15% Web Design, 10% Branding, 10% Conversion Optimization, 10% Digital Strategy"
RPM Direct Marketing,https://clutch.co/profile/rpm-direct-marketing,5.0,1,http://rpmdm.com/,,,2 - 9,"Seattle, WA","90% Direct Marketing, 10% Email Marketing, Recent reviews highlight RPM Direct Marketing's strong performance in direct mail marketing, evidenced by an 18% reduction in member acquisition costs for a client campaign. Clients commend their organizational skills, responsiveness, and innovative ideas, noting a seamless integration of online and offline strategies. The team is characterized as smart, productive, and friendly. However, there is a desire for expanded services, particularly in connected TV (CTV) advertising. Overall, the sentiment is highly positive., Clients have expressed satisfaction with RPM Direct Marketing's pricing, noting it as 'good value for cost' and highlighting their effective project management. One reviewer specifically mentioned that RPM helped reduce the client’s member acquisition cost by 18%, demonstrating a strong return on investment. Overall, the sentiment regarding the company's cost-effectiveness is positive, with clients appreciating the balance between quality service and affordability."
AMARQUEZ,https://clutch.co/profile/amarquez,,,https://amarquez.agency/,"$5,000+",$100 - $149 / hr,2 - 9,"Fresno, CA","25% Web Design, 20% Logo, 15% Branding, 10% Graphic Design, 10% Packaging Design"
Easy Peasy Web Studio,https://clutch.co/profile/easy-peasy-web-studio,,,https://www.easypeasyweb.studio/,"$10,000+",,2 - 9,"Glendale, CA","25% Web Design, 25% Web Development, 10% Branding, 10% Content Marketing, 10% Conversion Optimization"
Digital Marketers Chicago,https://clutch.co/profile/digital-marketers-chicago,,,http://www.digitalmarketerschicago.com,,$100 - $149 / hr,2 - 9,"Chicago, IL","25% Content Marketing, 25% Digital Strategy, 25% Search Engine Optimization, 15% Pay Per Click, 10% Social Media Marketing"
MARKETERS FOR MOVERS,https://clutch.co/profile/marketers-movers,,,https://marketersformovers.com/,,,2 - 9,,"40% Search Engine Optimization, 30% Social Media Marketing, 30% Web Design"
BootstrapVT,https://clutch.co/profile/bootstrapvt,,,https://bootstrapvt.com/,"$1,000+",$150 - $199 / hr,2 - 9,,"15% Digital Strategy, 15% Web Development, 10% Content Marketing, 10% Direct Marketing, 10% Email Marketing"
Proteus Technologies LLC,https://clutch.co/profile/proteus-technologies,5.0,2,https://proteustech.us,"$1,000+",$25 - $49 / hr,10 - 49,"Austin, TX","20% Web Development, 15% Content Writing Services, 15% Graphic Design, 10% CRM Consulting and SI, 10% Email Marketing"
Stratosphere,https://clutch.co/profile/stratosphere-0,,,https://stratosphere.io,"$5,000+",$100 - $149 / hr,10 - 49,,"20% Branding, 20% Market Research, 20% Public Relations, 20% Search Engine Optimization, 20% Social Media Marketing"
G Squared Studios,https://clutch.co/profile/g-squared-studios,5.0,2,https://gsquaredstudios.com/,"$1,000+",$100 - $149 / hr,Freelancer,,"15% Email Marketing, 15% Graphic Design, 15% Pay Per Click, 15% Search Engine Optimization, 15% Web Design"
Advertout,https://clutch.co/profile/advertout,,,https://advertoutdigital.com/,"$1,000+",$50 - $99 / hr,10 - 49,"Austin, TX","16% Ecommerce Marketing, 15% Social Media Marketing, 14% Content Marketing, 14% Performance Marketing, 14% Search Engine Optimization"
Resolute Email Marketing Solutions LLC,https://clutch.co/profile/resolute-email-marketing-solutions,5.0,2,https://emailresolute.com/,"$1,000+",$100 - $149 / hr,10 - 49,,"90% Email Marketing, 10% Performance Marketing, Resolute Email Marketing Solutions LLC specializes in optimizing email infrastructure and enhancing deliverability for clients across various sectors. The company has earned consistently positive feedback, with 100% of reviews highlighting their expertise and commitment. Clients praise their strategic, responsive approach, reporting improved deliverability rates and revenue growth. Notably, their customer service and project management receive high commendations., Recent client feedback for Resolute Email Marketing Solutions LLC highlights their exceptional expertise in email deliverability and strategic support, leading to significant business growth and improved engagement rates. One client noted their success in overcoming email deliverability issues, achieving a 99% delivery rate and a 42% open rate. Another client praised their commitment and responsiveness, stating that Resolute has become an essential part of their success. Overall, sentiment is highly positive, with clients recommending their services without reservation."
mvpGrow,https://clutch.co/profile/mvpgrow,5.0,11,https://mvpgrow.com/,"$5,000+",$100 - $149 / hr,10 - 49,"Brooklyn, NY","10% CRM Consulting and SI, 10% Content Marketing, 10% Demand Generation Marketing, 10% Fractional CMO Services, 10% Pay Per Click"
Tradewinds Media,https://clutch.co/profile/tradewinds-media,,,https://www.tradewindsmedia.co/,"$5,000+",,2 - 9,"Broomfield, CO","60% Search Engine Optimization, 25% Ecommerce Marketing, 15% Conversion Optimization"
Buzzy Work Pro,https://clutch.co/profile/buzzy-work-pro,,,https://www.buzzyworkpro.com/,"$10,000+",$100 - $149 / hr,2 - 9,,"50% Back Office Outsourcing, 20% Pay Per Click, 10% Fractional CMO Services, 10% Marketing Strategy, 10% Search Engine Optimization"
Specbee,https://clutch.co/profile/specbee,4.6,8,https://www.specbee.com/,"$10,000+",$50 - $99 / hr,50 - 249,"Atlanta, GA","60% Web Development, 15% Search Engine Optimization, 15% Web Design, 10% AI Consulting, Specbee is a web development company specializing in Drupal development and migration, assisting clients with website updates, module installations, and SEO improvements. They receive overwhelmingly positive feedback, with approximately 90% of reviewers praising their technical expertise, responsive communication, and timely project delivery. Clients highlight Specbee's ability to understand client needs, provide tailored solutions, and maintain a high uptime rate, making them a reliable partner for complex projects."
Million Dollar Author,https://clutch.co/profile/million-dollar-author,,,https://milliondollarauthor.io,"$10,000+",,10 - 49,"Tallahassee, FL","60% Other Marketing, 25% Marketing Strategy, 15% Content Marketing"
RadASO,https://clutch.co/profile/radaso,5.0,83,https://www.radaso.com/,"$1,000+",$50 - $99 / hr,50 - 249,"Brewster, NY","100% Mobile & App Marketing, RadASO is an app store optimization (ASO) company specializing in enhancing app visibility, organic downloads, and user engagement. Across multiple reviews, 100% of clients highlight their expertise in ASO strategy and data-driven decision-making. Clients consistently praise their professionalism, timely delivery, and tailored solutions, with over 50% noting significant improvements in app performance and user acquisition metrics. Their strategic approach and adaptability make them a preferred partner., Client feedback indicates that RadASO provides excellent value for money, with many praising their cost-effectiveness relative to the quality of services rendered. Multiple clients highlighted that their investment led to significant increases in app visibility and installs, with one noting a remarkable 905% growth in installations. Overall sentiment reflects high satisfaction with the cost relative to the comprehensive, actionable strategies and timely execution delivered by RadASO."
Alexander Online Media,https://clutch.co/profile/alexander-online-media,,,https://www.alexanderonlinemedia.com/,"$5,000+",$100 - $149 / hr,2 - 9,"Douglasville, GA","40% Web Design, 15% E-Commerce Development, 15% Logo, 15% Search Engine Optimization, 15% Web Development"
Impression,https://clutch.co/profile/impression,4.9,7,https://www.impressiondigital.com/,"$5,000+",$150 - $199 / hr,50 - 249,"New York, NY","15% Pay Per Click, 15% Search Engine Optimization, 10% Digital Strategy, 10% Marketing Strategy, 10% Media Planning & Buying"
SEO.my,https://clutch.co/profile/seomy,5.0,31,https://www.seo.my/,,,250 - 999,"Pittsburgh, PA","100% Search Engine Optimization, SEO.my is an SEO agency that specializes in enhancing digital presence across diverse sectors, such as healthcare, legal, telecommunications, and retail. Their reviews on Clutch.co emphasize their tailored approach to SEO, with 100% positive feedback highlighting their expertise in technical SEO, content strategy, and client-focused project management. Over 70% of reviewers commend their ability to align technical SEO practices with industry-specific content needs, enhancing organic visibility while maintaining brand integrity., 4% of employees work in Pittsburgh office"
Graystone Consulting,https://clutch.co/profile/graystone-consulting-0,,,https://graystoneconsulting.co,"$5,000+",$200 - $300 / hr,2 - 9,,"50% Marketing Strategy, 20% Business Consulting, 20% Digital Strategy, 10% Social Media Marketing"
Found | The AI-first Everysearch Agency,https://clutch.co/profile/found-ai-first-everysearch-agency,,,https://www.found.co.uk/,"$1,000+",$100 - $149 / hr,50 - 249,"New York, NY","30% Pay Per Click, 30% Search Engine Optimization, 10% Content Marketing, 10% Conversion Optimization, 10% Social Media Marketing"
Devtics Technologies,https://clutch.co/profile/devtics-technologies,,,http://devtics.com/,"$1,000+",$25 - $49 / hr,10 - 49,,"25% Web Development, 15% AI Development, 10% AI Agents, 10% Search Engine Optimization, 10% Web Design"
MyLeadsFactory,https://clutch.co/profile/myleadsfactory,,,https://www.myleadsfactory.com/,"$1,000+",$50 - $99 / hr,10 - 49,,"25% Pay Per Click, 25% Performance Marketing, 25% Search Engine Optimization, 10% Advertising, 10% Demand Generation Marketing"
"MEDIA REACH, Inc.",https://clutch.co/profile/media-reach,,,https://mediareach.co.jp/en/,"$1,000+",$100 - $149 / hr,10 - 49,"Santa Clara, CA","50% Generative AI, 50% Search Engine Optimization, 4% of employees work in Santa Clara office"
Front Row Group,https://clutch.co/profile/front-row-group,4.9,36,,"$10,000+",,250 - 999,"New York, NY","85% Pay Per Click, 15% Search Engine Optimization, Front Row Group is a digital marketing agency specializing in paid media management, SEO, and data-driven strategies. The company receives overwhelmingly positive feedback, with approximately 100% of reviewers highlighting their professionalism, communication, and impressive project management. Clients appreciate their tailored, efficient solutions and the measurable impact on growth, such as increased ROAS and improved SEO metrics., Front Row Group has demonstrated expertise across several industries, including eCommerce, Automotive, Healthcare, Retail, and Hospitality. Clients praised their strategic approach to digital marketing, particularly in enhancing lead generation and return on ad spend (ROAS). Notably, they achieved significant performance improvements, such as a 40% increase in ROAS for eCommerce and effective SEO strategies for Healthcare providers, highlighting their adaptability and impact in diverse sectors. Overall, their strengths lie in data-driven strategies, responsive communication, and tailored solutions, making them a strong fit for businesses seeking growth in digital marketing."
Avalaunch Media,https://clutch.co/profile/avalaunch-media,4.8,35,,"$1,000+",$150 - $199 / hr,50 - 249,,"30% Content Marketing, 30% Pay Per Click, 30% Search Engine Optimization, 10% Web Design, Avalaunch Media is a full-service digital marketing agency that specializes in SEO, content marketing, website design, and branding. Their clients report strong project management and effective communication, with 90% highlighting their cultural fit and strategic expertise. While some reviews note areas for improvement in design execution, Avalaunch Media consistently delivers impressive results, with clients experiencing significant growth in SEO metrics and market presence."
TribalVision,https://clutch.co/profile/tribalvision,4.9,17,,"$5,000+",$100 - $149 / hr,50 - 249,"Boston, MA","30% Pay Per Click, 25% Email Marketing, 25% Social Media Marketing, 10% CRM Consulting and SI, 10% Marketing Strategy"
elk Marketing,https://clutch.co/profile/elk-marketing,5.0,14,,"$5,000+",$150 - $199 / hr,10 - 49,"West Hollywood, CA","25% Marketing Strategy, 25% Pay Per Click, 25% Search Engine Optimization, 25% Social Media Marketing, elk Marketing is a versatile digital marketing agency specializing in SEO, PPC, and web development. Across its reviews, 100% of clients commend its strategic expertise and responsive project management. Notably, elk Marketing helped a client reduce their Meta Customer Acquisition Cost (CAC) from $180 to $40, while another noted a 241% increase in non-branded traffic. Clients appreciate the agency’s customized solutions and seamless integration into their teams."
Zero Gravity Marketing,https://clutch.co/profile/zero-gravity-marketing,5.0,13,,"$1,000+",$150 - $199 / hr,50 - 249,,"20% Marketing Strategy, 20% Pay Per Click, 20% Search Engine Optimization, 20% Social Media Marketing, 10% Email Marketing"
Straight North,https://clutch.co/profile/straight-north,4.7,137,,"$1,000+",$100 - $149 / hr,50 - 249,"Chicago, IL","70% Search Engine Optimization, 25% Pay Per Click, 5% Web Design, Straight North is a multifaceted digital marketing agency specializing in SEO, PPC, and lead generation services. Client feedback highlights their professionalism, timely delivery, and effective communication. Approximately 80% of reviews note successful outcomes such as increased ROI and lead generation, while a few mention areas for improvement, particularly in alignment with brand guidelines. Overall, Straight North is praised for their strategic approach and ability to drive measurable results."
Big Leap,https://clutch.co/profile/big-leap,4.8,94,,"$1,000+",$100 - $149 / hr,50 - 249,,"75% Search Engine Optimization, 25% Pay Per Click, Big Leap is an SEO agency specializing in enhancing organic traffic, keyword ranking, and website optimization. Reviews consistently highlight their effective project management, timely communication, and impressive results, such as a 478.5% increase in organic sessions and 700% SEO traffic growth over two years. Clients commend their strategic, long-term approach and customer-focused service, with 100% positive feedback on their professionalism and success in meeting objectives."
Digital Dot,https://clutch.co/profile/digital-dot,5.0,13,,"$1,000+",$50 - $99 / hr,50 - 249,"New York, NY","25% Search Engine Optimization, 15% Web Development, 10% Branding, 10% Content Marketing, 10% Email Marketing"
MacroHype,https://clutch.co/profile/macrohype,5.0,15,,"$5,000+",$50 - $99 / hr,50 - 249,"New York, NY","20% Ecommerce Marketing, 20% Pay Per Click, 20% Search Engine Optimization, 20% Social Media Marketing, 20% Web Design"
Go Fish Digital,https://clutch.co/profile/go-fish-digital,5.0,13,,"$5,000+",,250 - 999,"Raleigh, NC","30% Search Engine Optimization, 25% AI Consulting, 15% Pay Per Click, 15% Performance Marketing, 10% Social Media Marketing"
Hive Digital,https://clutch.co/profile/hive-digital,4.8,14,,"$5,000+",$200 - $300 / hr,10 - 49,"Holly Springs, NC","25% Pay Per Click, 25% Search Engine Optimization, 20% Content Marketing, 15% Digital Strategy, 10% Conversion Optimization"
Surge Marketing,https://clutch.co/profile/surge-marketing-0,4.8,15,,"$1,000+",$100 - $149 / hr,10 - 49,"Los Angeles, CA","34% Social Media Marketing, 33% Pay Per Click, 33% Search Engine Optimization, Surge Marketing is an SEO and digital marketing agency specializing in enhancing online visibility and traffic through services like search engine optimization, pay-per-click management, and web development. While 75% of reviewers praised their expertise, timely project delivery, and professional approach, 25% highlighted challenges with accountability and communication, suggesting improvement in task management and consistency."
"AIS Media, Inc.",https://clutch.co/profile/ais-media,4.9,8,,"$1,000+",$100 - $149 / hr,10 - 49,"Atlanta, GA","20% Pay Per Click, 20% Search Engine Optimization, 20% Social Media Marketing, 10% Content Marketing, 5% Event Marketing"
Core and More Technologies,https://clutch.co/profile/core-more-technologies,5.0,4,,"$1,000+",$100 - $149 / hr,10 - 49,,"25% Pay Per Click, 20% Search Engine Optimization, 20% Social Media Marketing, 15% Web Design, 10% Content Marketing"
Clicks and Clients,https://clutch.co/profile/clicks-clients,5.0,6,,"$5,000+",$100 - $149 / hr,10 - 49,"Denver, CO","35% Social Media Marketing, 30% Pay Per Click, 15% Digital Strategy, 10% Conversion Optimization, 10% Search Engine Optimization"
icepop,https://clutch.co/profile/icepop,5.0,46,,"$5,000+",$100 - $149 / hr,10 - 49,"Beverly Hills, CA","20% Search Engine Optimization, 20% Social Media Marketing, 15% Pay Per Click, 15% Web Design, 10% Conversion Optimization"
Truth Tree,https://clutch.co/profile/truth-tree,5.0,4,,"$10,000+",,10 - 49,,"25% Pay Per Click, 20% Search Engine Optimization, 20% Social Media Marketing, 15% Email Marketing, 10% Content Marketing"
Bear Fox Marketing,https://clutch.co/profile/bear-fox-marketing,4.9,23,,"$1,000+",$100 - $149 / hr,10 - 49,,"35% Search Engine Optimization, 15% Pay Per Click, 10% Advertising, 10% Content Marketing, 10% Digital Strategy"
DiscoverMyBusiness,https://clutch.co/profile/discovermybusiness-0,5.0,137,,"$1,000+",$150 - $199 / hr,10 - 49,"New York, NY","80% Pay Per Click, 10% Search Engine Optimization, 10% Social Media Marketing, DiscoverMyBusiness is a marketing agency specializing in digital marketing, PPC advertising, and eCommerce strategies to enhance brand visibility and drive conversions. Reviews reveal a 100% satisfaction rate, highlighting their data-driven, creative approach and commitment to delivering measurable results. Clients commend their project management, responsiveness, and ability to align with company values, with over 80% praising their strategic insight and execution consistency., Client feedback regarding DiscoverMyBusiness highlights a consistent sentiment of good value for money and cost-effectiveness. Many clients noted that the pricing fit their budgets while delivering strong results, such as increased traffic and improved conversion rates. For instance, one review emphasized that they saw a 4.2x return on ad spend, while another client mentioned a 30% reduction in cost per acquisition. Overall, clients appreciated the balance between quality service and affordability, reinforcing the perception of DiscoverMyBusiness as a worthwhile investment."
Renaissance Digital Marketing,https://clutch.co/profile/renaissance-digital-marketing-0,5.0,,,"$1,000+",,2 - 9,"Tampa, FL","40% Search Engine Optimization, 30% Email Marketing, 20% Pay Per Click, 10% Social Media Marketing, Renaissance Digital Marketing is an advertising company specializing in managing Google Ads campaigns. The company has been praised for significantly reducing ad spend while increasing conversions, with 100% of reviewers noting effective communication and impressive expertise in the ads process. All feedback provided was positive, indicating a high level of client satisfaction."
Mad Fish Digital,https://clutch.co/profile/mad-fish-digital,4.9,10,,"$5,000+",$150 - $199 / hr,10 - 49,,"35% Search Engine Optimization, 30% Pay Per Click, 20% Digital Strategy, 15% Content Marketing, Mad Fish Digital is a digital marketing agency specializing in SEO, PPC, and content development. The company has received overwhelmingly positive feedback, with more than 90% of reviewers praising their project management, transparency, and expertise. Clients often highlight their responsiveness, flexibility, and ability to deliver credible results, with reports of significant increases in site traffic, Google rankings, and conversion rates."
Perfect Search Media,https://clutch.co/profile/perfect-search-media,4.8,16,,"$5,000+",$150 - $199 / hr,10 - 49,"Vernon Hills, IL","40% Pay Per Click, 30% Search Engine Optimization, 20% Social Media Marketing, 10% Content Marketing, Perfect Search Media is a digital marketing agency specializing in SEO, SEM, and paid search strategies. The company consistently receives positive feedback, with over 90% of reviewers highlighting their expertise, responsiveness, and project management skills. Clients appreciate their ability to optimize strategies effectively, resulting in significant improvements in website traffic, conversion rates, and cost per acquisition. Their proactive approach and attention to client needs are frequently commended."
Firon Marketing,https://clutch.co/profile/firon-marketing,5.0,6,,"$5,000+",$100 - $149 / hr,10 - 49,"New York, NY","30% Search Engine Optimization, 25% Pay Per Click, 20% Social Media Marketing, 10% Content Marketing, 10% Web Development"
Titan Growth,https://clutch.co/profile/titan-growth,5.0,34,,"$1,000+",$100 - $149 / hr,50 - 249,"San Diego, CA","60% Search Engine Optimization, 20% Pay Per Click, 10% Content Marketing, 10% Web Design, Titan Growth is a distinguished SEO agency offering comprehensive digital marketing services, including paid media management and organic search strategy. Client reviews reflect a 100% satisfaction rate, praising their effective communication, impressive technology, and ability to drive significant improvements in rankings and revenue. Approximately 80% of reviews highlight their strong client relationships and personalized approach."
Superpath,https://clutch.co/profile/superpath,4.9,19,,"$1,000+",$100 - $149 / hr,50 - 249,,"40% Search Engine Optimization, 20% Pay Per Click, 20% Web Design, 10% Content Marketing, 10% Social Media Marketing"
White Shark Media,https://clutch.co/profile/white-shark-media,4.8,3,,"$1,000+",,50 - 249,"Miami, FL","40% Pay Per Click, 20% Search Engine Optimization, 20% Social Media Marketing, 15% Ecommerce Marketing, 5% Email Marketing"
Page One Power,https://clutch.co/profile/page-one-power,4.7,17,,"$1,000+",,50 - 249,,"50% Content Marketing, 50% Search Engine Optimization, Page One Power is a renowned SEO agency specializing in link-building and content marketing services. With a consistent focus on high-quality, organic link-building, they have garnered overwhelmingly positive feedback, with 100% of reviews highlighting their professionalism, communication, and effective project management. Reviewers commend their tailored strategies and proactive approach, noting significant increases in traffic, domain authority, and brand visibility."
Elevato Digital,https://clutch.co/profile/elevato-digital,4.1,15,https://www.elevatodigital.com/,"$1,000+",$150 - $199 / hr,50 - 249,,"20% Pay Per Click, 20% Search Engine Optimization, 10% Content Marketing, 10% Digital Strategy, 10% Email Marketing"
Booyah Advertising,https://clutch.co/profile/booyah-advertising,4.5,6,,"$10,000+",$150 - $199 / hr,50 - 249,"Denver, CO","40% Social Media Marketing, 35% Pay Per Click, 25% Search Engine Optimization, Booyah Advertising is a digital marketing agency specializing in paid media, SEO, display ads, and creative asset design. The company receives high praise for its knowledgeable team, impressive results, and client-focused approach, with over 90% of reviews highlighting their exceptional performance and flexibility. While some note occasional team member turnover, clients appreciate Booyah’s commitment to transparency and tailored strategies that drive significant improvements in conversion rates and online visibility."
Corecentrix Business Solutions,https://clutch.co/profile/corecentrix-business-solutions,4.9,83,,"$5,000+",$25 - $49 / hr,250 - 999,"Bohemia, NY","40% Pay Per Click, 20% Web Design, 15% Search Engine Optimization, 15% Social Media Marketing, 10% Web Development"
Dragonfly Digital Marketing,https://clutch.co/profile/dragonfly-digital-marketing,5.0,11,,"$1,000+",$100 - $149 / hr,2 - 9,,"20% Content Marketing, 20% Pay Per Click, 20% Search Engine Optimization, 10% Conversion Optimization, 10% Digital Strategy"
OppGen Marketing,https://clutch.co/profile/oppgen-marketing,5.0,22,,"$5,000+",$100 - $149 / hr,10 - 49,"Columbus, OH","55% Pay Per Click, 35% Search Engine Optimization, 10% Social Media Marketing, OppGen Marketing is a digital marketing agency specializing in SEO, paid search, and content marketing strategies. They receive overwhelmingly positive feedback, with 100% of reviewers noting their expertise, timeliness, and responsiveness. Many clients experienced significant improvements in leads and revenue, with some noting over 200% increases in key metrics, highlighting OppGen's effective and strategic approach."
BluShark Digital - Law Firm Marketing,https://clutch.co/profile/blushark-digital-law-firm-marketing,4.9,12,https://blusharkdigital.com/,"$1,000+",$100 - $149 / hr,10 - 49,,"25% Content Marketing, 25% Search Engine Optimization, 20% Digital Strategy, 20% Pay Per Click, 10% Advertising"
Eight Oh Two,https://clutch.co/profile/eight-oh-two,4.9,18,,"$5,000+",$100 - $149 / hr,10 - 49,,"40% Pay Per Click, 30% Content Marketing, 30% Search Engine Optimization, Eight Oh Two is a digital marketing agency specializing in SEO, SEM, and PPC management, as well as content creation and strategic consultation. Across various reviews, Eight Oh Two consistently receives positive feedback for their professionalism, adaptability, and impressive results, with no negative feedback reported. Approximately 80% of reviewers highlight their proactive approach and exceptional project management skills, emphasizing their ability to significantly enhance clients' marketing outcomes and business growth."
MoreVisibility,https://clutch.co/profile/morevisibility,4.8,5,,"$10,000+",$150 - $199 / hr,10 - 49,"Boca Raton, FL","25% Pay Per Click, 25% Search Engine Optimization, 10% Content Marketing, 10% Content Writing Services, 10% Demand Generation Marketing"
SYMVOLT,https://clutch.co/profile/symvolt,5.0,35,,"$1,000+",$25 - $49 / hr,50 - 249,,"35% Search Engine Optimization, 20% Content Marketing, 15% Digital Strategy, 15% Pay Per Click, 15% Social Media Marketing"
Session Interactive,https://clutch.co/profile/session-interactive,5.0,12,,"$5,000+",$150 - $199 / hr,10 - 49,"Denver, CO","40% Search Engine Optimization, 30% Pay Per Click, 10% Digital Strategy, 10% Marketing Strategy, 5% Content Marketing"
NowSourcing,https://clutch.co/profile/nowsourcing,4.9,72,,"$5,000+",$100 - $149 / hr,10 - 49,,"90% Content Marketing, 5% Public Relations, 5% Search Engine Optimization, NowSourcing is a company specializing in the creation and distribution of custom infographics for visual storytelling and content marketing. Across multiple reviews, clients consistently praise their high-quality design work, effective project management, and responsive communication. Approximately 90% of reviewers highlight NowSourcing's ability to deliver on time and their impactful media outreach. Their hands-on approach, led by the CEO, is frequently mentioned as a standout feature."
Agency 102,https://clutch.co/profile/agency-102,4.9,11,,"$5,000+",$100 - $149 / hr,2 - 9,,"25% Content Marketing, 20% Email Marketing, 20% Search Engine Optimization, 20% Social Media Marketing, 15% Marketing Strategy"
Giant Propeller,https://clutch.co/profile/giant-propeller,4.7,29,,"$10,000+",$100 - $149 / hr,10 - 49,"New York, NY","20% Graphic Design, 20% Pay Per Click, 15% Email Marketing, 15% Social Media Marketing, 10% Content Marketing"
Incline Marketing,https://clutch.co/profile/incline-marketing,4.9,8,,"$1,000+",$150 - $199 / hr,10 - 49,"St. Petersburg, FL","25% Email Marketing, 25% Pay Per Click, 25% Search Engine Optimization, 15% Web Design, 10% Other Digital Marketing"
Spray Marketing,https://clutch.co/profile/spray-marketing-0,5.0,9,,"$1,000+",$100 - $149 / hr,10 - 49,"Brooklyn, NY","30% Pay Per Click, 30% Social Media Marketing, 20% Ecommerce Marketing, 10% Email Marketing, 10% Graphic Design"
Software Pro Digital,https://clutch.co/profile/software-pro-digital,5.0,44,,"$1,000+",$25 - $49 / hr,50 - 249,"New York, NY","70% Search Engine Optimization, 15% Social Media Marketing, 10% Pay Per Click, 5% Web Design, Software Pro Digital is a versatile digital agency specializing in web design, SEO, and digital marketing services. Their clients consistently praise their project management, communication, and ability to deliver measurable results, such as increased leads and revenue. Approximately 90% of reviewers highlight their professionalism and alignment with client values, making them a reliable choice for businesses seeking to enhance their digital presence."
Thought Catalog Agency,https://clutch.co/profile/thought-catalog-agency,5.0,2,,"$5,000+",,10 - 49,"Los Angeles, CA","25% Social Media Marketing, 20% Content Marketing, 20% Search Engine Optimization, 15% Digital Strategy, 10% Graphic Design"
Mediaforce Digital Marketing Agency,https://clutch.co/profile/mediaforce-digital-marketing-agency,4.9,30,,"$1,000+",$50 - $99 / hr,10 - 49,"New York, NY","25% Pay Per Click, 25% Search Engine Optimization, 10% AI Consulting, 10% AI Development, 10% Email Marketing"
GRO,https://clutch.co/profile/gro-2,5.0,11,,"$5,000+",$100 - $149 / hr,10 - 49,,"35% Pay Per Click, 25% Social Media Marketing, 15% Search Engine Optimization, 15% Web Design, 10% Digital Strategy"
eMaximize,https://clutch.co/profile/emaximize,5.0,19,,"$1,000+",,2 - 9,"Manhattan Beach, CA","35% Pay Per Click, 30% Search Engine Optimization, 25% Digital Strategy, 10% Other Digital Marketing, eMaximize is a digital marketing agency specializing in website design, SEO, and lead generation. With over 90% of reviews highlighting their professionalism, creativity, and strategic approach, clients commend their ability to enhance brand presence and drive measurable improvements. Numerous reviews emphasize their effective communication and responsiveness, while 80% of clients reported increased leads and client engagement as key outcomes of eMaximize’s services."
Leverage Marketing,https://clutch.co/profile/leverage-marketing,4.9,4,,,$100 - $149 / hr,10 - 49,"Austin, TX","20% Content Marketing, 20% Pay Per Click, 20% Search Engine Optimization, 10% Branding, 10% Social Media Marketing"
Serial Scaling,https://clutch.co/profile/serial-scaling,4.9,13,,"$5,000+",$100 - $149 / hr,10 - 49,"Brooklyn, NY","60% Search Engine Optimization, 30% Content Marketing, 10% Conversion Optimization, Serial Scaling is an SEO and digital marketing agency, offering comprehensive services such as SEO optimization, content strategy, and website redesign. The overall feedback from their clients is overwhelmingly positive, with approximately 90% of reviewers highlighting their professionalism, communication, and tailored strategies. Clients frequently commend Serial Scaling's ability to meet deadlines and deliver measurable results in SEO improvements and digital presence enhancement."
Webfor,https://clutch.co/profile/webfor,5.0,9,,"$1,000+",$100 - $149 / hr,10 - 49,"Vancouver, WA","50% Search Engine Optimization, 20% Pay Per Click, 10% Marketing Strategy, 10% Web Design, 10% Web Development"
CASP MEDIA,https://clutch.co/profile/casp-media,5.0,9,,"$1,000+",$100 - $149 / hr,2 - 9,"Miami, FL","20% Content Marketing, 20% Email Marketing, 20% Pay Per Click, 20% Social Media Marketing, 10% Low/No Code Development"
Motoza,https://clutch.co/profile/motoza,4.9,14,,"$1,000+",$150 - $199 / hr,2 - 9,"Austin, TX","40% Pay Per Click, 40% Search Engine Optimization, 20% Content Marketing, Motoza is a digital marketing agency specializing in SEO, PPC advertising, and digital strategy. The company consistently receives positive feedback for its communicative and personalized approach, with 100% of reviewers noting their responsiveness and tailored solutions. Clients commonly praise their ability to deliver measurable improvements in search visibility and lead generation, fostering long-term partnerships across various industries."
Acceleration Partners,https://clutch.co/profile/acceleration-partners,5.0,3,,,,250 - 999,"Boston, MA","85% Affiliate Marketing, 15% Social Media Marketing, Acceleration Partners is an affiliate marketing agency renowned for its effective management and expansion of client affiliate programs. With an impressive track record, they have helped clients achieve substantial growth, such as quadrupling customer numbers and achieving over 400% year-over-year growth in subscriptions. Approximately 90% of reviews highlight their seamless integration and robust project management, portraying them as a reliable and proactive partner."
Ernst Media,https://clutch.co/profile/ernst-media,4.9,17,,"$1,000+",$50 - $99 / hr,2 - 9,"Spokane, WA","50% Pay Per Click, 50% Social Media Marketing, Ernst Media is a comprehensive digital marketing agency specializing in social media marketing, Google Ads, and SEO services. The company is highly regarded for its effectiveness, with reviews consistently highlighting their exceptional communication, transparency, and proactive approach. Clients report significant improvements in lead generation and cost efficiency, with 100% positive feedback across reviews. Ernst Media is commended for their boutique agency feel, offering quick and personalized service."
Exo Agency,https://clutch.co/profile/exo-agency,5.0,45,,"$1,000+",$50 - $99 / hr,2 - 9,"Seattle, WA","50% Search Engine Optimization, 45% Pay Per Click, 5% Web Development, Exo Agency is a digital marketing firm specializing in SEO, PPC, and web development. The company receives overwhelmingly positive feedback, with 100% of clients praising their professionalism, communication, and results-driven strategies. Multiple reviews highlight Exo Agency's ability to enhance website rankings, increase leads, and deliver impressive ROI, while maintaining strong alignment with clients' values and budget considerations."
Social Hustle,https://clutch.co/profile/social-hustle,4.4,9,,"$5,000+",$150 - $199 / hr,10 - 49,,"30% Pay Per Click, 25% Search Engine Optimization, 15% Web Development, 10% Content Marketing, 10% Social Media Marketing"
Sachs Marketing Group,https://clutch.co/profile/sachs-marketing-group,5.0,26,,,$100 - $149 / hr,10 - 49,"Westlake Village, CA","50% Social Media Marketing, 40% Search Engine Optimization, 10% Web Design, Sachs Marketing Group is a digital marketing agency specializing in SEO, web design, and social media management. Reviews demonstrate a consistent record of successful project management, timely deliverables, and excellent customer service, with 100% of reviewers noting their professionalism and responsiveness. Clients appreciate their transparency and ability to adapt strategies to meet specific business needs, fostering long-term partnerships."
The Setters Agency,https://clutch.co/profile/setters-agency,4.9,18,,"$1,000+",,10 - 49,"New York, NY","40% Social Media Marketing, 20% Content Marketing, 20% Digital Strategy, 20% Pay Per Click, The Setters Agency is a marketing agency specializing in social media management and digital advertising. They are highly regarded for their professionalism, creativity, and adaptability in managing various campaigns across platforms like Instagram, Facebook, and TikTok. Approximately 90% of the feedback highlights their effective communication and timely delivery, with 70% of reviewers praising their innovative, client-focused strategies."
YellowFin Digital,https://clutch.co/profile/yellowfin-digital,5.0,29,,"$5,000+",$100 - $149 / hr,2 - 9,"Corpus Christi, TX","35% Pay Per Click, 35% Search Engine Optimization, 20% Web Design, 10% E-Commerce Development, YellowFin Digital is a versatile digital marketing agency offering a range of services, including SEO, web design, PPC campaigns, and rebranding. With overwhelmingly positive reviews, around 95% of clients praise their tailored approach, communication, and project management. Themes of client satisfaction and successful project outcomes are consistent across reviews, highlighting YellowFin Digital's commitment to delivering customized solutions and maintaining strong client relationships."
Decoder,https://clutch.co/profile/decoder,4.8,14,,"$10,000+",$150 - $199 / hr,10 - 49,,"40% Search Engine Optimization, 30% Conversion Optimization, 30% Pay Per Click, Decoder is a digital marketing agency specializing in SEO, PPC, and conversion rate optimization. Their services consistently lead to significant improvements in key performance metrics such as a 34% increase in bookings, 131% organic visibility growth, and impressive ROI figures. With a strong emphasis on responsiveness and integrity, Decoder garners predominantly positive reviews, with nearly all clients praising their expertise and strategic execution."
Coast Digital,https://clutch.co/profile/coast-digital-0,4.9,14,,"$5,000+",$150 - $199 / hr,2 - 9,"San Diego, CA","35% Pay Per Click, 35% Social Media Marketing, 20% Graphic Design, 10% Video Production, Coast Digital is a digital marketing agency specializing in social media advertising, creative ad development, and performance marketing across platforms like Google and Facebook. The company consistently receives positive feedback, with approximately 90% of reviewers praising their responsiveness, detailed communication, and creative expertise. Many clients highlight their ability to improve return on ad spend and enhance ad performance through their data-driven approach and creative involvement."
Infinity Media,https://clutch.co/profile/infinity-media,4.8,30,,"$5,000+",$100 - $149 / hr,10 - 49,"Los Angeles, CA","30% Pay Per Click, 30% Social Media Marketing, 15% Conversion Optimization, 15% Email Marketing, 10% Search Engine Optimization"
Big Red Jelly,https://clutch.co/profile/big-red-jelly,4.8,164,,"$1,000+",$150 - $199 / hr,10 - 49,,"30% Digital Strategy, 15% Content Marketing, 15% Search Engine Optimization, 15% Web Design, 10% Advertising"
Agency Elevation,https://clutch.co/profile/agency-elevation,4.5,16,,"$1,000+",,50 - 249,,"30% Pay Per Click, 30% Search Engine Optimization, 30% Social Media Marketing, 10% Digital Strategy, Agency Elevation is a digital marketing agency specializing in SEO, PPC, and lead generation services. The feedback is predominantly positive, with 89% of reviewers praising their communication, responsiveness, and ability to deliver impressive results. Some standout themes include exceptional customer service and effective project management. However, a minority (11%) reported dissatisfaction with specific campaign outcomes, indicating room for improvement in certain areas."
Torro Media,https://clutch.co/profile/torro-media,5.0,22,https://torro.io/,"$1,000+",$150 - $199 / hr,10 - 49,"Boston, MA","35% Search Engine Optimization, 25% Pay Per Click, 20% Web Design, 10% Social Media Marketing, 5% Digital Strategy"
ClickGiant,https://clutch.co/profile/clickgiant,5.0,41,,"$1,000+",$100 - $149 / hr,10 - 49,,"50% Content Marketing, 50% Search Engine Optimization, ClickGiant is an SEO and content marketing agency highly regarded for its ability to enhance organic traffic and search rankings. Feedback from reviews indicates that approximately 90% of clients commend ClickGiant for their responsiveness, personalized attention, and effective results, such as significant increases in website traffic and search ranking improvements. Criticism is minimal, with no substantial negative feedback reported."
Spectrum Group Online,https://clutch.co/profile/spectrum-group-online,4.9,15,,"$1,000+",$200 - $300 / hr,2 - 9,"San Jose, CA","30% Pay Per Click, 25% Search Engine Optimization, 15% Content Marketing, 10% Digital Strategy, 10% Marketing Strategy"
97th Floor,https://clutch.co/profile/97th-floor,4.8,16,http://www.97thfloor.com/,"$5,000+",$150 - $199 / hr,50 - 249,,"35% Search Engine Optimization, 25% Pay Per Click, 20% Content Marketing, 10% Demand Generation Marketing, 10% Performance Marketing"
Americanoize,https://clutch.co/profile/americanoize,4.8,20,,"$5,000+",$100 - $149 / hr,10 - 49,"Miami, FL","30% Content Marketing, 30% Corporate Photography, 30% Social Media Marketing, 10% Video Production, Americanoize is a marketing agency specializing in social media and influencer marketing. Feedback from clients shows a diverse range of experiences: 79% of reviews highlight Americanoize's effective communication, tailored strategies, and positive results, such as increased engagement and brand visibility. However, 14% of reviews raised concerns about their business practices. Americanoize stands out for its professionalism, though opinions vary."
Stryde,https://clutch.co/profile/stryde,4.5,11,,"$5,000+",$150 - $199 / hr,10 - 49,,"45% Search Engine Optimization, 25% Digital Strategy, 10% Email Marketing, 10% Pay Per Click, 10% Social Media Marketing"
Building Brands Marketing,https://clutch.co/profile/building-brands-marketing,5.0,20,,"$1,000+",$50 - $99 / hr,10 - 49,"Victoria, TX","40% Search Engine Optimization, 10% Branding, 10% Email Marketing, 10% Graphic Design, 10% Pay Per Click"
Taikun Digital,https://clutch.co/profile/taikun-digital,5.0,10,https://www.taikundigital.com/,"$5,000+",$100 - $149 / hr,10 - 49,"New York, NY","40% Social Media Marketing, 35% Pay Per Click, 15% Ecommerce Marketing, 10% Advertising, Taikun Digital is a comprehensive digital marketing agency specializing in PPC advertising, Google Ads management, and social media advertising. Their clients consistently praise their expertise, with 100% of reviews highlighting impressive results like increased conversion rates and ROAS. Notably, 90% of the reviews commend their project management and responsiveness, showcasing their commitment to client success and satisfaction."
Walker Sands,https://clutch.co/profile/walker-sands-0,4.8,9,,,,50 - 249,"Chicago, IL","25% Search Engine Optimization, 20% Public Relations, 15% Pay Per Click, 10% Content Marketing, 10% Digital Strategy"
Effective Spend,https://clutch.co/profile/effective-spend,4.9,16,,"$1,000+",$150 - $199 / hr,50 - 249,"Austin, TX","30% Pay Per Click, 30% Social Media Marketing, 25% Search Engine Optimization, 15% Digital Strategy, Effective Spend is a digital marketing agency specializing in PPC and SEO services. They are praised for their strategic and data-driven approach, with 100% positive feedback for enhancing clients' online traffic and revenue. Reviewers frequently highlight their impressive project management and communication skills, with 80% noting their transparency and responsiveness as standout qualities. Effective Spend is often regarded as an extension of clients' in-house teams, demonstrating a strong commitment to achieving business goals."
Blue Water Marketing,https://clutch.co/profile/blue-water-marketing,4.9,6,,"$5,000+",$150 - $199 / hr,10 - 49,"Stuart, FL","20% Content Marketing, 20% Digital Strategy, 20% Pay Per Click, 20% Search Engine Optimization, 20% Social Media Marketing"
Add3,https://clutch.co/profile/add3,5.0,,,,,50 - 249,"Seattle, WA","55% Pay Per Click, 25% Social Media Marketing, 20% Search Engine Optimization, Add3 is a digital marketing company specializing in performance marketing services, focusing on optimizing return on ad spend (ROAS) through social media, programmatic, and search ads. Feedback indicates that 100% of reviewers highlight their impressive ability to deliver measurable results, with 100% noting their effective teamwork and project management. While service is robust domestically, there is room for expanding international capabilities."
VELOX,https://clutch.co/profile/velox-1,4.6,11,,"$10,000+",$200 - $300 / hr,50 - 249,,"40% Search Engine Optimization, 25% Pay Per Click, 10% Content Marketing, 10% Digital Strategy, 10% Social Media Marketing"
Rise Interactive,https://clutch.co/profile/rise-interactive,4.5,3,,,,250 - 999,"Chicago, IL","30% Pay Per Click, 20% Search Engine Optimization, 10% Digital Strategy, 10% Other Digital Marketing, 10% Social Media Marketing"
Tinuiti,https://clutch.co/profile/tinuiti,5.0,,,"$10,000+",$100 - $149 / hr,"1,000 - 9,999","New York, NY","15% Advertising, 15% Media Planning & Buying, 10% Ecommerce Marketing, 10% Pay Per Click, 10% Performance Marketing"
More Local Clients LLC,https://clutch.co/profile/more-local-clients,5.0,13,,"$5,000+",$100 - $149 / hr,10 - 49,"Lincolnshire, IL","35% Search Engine Optimization, 30% Pay Per Click, 25% Branding, 10% Web Development, More Local Clients LLC is a digital marketing agency specializing in website development, SEO, and branding services. The company consistently receives positive feedback, with approximately 100% of reviews highlighting their professionalism, timely project delivery, and strong communication skills. Many clients commend their SEO expertise, with around 80% noting significant improvements in web rankings and lead generation."
Wpromote,https://clutch.co/profile/wpromote,4.7,3,,"$250,000+",,250 - 999,"El Segundo, CA","25% Pay Per Click, 15% Search Engine Optimization, 10% Branding, 10% Content Marketing, 10% Graphic Design"
Effeect,https://clutch.co/profile/effeect,5.0,13,,"$1,000+",$50 - $99 / hr,10 - 49,,"60% Pay Per Click, 10% Advertising, 10% Email Marketing, 10% Search Engine Optimization, 10% Social Media Marketing"
Workshop Digital,https://clutch.co/profile/workshop-digital,4.8,3,,"$1,000+",,10 - 49,,"40% Pay Per Click, 40% Search Engine Optimization, 20% BI & Big Data Consulting & SI, Workshop Digital is an SEO and digital advertising agency that excels in improving search engine rankings and driving online visibility for its clients. Across their reviews, 100% of feedback highlights their effective project management and proactive approach, with approximately 90% noting significant improvements in organic traffic and keyword rankings. Clients consistently praise Workshop Digital for their expertise, adaptability, and collaborative nature."
Fasturtle,https://clutch.co/profile/fasturtle,4.9,10,,"$1,000+",$100 - $149 / hr,10 - 49,,"40% Search Engine Optimization, 20% Web Development, 10% Content Marketing, 10% Pay Per Click, 10% Social Media Marketing"
"BERK Labs, LLC",https://clutch.co/profile/berk-labs,5.0,43,,"$5,000+",$200 - $300 / hr,10 - 49,"Houston, TX","30% Pay Per Click, 15% Conversion Optimization, 15% Search Engine Optimization, 10% Digital Strategy, 10% Email Marketing"
NoGood,https://clutch.co/profile/nogood,5.0,,,,,10 - 49,"New York, NY","17% Content Marketing, 17% Pay Per Click, 17% Search Engine Optimization, 17% Social Media Marketing, 17% Video Production"
Rizen Corp.,https://clutch.co/profile/rizen-corp,5.0,10,,"$5,000+",$200 - $300 / hr,10 - 49,"Miami, FL","25% Pay Per Click, 20% Content Marketing, 20% Marketing Strategy, 15% Corporate Training & Coaching, 10% Search Engine Optimization"
IGW (Infographic World),https://clutch.co/profile/igw-infographic-world,4.8,25,,"$5,000+",$150 - $199 / hr,10 - 49,"New York, NY","50% Content Marketing, 10% Advertising, 10% Search Engine Optimization, 10% Social Media Marketing, 10% Video Production"
Nowspeed Marketing,https://clutch.co/profile/nowspeed-marketing,4.8,18,,"$1,000+",$150 - $199 / hr,10 - 49,"Boston, MA","30% Pay Per Click, 20% Search Engine Optimization, 15% Content Marketing, 15% Web Design, 10% Social Media Marketing"
Digital Authority Partners,https://clutch.co/profile/digital-authority-partners,4.9,21,,"$1,000+",$100 - $149 / hr,50 - 249,"Chicago, IL","80% Search Engine Optimization, 10% Marketing Strategy, 10% Pay Per Click, Digital Authority Partners is a comprehensive digital marketing agency offering services such as SEO, web design, digital strategy, and performance marketing. The feedback from their clients is overwhelmingly positive, with approximately 90% highlighting their expertise, professionalism, and collaborative approach. Clients consistently commend their responsive project management and commitment to excellence, with around 30% specifically noting their ability to tailor strategies and provide data-driven insights."
Amsive,https://clutch.co/profile/amsive,4.8,3,,"$25,000+",,250 - 999,"New York, NY","10% Advertising, 10% Branding, 10% Conversion Optimization, 10% Digital Strategy, 10% Email Marketing"
Revolute X Digital,https://clutch.co/profile/revolute-x-digital,5.0,41,,,$50 - $99 / hr,10 - 49,,"20% Other Digital Marketing, 10% Content Marketing, 10% Custom Software Development, 10% Graphic Design, 10% Pay Per Click"
Fair Marketing,https://clutch.co/profile/fair-marketing,5.0,24,,"$1,000+",$100 - $149 / hr,10 - 49,"The Woodlands, TX","75% Search Engine Optimization, 15% Pay Per Click, 10% Web Design, Fair Marketing is a comprehensive digital marketing agency offering services such as SEO, web design, mobile app development, and PPC campaign management. Reviews reveal a mixed sentiment: 71% of clients express high satisfaction due to clear communication, project management, and strategic insights, while 29% note areas for improvement in communication and project execution. Despite some challenges, Fair Marketing consistently demonstrates value by aligning with client goals and delivering measurable results."
JOS,https://clutch.co/profile/jos,4.9,38,,"$1,000+",$150 - $199 / hr,10 - 49,"Atlanta, GA","15% Content Marketing, 15% Email Marketing, 10% Advertising, 10% Digital Strategy, 10% Graphic Design"
Greenlane Marketing,https://clutch.co/profile/greenlane-marketing,4.8,15,,"$1,000+",$150 - $199 / hr,10 - 49,"Chesterbrook, PA","35% Pay Per Click, 35% Search Engine Optimization, 15% Content Marketing, 15% Social Media Marketing, Greenlane Marketing is a versatile digital marketing agency specializing in SEO, PPC, and performance marketing. They are highly praised for their strategic clarity and proactive approach, with 100% of clients noting their responsive and efficient project management. The agency excels in delivering measurable outcomes, such as increased ROAS and improved search rankings, with clients appreciating their deep understanding of business goals and ROI-driven decision-making."
WebiMax,https://clutch.co/profile/webimax,5.0,26,,"$1,000+",$100 - $149 / hr,10 - 49,,"45% Search Engine Optimization, 20% Public Relations, 15% Pay Per Click, 10% AI Consulting, 10% Digital Strategy"
Ava Digital Agency,https://clutch.co/profile/ava-digital-agency,5.0,9,,"$1,000+",$25 - $49 / hr,10 - 49,"Glen Ellyn, IL","40% Search Engine Optimization, 10% Ecommerce Marketing, 10% Email Marketing, 10% Pay Per Click, 10% Public Relations"
Sixth City Marketing,https://clutch.co/profile/sixth-city-marketing,5.0,2,,"$1,000+",$200 - $300 / hr,10 - 49,"Westlake, OH","45% Search Engine Optimization, 35% Pay Per Click, 20% Web Design, Sixth City Marketing is a comprehensive digital marketing agency that specializes in SEO, PPC, and e-commerce website development. Feedback from clients indicates strong satisfaction with their services, notably their responsiveness and adaptability, with 100% mentioning timely delivery and effective project management. Clients also highlight their proactive approach and the tangible increase in sales and online visibility achieved through their efforts."
"Bruce Clay, Inc.",https://clutch.co/profile/bruce-clay,4.9,6,,,,10 - 49,"Simi Valley, CA","60% Search Engine Optimization, 20% Pay Per Click, 20% Social Media Marketing, Bruce Clay, Inc. is a distinguished SEO agency known for its comprehensive digital marketing services, including SEO, PPC, and content creation. The company has consistently received positive feedback, with approximately 90% of reviewers praising its expertise, professionalism, and proven results in enhancing online presence and lead generation. Clients commend Bruce Clay, Inc. for its strategic approach, robust project management, and ability to adapt to client needs, demonstrating a deep understanding of SEO best practices and digital marketing strategies."
Flightpath,https://clutch.co/profile/flightpath,4.8,5,,"$25,000+",$150 - $199 / hr,10 - 49,"New York, NY","35% Social Media Marketing, 35% Web Design, 30% Pay Per Click, Flightpath is a digital marketing and web development agency offering a range of services, including SEO, web design, digital advertising, and content creation. Overall feedback is overwhelmingly positive, with approximately 90% of reviewers praising their responsiveness, professionalism, and project management. Additionally, around 80% of clients highlight their ability to understand and integrate brand identity into projects, making them a trusted partner for diverse digital needs."
Webserv,https://clutch.co/profile/webserv,5.0,16,,"$5,000+",$150 - $199 / hr,10 - 49,"Irvine, CA","50% Search Engine Optimization, 40% Pay Per Click, 10% Advertising, Webserv is a digital marketing agency specializing in PPC, SEO management, and website development. The company has a strong reputation for delivering outstanding results, with clients frequently praising their project management, responsiveness, and ability to exceed expectations. Across the reviews, 100% of clients report positive experiences, highlighting increased traffic, improved conversion rates, and significant ROI. Webserv's commitment to client success and transparent communication is consistently noted as impressive by clients."
EWR Digital,https://clutch.co/profile/ewr-digital,5.0,11,,"$5,000+",$150 - $199 / hr,10 - 49,"Houston, TX","50% Search Engine Optimization, 20% Digital Strategy, 15% Pay Per Click, 15% Web Design, EWR Digital is a digital marketing agency specializing in SEO, web development, and social media management. Across their reviews, clients consistently praise their extensive knowledge, professional communication, and responsiveness in managing projects, with many noting significant improvements in search rankings and online presence. Approximately 100% of reviewers express satisfaction with their services, highlighting the company's dedication to understanding client goals and delivering results that often exceed expectations."
Bastion Agency,https://clutch.co/profile/bastion-agency,5.0,22,,"$5,000+",$150 - $199 / hr,50 - 249,"Costa Mesa, CA","20% Pay Per Click, 15% Market Research, 15% Public Relations, 15% Social Media Marketing, 10% Branding"
KoMarketing,https://clutch.co/profile/komarketing,5.0,,,,$150 - $199 / hr,10 - 49,"Boston, MA","35% Search Engine Optimization, 30% Pay Per Click, 20% Content Marketing, 15% Social Media Marketing, KoMarketing is a specialized B2B SEO agency that excels in enhancing online visibility for industrial clients. The reviews highlight their effective organic SEO strategies, with 100% positive feedback on their performance and client satisfaction. They are recognized for their expertise, commitment, and personalized attention from senior partners."
Anvil Media,https://clutch.co/profile/anvil-media,4.9,10,,"$5,000+",$150 - $199 / hr,10 - 49,,"45% Pay Per Click, 40% Search Engine Optimization, 10% Social Media Marketing, 5% Web Design, Anvil Media is a digital marketing agency specializing in SEO, website performance, and paid advertising. Across their reviews, clients consistently praise their exceptional project management and responsiveness, with approximately 90% expressing satisfaction with their performance. Notably, 70% of reviewers commend Anvil Media's expertise in SEO and digital strategy, highlighting their ability to deliver measurable outcomes and tailored solutions."
Digital Resource,https://clutch.co/profile/digital-resource,4.9,7,,,,50 - 249,"West Palm Beach, FL","15% Pay Per Click, 15% Search Engine Optimization, 15% Web Design, 10% Advertising, 10% Content Marketing"
Timmermann Group,https://clutch.co/profile/timmermann-group,5.0,2,,"$1,000+",$100 - $149 / hr,10 - 49,,"25% Search Engine Optimization, 25% Web Design, 20% Social Media Marketing, 10% Branding, 10% Content Marketing"
Altitude Marketing,https://clutch.co/profile/altitude-marketing,5.0,9,,"$10,000+",,10 - 49,"Emmaus, PA","20% Marketing Strategy, 15% Web Development, 11% Branding, 11% Content Marketing, 11% Other Digital Marketing"
Main Street ROI,https://clutch.co/profile/main-street-roi,5.0,2,,,$100 - $149 / hr,10 - 49,"New York, NY","35% Search Engine Optimization, 30% Pay Per Click, 15% Email Marketing, 15% Web Design, 5% Digital Strategy"
GenTech Marketing,https://clutch.co/profile/gentech-marketing,5.0,3,,"$5,000+",,10 - 49,"Tampa, FL","45% Pay Per Click, 45% Social Media Marketing, 10% Web Design, GenTech Marketing is a digital advertising agency specializing in strategic advertising, social media marketing, and brand promotions. Across reviews, 100% of clients praise their effective communication and adaptability, with notable outcomes such as a 2.5 times sales growth and gaining 8,000 new followers. Clients commend their flexibility and professionalism, with 0% negative feedback reported."
Aspire Digital Solutions,https://clutch.co/profile/aspire-digital-solutions,5.0,31,,"$5,000+",$150 - $199 / hr,2 - 9,,"25% Search Engine Optimization, 25% Web Design, 10% Advertising, 10% E-Commerce Development, 10% Email Marketing"
The Brandsmen,https://clutch.co/profile/brandsmen,5.0,22,,"$1,000+",$50 - $99 / hr,10 - 49,"Denver, CO","30% Search Engine Optimization, 25% Pay Per Click, 20% Branding, 15% Advertising, 10% Web Design"
Burst Digital,https://clutch.co/profile/burst-digital-1,4.9,26,,"$5,000+",$100 - $149 / hr,10 - 49,"New York, NY","25% Web Design, 25% Web Development, 20% Search Engine Optimization, 10% Branding, 10% Pay Per Click"
Search Nurture,https://clutch.co/profile/search-nurture,4.7,12,,"$1,000+",,10 - 49,"San Francisco, CA","40% Pay Per Click, 40% Search Engine Optimization, 10% Advertising, 10% Content Marketing, Search Nurture is a digital marketing agency specializing in SEO, PPC management, and content marketing. Across reviews, clients commend their strategic expertise, proactive project management, and alignment with company values. Approximately 90% of the feedback is positive, highlighting their ability to drive growth and increase visibility. About 20% of reviewers specifically appreciate their rapid and effective communication."
Mint Position,https://clutch.co/profile/mint-position,5.0,15,,"$1,000+",,2 - 9,"Babylon, NY","35% Content Marketing, 35% Search Engine Optimization, 20% Digital Strategy, 10% AI Consulting, Mint Position is an SEO agency known for its expertise in creating high-quality, SEO-optimized content and enhancing online visibility. Reviewers consistently praise the agency's timely delivery, responsiveness, and ability to generate measurable improvements in search rankings and website traffic. Approximately 100% of the feedback is positive, highlighting their strong communication, understanding of complex industries, and effective project management."
LinkGraph,https://clutch.co/profile/linkgraph,4.9,94,,"$5,000+",$100 - $149 / hr,10 - 49,"New York, NY","60% Search Engine Optimization, 10% Pay Per Click, 5% Advertising, 5% Content Marketing, 5% Digital Strategy"
Juris Digital,https://clutch.co/profile/juris-digital,4.4,15,,"$1,000+",$200 - $300 / hr,50 - 249,"Denver, CO","40% Search Engine Optimization, 10% Content Marketing, 10% Digital Strategy, 10% Pay Per Click, 10% Web Design"
ProperExpression,https://clutch.co/profile/properexpression,5.0,12,,"$5,000+",$150 - $199 / hr,10 - 49,,"25% CRM Consulting and SI, 15% Advertising, 15% Content Marketing, 15% Digital Strategy, 15% Email Marketing"
Monster Agency®,https://clutch.co/profile/monster-agency,4.8,51,,"$5,000+",$150 - $199 / hr,10 - 49,"Dallas, TX","65% Social Media Marketing, 30% Pay Per Click, 5% Email Marketing, Monster Agency® is a digital marketing agency specializing in social media advertising, including TikTok and Facebook, as well as Google Ads. The company is highly praised for its responsiveness, unique ad concepts, and ability to significantly increase client revenue, with clients reporting revenue multipliers ranging from 3x to 10x. Approximately 90% of reviewers commend their creative approach, while nearly all appreciate the agency’s swift project management and communication."
Surge Elevate Thrive - Amazon Marketing,https://clutch.co/profile/surge-elevate-thrive-amazon-marketing,5.0,4,,"$1,000+",$200 - $300 / hr,10 - 49,,"50% Pay Per Click, 10% Advertising, 10% Ecommerce Marketing, 10% Search Engine Optimization, 10% Social Media Marketing"
Upgrow,https://clutch.co/profile/upgrow,5.0,14,,"$10,000+",$200 - $300 / hr,10 - 49,"San Francisco, CA","40% Pay Per Click, 30% Search Engine Optimization, 10% Digital Strategy, 10% Social Media Marketing, 5% Conversion Optimization"
Level Agency,https://clutch.co/profile/level-agency,4.9,50,https://www.level.agency/,,,250 - 999,"Pittsburgh, PA","20% Digital Strategy, 20% Media Planning & Buying, 20% Pay Per Click, 20% Social Media Marketing, 20% Web Development"
Rocket55,https://clutch.co/profile/rocket55,5.0,3,,"$25,000+",$150 - $199 / hr,50 - 249,,"20% E-Commerce Development, 20% Pay Per Click, 20% Search Engine Optimization, 20% Web Design, 10% Digital Strategy"
Centric,https://clutch.co/profile/centric,4.9,6,,"$10,000+",$25 - $49 / hr,50 - 249,"Houston, TX","20% Web Design, 20% Web Development, 10% Branding, 10% Content Marketing, 10% Mobile App Development"
Alloy,https://clutch.co/profile/alloy-0,4.7,3,,,,50 - 249,"Atlanta, GA","15% Search Engine Optimization, 15% Social Media Marketing, 10% Content Marketing, 10% Digital Strategy, 10% Graphic Design"
Eucalypt Media,https://clutch.co/profile/eucalypt-media,4.8,25,,"$5,000+",$100 - $149 / hr,10 - 49,"Ponte Vedra Beach, FL","75% Content Marketing, 10% Public Relations, 10% Search Engine Optimization, 5% Social Media Marketing, Eucalypt Media is a content marketing agency specializing in SEO-focused content creation, including blog posts, white papers, and website copy. The reviews highlight their exceptional ability to maintain brand voice consistency, with 100% positive feedback on quality and timely delivery. Approximately 70% of reviewers commend their seamless collaboration and responsiveness, and another 30% emphasize their impressive project management skills."
WISE Digital Partners,https://clutch.co/profile/wise-digital-partners,5.0,15,,"$10,000+",$150 - $199 / hr,10 - 49,"San Diego, CA","30% Search Engine Optimization, 20% Pay Per Click, 20% Web Design, 20% Web Development, 10% Digital Strategy"
SocialSellinator,https://clutch.co/profile/socialsellinator,4.9,15,,"$1,000+",$100 - $149 / hr,2 - 9,"San Jose, CA","35% Social Media Marketing, 20% Content Marketing, 15% Pay Per Click, 10% Search Engine Optimization, 5% Digital Strategy"
Roswell NYC,https://clutch.co/profile/roswell-nyc,5.0,9,,"$10,000+",$150 - $199 / hr,10 - 49,"New York, NY","30% E-Commerce Development, 25% Email Marketing, 15% UX/UI Design, 10% Conversion Optimization, 10% Pay Per Click"
LyteYear,https://clutch.co/profile/lyteyear,5.0,19,,"$1,000+",$100 - $149 / hr,2 - 9,"Chicago, IL","50% Pay Per Click, 30% Social Media Marketing, 10% Ecommerce Marketing, 10% Search Engine Optimization, LyteYear is a digital marketing company specializing in services such as SEM, SEO, and paid social media management. The company is noted for its data-driven approach and adaptability to client needs, emphasizing strong communication and collaboration. Across their reviews, 100% of clients highlight their expertise and proactive communication, with 89% noting their seamless integration as an extension of the client's team."
Eyeful,https://clutch.co/profile/eyeful,4.9,9,,"$5,000+",$150 - $199 / hr,10 - 49,"Dallas, TX","30% Pay Per Click, 30% Search Engine Optimization, 20% Content Marketing, 10% Digital Strategy, 10% Social Media Marketing"
Linear,https://clutch.co/profile/linear-0,5.0,42,,"$5,000+",$150 - $199 / hr,50 - 249,,"70% Pay Per Click, 15% Conversion Optimization, 15% Social Media Marketing, Linear is a digital marketing agency specializing in paid advertising and ad management, consistently praised for its exceptional project management and creative approach. With 100% positive feedback, clients commend Linear's clear communication, innovative strategies, and ability to deliver results on time. Notably, 38% of reviewers highlight their impressive creativity in ad design and campaign management., Clients consistently praise Linear for delivering high-quality work, with notable outcomes such as a 75% reduction in cost per conversion and a 300% increase in conversion volume. One client highlighted that Linear's ad designs and landing pages were 'top-notch' and 'look fantastic,' while another emphasized their 'exceptional customer service' and 'creative designs.' Overall, the sentiment reflects strong satisfaction with Linear's output and effectiveness in achieving client goals."
CommerceShop,https://clutch.co/profile/commerceshop,4.7,29,,"$5,000+",$50 - $99 / hr,50 - 249,"Atlanta, GA","20% E-Commerce Development, 20% Ecommerce Marketing, 10% Conversion Optimization, 10% Email Marketing, 10% Pay Per Click"
My Creative Mark,https://clutch.co/profile/my-creative-mark,5.0,4,,"$1,000+",,2 - 9,"Pasadena, CA","50% Search Engine Optimization, 30% Content Marketing, 20% Pay Per Click, My Creative Mark is a growth-focused agency offering services in branding, web design, CRM integration, and marketing strategy. Across various reviews, 75% of clients highlighted their professionalism and commitment to client vision. While praised for customer service and project management, there were occasional setbacks in project timelines, indicating room for improvement. Overall, they demonstrate a strong ability to enhance business operations and customer satisfaction., providing great service, and they always give me 110%"
BigOrange.Marketing,https://clutch.co/profile/bigorangemarketing,4.9,10,,"$1,000+",$100 - $149 / hr,10 - 49,"Cincinnati, OH","25% Digital Strategy, 25% Web Design, 20% Content Marketing, 10% Email Marketing, 10% Pay Per Click"
advancreative,https://clutch.co/profile/advancreative,5.0,3,,"$1,000+",$150 - $199 / hr,2 - 9,"Stow, OH","65% Search Engine Optimization, 25% Web Design, 10% Social Media Marketing, Advancreative is a strategic digital agency specializing in website development, SEO, and digital content management. Feedback is overwhelmingly positive, with 100% of reviewers noting their commitment to client success and responsiveness. Clients appreciate their tailored approach to enhancing online presence and strategic growth, making advancreative a valuable long-term partner."
SEO.com,https://clutch.co/profile/seocom,4.9,5,,,$100 - $149 / hr,250 - 999,"Harrisburg, PA","65% Search Engine Optimization, 10% Content Marketing, 10% Digital Strategy, 10% Pay Per Click, 5% Social Media Marketing"
Neon Ambition,https://clutch.co/profile/neon-ambition,4.9,21,https://www.neonambition.com/,"$1,000+",$100 - $149 / hr,10 - 49,"New York, NY","70% Search Engine Optimization, 10% Advertising, 10% Pay Per Click, 5% Content Marketing, 5% Digital Strategy"
Digital Sargeant,https://clutch.co/profile/digital-sargeant,5.0,4,,,,2 - 9,"Clermont, FL","20% Digital Strategy, 20% Pay Per Click, 20% Search Engine Optimization, 20% Social Media Marketing, 20% Web Design"
AUSTERE,https://clutch.co/profile/austere,5.0,9,,"$10,000+",$150 - $199 / hr,10 - 49,"Dallas, TX","30% Content Marketing, 30% Social Media Marketing, 25% Advertising, 10% Web Design, 5% Branding"
Adalane Media Group,https://clutch.co/profile/adalane-media-group,5.0,10,,"$1,000+",$100 - $149 / hr,2 - 9,"Long Beach, CA","30% Pay Per Click, 30% Social Media Marketing, 20% CRM Consulting and SI, 20% Search Engine Optimization, Adalane Media Group is a dynamic digital marketing agency specializing in PPC, SEO, and social media marketing. Across their reviews, 100% of clients commend their strategic expertise, responsiveness, and ability to significantly boost website traffic and leads. Notably, 71% mention their exceptional communication and project management skills. Overall, Adalane Media Group is praised for driving impressive results and fostering strong client partnerships."
Ai Media Group,https://clutch.co/profile/ai-media-group,4.8,5,,"$25,000+",$100 - $149 / hr,50 - 249,"New York, NY","25% Digital Strategy, 15% Advertising, 15% Media Planning & Buying, 15% Social Media Marketing, 10% Direct Marketing"
Lost Search Media,https://clutch.co/profile/lost-search-media,5.0,6,,"$1,000+",$100 - $149 / hr,10 - 49,,"20% Branding, 20% Pay Per Click, 20% Search Engine Optimization, 20% Social Media Marketing, 10% Low/No Code Development"
RivalMind,https://clutch.co/profile/rivalmind,5.0,41,,"$1,000+",$150 - $199 / hr,10 - 49,"St. Charles, IL","55% Search Engine Optimization, 30% Web Design, 10% Pay Per Click, 5% Social Media Marketing, RivalMind is a comprehensive digital marketing agency specializing in SEO optimization, web design, and content creation. With a commendable track record, 100% of reviewers highlight their professionalism and responsiveness, particularly in competitive industries. Approximately 70% praise their strategic thinking and adaptability in executing projects, leading to tangible outcomes like enhanced search rankings and increased organic traffic."
Leadhub,https://clutch.co/profile/leadhub,4.8,2,,"$5,000+",$100 - $149 / hr,10 - 49,"San Antonio, TX","30% Pay Per Click, 30% Search Engine Optimization, 20% Conversion Optimization, 10% Content Marketing, 10% Social Media Marketing"
Relevance Advisors,https://clutch.co/profile/relevance-advisors,5.0,7,,"$5,000+",$200 - $300 / hr,2 - 9,"Atlanta, GA","40% Pay Per Click, 40% Search Engine Optimization, 20% Social Media Marketing, Relevance Advisors is a digital marketing agency specializing in SEO, PPC management, and website development. Clients commend their expertise and flexibility, resulting in improved performance, with 100% of reviewers noting enhanced metrics and ROI. The agency is praised for its strong project management, transparency, and client engagement, with a 100% satisfaction rate reported across the various client testimonials."
Naked Development,https://clutch.co/profile/naked-development,4.6,83,,"$25,000+",$150 - $199 / hr,10 - 49,"Irvine, CA","25% Mobile App Development, 25% UX/UI Design, 20% Application Management & Support, 20% Mobile & App Marketing, 5% Web Design"
PIC | Walk With You Marketing,https://clutch.co/profile/pic-walk-you-marketing,5.0,,,"$5,000+",$100 - $149 / hr,10 - 49,"Pittsburgh, PA","25% Digital Strategy, 25% Search Engine Optimization, 20% Content Marketing, 15% Pay Per Click, 15% Social Media Marketing"
OMG Commerce,https://clutch.co/profile/omg-commerce,5.0,16,,"$1,000+",,10 - 49,,"35% Ecommerce Marketing, 20% Digital Strategy, 20% Pay Per Click, 10% Email Marketing, 5% Other Digital Marketing"
Hennessey Digital,https://clutch.co/profile/hennessey-digital,4.7,9,,"$5,000+",,50 - 249,"Los Angeles, CA","60% Search Engine Optimization, 20% Pay Per Click, 15% Web Design, 5% Conversion Optimization, Hennessey Digital is a digital marketing agency specializing in SEO, web development, and content creation, primarily serving law firms. Their reviews indicate high satisfaction, with 100% of clients praising their SEO expertise and responsiveness. While minor delays in web development were noted by some, clients overwhelmingly appreciate their commitment to delivering quality results and improving online presence."
Kreatively,https://clutch.co/profile/kreatively,5.0,7,,"$1,000+",,10 - 49,"Frisco, TX","50% Search Engine Optimization, 40% Pay Per Click, 5% Other Digital Marketing, 5% Social Media Marketing, Kreatively is a digital agency specializing in website development, branding, and search engine optimization (SEO). Across multiple reviews, clients praised Kreatively for their responsive communication, collaborative project management, and alignment with company values. Notably, 100% of reviewers expressed satisfaction with the completion of their projects, highlighting the agency's ability to meet or exceed expectations consistently."
SevenAtoms,https://clutch.co/profile/sevenatoms,5.0,3,,,$100 - $149 / hr,2 - 9,"Dublin, CA","45% Pay Per Click, 25% Content Marketing, 10% Search Engine Optimization, 10% Social Media Marketing, 5% Conversion Optimization"
Incite Response Inc.,https://clutch.co/profile/incite-response-0-0,4.9,12,,"$5,000+",$150 - $199 / hr,10 - 49,"Bellevue, WA","25% Web Design, 20% Email Marketing, 20% Pay Per Click, 20% Social Media Marketing, 15% Search Engine Optimization"
Zupo,https://clutch.co/profile/zupo,5.0,40,,"$1,000+",$150 - $199 / hr,2 - 9,"Anaheim, CA","100% Search Engine Optimization, Zupo is an SEO agency specializing in enhancing organic search visibility and driving web traffic growth through comprehensive on-site and off-site optimization strategies. The feedback from clients is overwhelmingly positive, highlighting Zupo's professionalism, effective project management, and substantial results, such as up to a 78% increase in web traffic and significant improvements in search rankings. Approximately 100% of the reviews emphasize Zupo's strong communication skills and alignment with client values."
Weidert Group,https://clutch.co/profile/weidert-group,4.8,12,,"$10,000+",$150 - $199 / hr,10 - 49,,"20% Web Design, 10% CRM Consulting and SI, 10% Content Marketing, 10% Conversion Optimization, 10% Marketing Strategy"
Firestorm SEM,https://clutch.co/profile/firestorm-sem,5.0,7,,"$5,000+",$200 - $300 / hr,2 - 9,"King of Prussia, PA","35% Pay Per Click, 35% Search Engine Optimization, 15% Conversion Optimization, 15% Digital Strategy, Firestorm SEM is a digital marketing agency specializing in search engine marketing and pay-per-click (PPC) campaigns, particularly Google Ads. Reviews highlight their effectiveness and deep knowledge, with 100% of reviewers noting positive outcomes such as increased conversions and reduced costs. Clients commend their communication, project management, and ability to deliver prompt, impactful results, with many continuing engagements or transitioning to in-house solutions after positive experiences."
Zammo Digital,https://clutch.co/profile/zammo-digital,5.0,,,"$5,000+",$200 - $300 / hr,2 - 9,"Los Angeles, CA","40% Social Media Marketing, 30% Pay Per Click, 10% Advertising, 10% Conversion Optimization, 10% Digital Strategy"
Stackmatix,https://clutch.co/profile/stackmatix,5.0,17,,"$5,000+",$300+ / hr,10 - 49,"San Francisco, CA","10% Advertising, 10% Content Marketing, 10% Conversion Optimization, 10% Ecommerce Marketing, 10% Marketing Strategy"
Actualize Marketing,https://clutch.co/profile/actualize-marketing,5.0,6,,"$5,000+",$100 - $149 / hr,10 - 49,"Fort Collins, CO","30% Content Marketing, 30% Graphic Design, 15% Email Marketing, 15% Social Media Marketing, 10% Marketing Strategy"
Cleverly,https://clutch.co/profile/cleverly,4.3,83,,"$1,000+",$25 - $49 / hr,10 - 49,"Los Angeles, CA","40% Sales Outsourcing, 40% Social Media Marketing, 10% Call Center Services, 10% Email Marketing, Cleverly is a lead generation agency specializing in LinkedIn outreach and cold email strategies. Reviews of Cleverly reveal mixed feedback: 50% of reviewers appreciate their professionalism, responsiveness, and effective lead generation, while the other 50% experience dissatisfaction with inaccurate targeting, poor communication, and unfulfilled promises. Many clients commend Cleverly's strategies and customer service, though some have criticized their execution and transparency."
42connect,https://clutch.co/profile/42connect,4.9,11,,"$1,000+",$100 - $149 / hr,10 - 49,"Cleveland, OH","35% Pay Per Click, 35% Search Engine Optimization, 30% Web Design, 42connect is a digital marketing agency specializing in SEO, PPC management, web design, and content creation. Overall, 42connect receives positive feedback, with 86% of reviewers noting increased website traffic and lead generation as key outcomes. Clients frequently highlight their responsive communication and project management, although some mention occasional delays in deliverables. 42connect's ability to tailor solutions to client needs is consistently praised."
HigherVisibility,https://clutch.co/profile/highervisibility,4.6,16,https://www.highervisibility.com/,"$1,000+",$150 - $199 / hr,50 - 249,,"65% Search Engine Optimization, 15% Pay Per Click, 10% Social Media Marketing, 10% Web Design, HigherVisibility is an SEO agency noted for its comprehensive digital marketing solutions, including SEO, PPC, and web design. While some clients report substantial improvements in web traffic and business growth, feedback varies. Approximately 70% of reviewers highlight positive project outcomes, emphasizing strong project management and effective communication. However, 30% of reviews contain severe criticisms, citing poor results and negative experiences."
BOL,https://clutch.co/profile/bol,4.7,3,,"$50,000+",$150 - $199 / hr,50 - 249,"San Diego, CA","30% Pay Per Click, 20% Search Engine Optimization, 15% Digital Strategy, 10% Social Media Marketing, 10% Web Design"
Foxtail Marketing,https://clutch.co/profile/foxtail-marketing,4.7,10,,"$5,000+",$150 - $199 / hr,50 - 249,,"20% Content Marketing, 20% Conversion Optimization, 20% Digital Strategy, 20% Search Engine Optimization, 20% Web Design"
Eboost Consulting,https://clutch.co/profile/eboost-consulting,4.9,15,,"$5,000+",$200 - $300 / hr,10 - 49,"Carlsbad, CA","50% Social Media Marketing, 25% Digital Strategy, 25% Pay Per Click, Eboost Consulting is a digital marketing agency specializing in paid advertising, social media marketing, SEO, and lead generation. The company is highly praised for its professionalism, effective communication, and ability to deliver impressive results; for example, 276% customer base growth and 35% online revenue increase. Approximately 100% of reviews highlight their exceptional knowledge and responsiveness, though some note limitations in scaling with growing company needs., Eboost Consulting has received positive feedback regarding their cost-effectiveness and value for money. Clients noted significant improvements in lead generation and cost efficiency, with one client reporting a 50% reduction in cost per lead. Another highlighted a 400% return on ad spend, while a third mentioned a 276% increase in their recurring customer base. Overall, clients appreciate the professionalism and results-driven approach of Eboost, often remarking that they exceed expectations within budget constraints."
Heyday Marketing,https://clutch.co/profile/heyday-marketing,5.0,7,,"$1,000+",$100 - $149 / hr,10 - 49,"Coral Gables, FL","35% Advertising, 15% Public Relations, 15% Search Engine Optimization, 15% Social Media Marketing, 10% Email Marketing"
Bad Rhino Inc.,https://clutch.co/profile/bad-rhino,4.8,25,,"$5,000+",$100 - $149 / hr,2 - 9,"West Chester, PA","30% Advertising, 20% Social Media Marketing, 10% Digital Strategy, 10% Email Marketing, 10% Marketing Strategy"
Logical Media Group,https://clutch.co/profile/logical-media-group,4.9,8,,"$10,000+",$150 - $199 / hr,10 - 49,"Chicago, IL","10% Application Testing, 10% Branding, 10% Conversion Optimization, 10% E-Commerce Development, 10% Email Marketing"
"Kanbar Digital, LLC",https://clutch.co/profile/kanbar-digital,5.0,13,,"$5,000+",$50 - $99 / hr,10 - 49,"San Diego, CA","25% Digital Strategy, 25% Search Engine Optimization, 20% Pay Per Click, 20% Social Media Marketing, 10% Marketing Strategy"
Krafted Digital,https://clutch.co/profile/krafted-digital,5.0,4,,"$5,000+",,10 - 49,"Miami, FL","20% Pay Per Click, 20% Search Engine Optimization, 20% Social Media Marketing, 10% Advertising, 10% Branding"
Crimson Park Digital,https://clutch.co/profile/crimson-park-digital,4.9,4,,"$1,000+",$150 - $199 / hr,2 - 9,"Charlotte, NC","20% Content Marketing, 20% Search Engine Optimization, 20% Social Media Marketing, 15% Content Writing Services, 15% Pay Per Click"
Rejoiner,https://clutch.co/profile/rejoiner,5.0,14,,"$1,000+",$50 - $99 / hr,10 - 49,,"90% Email Marketing, 10% CRM Consulting and SI, Rejoiner is a specialized email marketing agency excelling in e-commerce and subscription services through segmented campaigns, automation, and strategy consultation. With a 100% satisfaction rate, clients commend their speed, technical expertise, and strategic insights. Over 90% of reviewers highlight their exceptional responsiveness and ability to integrate seamlessly as a strategic partner, helping to significantly boost revenue and engagement metrics., Clients have consistently praised Rejoiner for their innovative strategies and implementation in email marketing. Notably, a Senior Brand Marketing Manager from Triumph highlighted the team's expertise in developing innovative strategies to enhance customer engagement and optimize revenue. The collaboration resulted in a 39% year-over-year increase in last-click attributable revenue from email, establishing it as Triumph's primary source of revenue. Overall, client sentiment reflects a strong approval of Rejoiner's innovative approach to marketing solutions."
StubGroup,https://clutch.co/profile/stubgroup-0,5.0,6,,"$1,000+",$100 - $149 / hr,10 - 49,"Fort Worth, TX","100% Pay Per Click, StubGroup is a digital marketing agency specializing in paid advertising and PPC management. They receive overwhelmingly positive feedback, with clients praising their focused expertise in paid ads, responsiveness, and ability to deliver measurable results, such as increased clicks and conversion rates. Notably, 100% of the reviewers highlighted their effective communication and strategic management of ad campaigns."
Trivium Group - Amazon Agency,https://clutch.co/profile/trivium-group-amazon-agency,5.0,41,,"$1,000+",,50 - 249,"Los Angeles, CA","40% Marketing Strategy, 35% Pay Per Click, 25% Advertising, Trivium Group - Amazon Agency is a specialized agency offering Amazon PPC management, SEO services, and creative optimization. The reviews reflect overwhelmingly positive feedback, with clients noting their expertise in driving sales and improving ad efficiency. Approximately 90% of reviewers emphasize their excellent communication, timely delivery, and professionalism, while 70% highlight significant sales growth., Trivium Group - Amazon Agency consistently receives high praise for delivering high-quality work. Clients have noted the exceptional quality of Amazon listing images and brand content, with one stating their sales grew over 25% due to these improvements. Another client emphasized the agency's commitment to maintaining a high quality bar across all deliverables and described their team as responsive and effective. Overall, sentiment towards their work quality is overwhelmingly positive, with multiple clients recommending them for their professionalism and results."
Digital Web Solutions,https://clutch.co/profile/digital-web-solutions-0,4.9,14,,"$1,000+",$25 - $49 / hr,250 - 999,"Anaheim, CA","90% Search Engine Optimization, 10% Pay Per Click, Digital Web Solutions is a digital marketing agency specializing in SEO, link building, and PPC management. Their services consistently receive positive feedback, with reviewers praising their responsiveness, high-quality deliverables, and effective project management. Approximately 100% of reviews highlight their value for money and alignment with client values, making them a reliable partner for diverse marketing needs."
Rocket Clicks,https://clutch.co/profile/rocket-clicks,5.0,25,,"$5,000+",$150 - $199 / hr,10 - 49,,"15% Advertising, 15% Content Marketing, 10% Digital Strategy, 10% Email Marketing, 10% Media Planning & Buying"
Laser Sight Digital,https://clutch.co/profile/laser-sight-digital,5.0,19,,"$1,000+",$150 - $199 / hr,10 - 49,"Kent, WA","70% Pay Per Click, 10% Advertising, 10% Ecommerce Marketing, 10% Email Marketing, Laser Sight Digital is a specialized digital marketing agency focused on optimizing Amazon advertising and sales strategies. The reviews reflect a high level of client satisfaction, with 100% positive feedback emphasizing their expertise in sales growth, personalized service, and effective project management. Approximately 90% of reviewers noted significant sales increases and improved ROI, highlighting the company's success in delivering substantial results."
Van West Media,https://clutch.co/profile/van-west-media,4.9,7,,"$5,000+",$150 - $199 / hr,10 - 49,"New York, NY","20% Branding, 20% Web Design, 10% AR/VR Development, 10% Email Marketing, 10% Pay Per Click"
EBQ,https://clutch.co/profile/ebq,4.8,43,,"$5,000+",,250 - 999,"Austin, TX","40% Sales Outsourcing, 20% CRM Consulting and SI, 20% Email Marketing, 10% Call Center Services, 10% Other Digital Marketing"
Waypost Marketing,https://clutch.co/profile/waypost-marketing,4.9,7,,"$10,000+",$150 - $199 / hr,10 - 49,,"25% Content Marketing, 15% Marketing Strategy, 10% Branding, 10% CRM Consulting and SI, 10% Email Marketing"
NP Digital,https://clutch.co/profile/np-digital,4.6,19,,"$1,000+",$100 - $149 / hr,"1,000 - 9,999",,"35% Media Planning & Buying, 30% Search Engine Optimization, 15% Content Marketing, 10% Conversion Optimization, 10% Email Marketing"
Red Shark Digital,https://clutch.co/profile/red-shark-digital,5.0,6,,"$5,000+",$150 - $199 / hr,10 - 49,"Greenville, NC","25% Search Engine Optimization, 15% Content Marketing, 15% Low/No Code Development, 15% Pay Per Click, 10% Social Media Marketing"
GR0,https://clutch.co/profile/gr0,4.9,46,,"$5,000+",,50 - 249,"Los Angeles, CA","72% Search Engine Optimization, 14% Pay Per Click, 7% Social Media Marketing, 4% Other Digital Marketing, 3% Email Marketing"
CyberOptik,https://clutch.co/profile/cyberoptik,4.9,89,,"$1,000+",$100 - $149 / hr,10 - 49,"Elmhurst, IL","50% Web Design, 10% Digital Strategy, 10% Pay Per Click, 10% Search Engine Optimization, 10% UX/UI Design"
Codeless,https://clutch.co/profile/codeless,4.8,5,,"$5,000+",,50 - 249,"Lone Tree, CO","50% Content Marketing, 25% Marketing Strategy, 25% Search Engine Optimization, Codeless is a content marketing agency specializing in content creation and SEO strategy. They are praised for delivering high-quality, authoritative content that significantly boosts organic traffic and search rankings. The reviews predominantly highlight their skilled team and effective project management, with around 80% of reviewers commending their adaptability and professionalism. Some mention multiple points of contact as an area for improvement."
Finden Marketing,https://clutch.co/profile/finden-marketing,5.0,13,,"$1,000+",$100 - $149 / hr,10 - 49,,"30% Web Design, 20% Advertising, 20% Pay Per Click, 20% Social Media Marketing, 5% Branding"
Be Locally SEO,https://clutch.co/profile/be-locally-seo,4.9,13,,,$100 - $149 / hr,10 - 49,,"40% Search Engine Optimization, 20% Pay Per Click, 20% Web Design, 10% Content Marketing, 10% Social Media Marketing"
DIGITAL REVAMP,https://clutch.co/profile/digital-revamp,4.9,11,,"$10,000+",$150 - $199 / hr,50 - 249,,"35% Social Media Marketing, 30% Digital Strategy, 25% Content Marketing, 10% Public Relations, DIGITAL REVAMP is a multifaceted digital marketing agency specializing in social media management, web development, and digital strategy. Reviews indicate a high level of satisfaction, with 100% of clients praising their personalized support, creative solutions, and proactive communication. Notably, 90% of reviewers emphasize their ability to enhance brand presence and engagement across platforms, underscoring their expertise in aligning digital strategies with client goals."
IceWeb,https://clutch.co/profile/iceweb-0,5.0,8,,"$5,000+",$200 - $300 / hr,50 - 249,"Hallandale Beach, FL","60% Search Engine Optimization, 15% Ecommerce Marketing, 15% Pay Per Click, 10% Other Digital Marketing, IceWeb is a digital marketing agency specializing in SEO and PPC services. The company has consistently received positive feedback, with around 90% of reviews praising their strategic approach and communication. Clients appreciate their timely deliverables and data-driven methods, leading to improved online visibility and sales growth, though some note the need for more competitive pricing and initial goal-setting adjustments."
Digital Success,https://clutch.co/profile/digital-success,4.9,12,,"$1,000+",$50 - $99 / hr,10 - 49,"Dallas, TX","25% Pay Per Click, 25% Search Engine Optimization, 15% Digital Strategy, 15% Web Design, 5% Content Marketing"
Pear Analytics,https://clutch.co/profile/pear-analytics,5.0,5,,"$1,000+",$150 - $199 / hr,10 - 49,"San Antonio, TX","60% Search Engine Optimization, 30% Pay Per Click, 10% Web Design, Pear Analytics is a digital marketing agency specializing in web development, SEO, and PPC management. Their clients highlight their effective communication, timely delivery, and expertise, with 100% of reviews noting satisfaction with project outcomes. Pear Analytics is praised for its transparent communication style and ability to adapt strategies to meet client needs, making them a preferred choice for ongoing digital marketing partnerships."
Bower Web Solutions,https://clutch.co/profile/bower-web-solutions,5.0,33,,"$5,000+",$100 - $149 / hr,2 - 9,,"20% Content Marketing, 20% Digital Strategy, 20% Social Media Marketing, 20% Web Design, 10% Email Marketing"
Inseev Interactive,https://clutch.co/profile/inseev-interactive,5.0,21,,"$5,000+",$100 - $149 / hr,10 - 49,"San Diego, CA","50% Search Engine Optimization, 25% Pay Per Click, 10% Content Marketing, 10% Conversion Optimization, 5% Web Development"
Publicity Port – white-label PPC,https://clutch.co/profile/publicity-port-white-label-ppc,4.1,5,,"$1,000+",$25 - $49 / hr,10 - 49,,"40% Pay Per Click, 30% Ecommerce Marketing, 30% Social Media Marketing, Publicity Port – white-label PPC is a digital marketing agency specializing in pay-per-click advertising and campaign optimization. Reviews indicate a strong emphasis on effective communication, strategic thinking, and delivering measurable outcomes like increased app downloads and improved ROI. However, one review highlights significant communication issues and misleading practices, suggesting inconsistency in service quality. Overall, approximately 80% of reviews are positive, praising their professionalism and adaptability."
180 Marketing,https://clutch.co/profile/180-marketing,4.8,33,,"$1,000+",$100 - $149 / hr,10 - 49,,"100% Search Engine Optimization, 180 Marketing is a specialized SEO agency offering services such as link-building, content creation, and search engine optimization to improve search rankings and online visibility. The reviews reflect overwhelmingly positive feedback, with 100% of clients praising their communication, project management, and ability to deliver measurable results. Clients consistently highlight 180 Marketing's responsiveness, expertise, and dedication to client success."
Custom Creatives,https://clutch.co/profile/custom-creatives,4.9,13,,,$50 - $99 / hr,10 - 49,"Agoura Hills, CA","30% Content Marketing, 30% Search Engine Optimization, 20% Pay Per Click, 10% Conversion Optimization, 10% Digital Strategy"
Intergetik Marketing Solutions,https://clutch.co/profile/intergetik-marketing-solutions,4.9,11,,"$1,000+",$100 - $149 / hr,2 - 9,,"25% Pay Per Click, 25% Search Engine Optimization, 25% Web Design, 15% Social Media Marketing, 10% Graphic Design"
Springbox,https://clutch.co/profile/springbox,4.8,3,,"$5,000+",$150 - $199 / hr,50 - 249,"Austin, TX","20% Content Marketing, 20% Digital Strategy, 20% Marketing Strategy, 15% Social Media Marketing, 15% Web Design"
BizIQ,https://clutch.co/profile/biziq,4.8,38,,,$100 - $149 / hr,50 - 249,,"35% Search Engine Optimization, 30% Pay Per Click, 30% Social Media Marketing, 5% Other Digital Marketing, BizIQ is a digital marketing agency specializing in SEO services, website development, and online advertising. Feedback from clients is mixed, with approximately 70% of reviews highlighting strong customer service, effective SEO impact, and responsive communication. However, around 30% of reviews cite issues with project execution, particularly in website design and functionality, suggesting room for improvement in delivering consistent results."
PWA Media (Salt Lake City SEO Company),https://clutch.co/profile/pwa-media-salt-lake-city-seo-company,5.0,23,,"$1,000+",$25 - $49 / hr,10 - 49,,"50% Search Engine Optimization, 25% Pay Per Click, 25% Web Development, PWA Media (Salt Lake City SEO Company) is a distinguished SEO agency that specializes in enhancing online visibility through search engine optimization and digital marketing strategies. According to client reviews, 100% of feedback is positive, highlighting their proactive project management, effective communication, and ability to deliver significant, measurable outcomes such as increased organic traffic and improved search engine rankings."
Meros Media,https://clutch.co/profile/meros-media-0,5.0,6,,"$5,000+",$150 - $199 / hr,10 - 49,,"30% Advertising, 20% Branding, 20% Content Marketing, 20% Social Media Marketing, 10% Search Engine Optimization"
Pixel506 (a 10Pearls Company),https://clutch.co/profile/pixel506-10pearls-company,5.0,2,,"$10,000+",$50 - $99 / hr,50 - 249,"New York, NY","30% UX/UI Design, 20% Custom Software Development, 20% Digital Strategy, 10% Content Marketing, 10% Pay Per Click"
AVINTIV,https://clutch.co/profile/avintiv,5.0,7,,"$5,000+",$100 - $149 / hr,10 - 49,,"20% Branding, 20% Digital Strategy, 20% Search Engine Optimization, 20% Web Design, 10% Content Marketing"
Chamber Media,https://clutch.co/profile/chamber-media,4.8,34,,"$5,000+",$100 - $149 / hr,50 - 249,,"50% Video Production, 25% Pay Per Click, 10% Advertising, 10% Social Media Marketing, 5% Email Marketing"
Codieshub,https://clutch.co/profile/codieshub,5.0,2,,"$1,000+",$25 - $49 / hr,10 - 49,"Miami, FL","30% Pay Per Click, 20% Web Development, 10% Content Marketing, 10% Digital Strategy, 10% Email Marketing"
3Q/DEPT,https://clutch.co/profile/3qdept,4.8,3,,"$50,000+",,250 - 999,"Chicago, IL","20% BI & Big Data Consulting & SI, 20% UX/UI Design, 10% Branding, 10% Marketing Strategy, 10% Media Planning & Buying"
Evestar,https://clutch.co/profile/evestar,4.9,33,,"$5,000+",$50 - $99 / hr,50 - 249,"Fort Lauderdale, FL","25% E-Commerce Development, 15% Conversion Optimization, 10% Ecommerce Marketing, 10% Email Marketing, 10% Pay Per Click"
Digitopia,https://clutch.co/profile/digitopia,5.0,10,,"$5,000+",$150 - $199 / hr,10 - 49,"San Diego, CA","20% Content Marketing, 20% Digital Strategy, 20% Pay Per Click, 10% CRM Consulting and SI, 10% Email Marketing"
Propeller Digital Marketing,https://clutch.co/profile/propeller-digital-marketing,5.0,4,,"$5,000+",$150 - $199 / hr,10 - 49,"Santa Monica, CA","25% E-Commerce Development, 15% Pay Per Click, 15% Search Engine Optimization, 15% Social Media Marketing, 10% Content Marketing"
Ranq,https://clutch.co/profile/ranq,4.9,11,,"$10,000+",,2 - 9,"Colleyville, TX","60% Search Engine Optimization, 15% Content Marketing, 15% Pay Per Click, 5% Content Writing Services, 5% Digital Strategy"
Genius Digital Marketing,https://clutch.co/profile/genius-digital-marketing,5.0,3,,"$1,000+",$150 - $199 / hr,10 - 49,"Colleyville, TX","25% Social Media Marketing, 20% Marketing Strategy, 20% Pay Per Click, 20% Search Engine Optimization, 15% Advertising"
WTM Digital,https://clutch.co/profile/wtm-digital,5.0,7,,"$1,000+",$100 - $149 / hr,10 - 49,"Lancaster, PA","45% Search Engine Optimization, 35% Pay Per Click, 10% Digital Strategy, 10% Web Development, WTM Digital is a versatile digital marketing agency specializing in SEO, PPC management, web design, and digital strategy. Reviews highlight their keen understanding of client needs and industry nuances, with 100% positive feedback on their responsiveness and project impact. Approximately 90% of clients commend their proactive communication, though some suggest room for improvement in project management and regular updates."
ATTN Agency,https://clutch.co/profile/attn-agency,4.8,28,,"$1,000+",,10 - 49,"San Diego, CA","15% Email Marketing, 15% Graphic Design, 15% Pay Per Click, 15% Social Media Marketing, 15% Video Production"
Gravitate,https://clutch.co/profile/gravitate-0,5.0,,,"$10,000+",$150 - $199 / hr,10 - 49,"Vancouver, WA","25% Pay Per Click, 25% Search Engine Optimization, 20% Web Design, 15% Web Development, 10% Conversion Optimization"
S&G Content Marketing,https://clutch.co/profile/sg-content-marketing,4.9,26,,"$25,000+",$150 - $199 / hr,10 - 49,"Fort Lauderdale, FL","75% Content Marketing, 25% Public Relations, S&G Content Marketing is a full-service content marketing agency that specializes in branding, SEO, and PR development. Across their reviews, they received overwhelmingly positive feedback, with clients praising their professionalism, communication, and ability to adapt to specific needs. Approximately 95% of reviewers highlighted S&G's strong understanding of their markets and creativity in delivering effective content strategies."
Wytlabs,https://clutch.co/profile/wytlabs,5.0,5,,"$1,000+",$50 - $99 / hr,250 - 999,"San Jose, CA","40% Search Engine Optimization, 30% Email Marketing, 30% Pay Per Click, Wytlabs is a digital marketing and web development company known for its expertise in enhancing online presence through innovative strategies, SEO, and strategic content. With 100% of feedback highlighting their professionalism, attention to detail, and proactive customer service, clients appreciate their timely delivery and exceptional project management. Improvements could include more detailed progress reports and enhanced communication transparency."
Brandastic.com,https://clutch.co/profile/brandasticcom,5.0,6,,"$1,000+",$150 - $199 / hr,10 - 49,"Costa Mesa, CA","45% Digital Strategy, 30% Pay Per Click, 10% Search Engine Optimization, 10% Social Media Marketing, 5% Branding"
Steadfast Digital,https://clutch.co/profile/steadfast-digital,4.9,6,,"$5,000+",$300+ / hr,2 - 9,,"45% Pay Per Click, 45% Social Media Marketing, 10% Affiliate Marketing, Steadfast Digital is a digital marketing agency specializing in managing paid search, social media campaigns, and digital strategy across various platforms. With a 100% positive feedback rate, clients commend their responsiveness, professionalism, and ability to align with business objectives while delivering impressive results. The agency is noted for its strong project management, timely deliverables, and a data-driven approach to improving key performance metrics."
t/hawk digital,https://clutch.co/profile/thawk-digital,4.9,12,,"$5,000+",$150 - $199 / hr,10 - 49,,"20% Pay Per Click, 20% Search Engine Optimization, 20% Social Media Marketing, 15% E-Commerce Development, 15% Web Development"
Versa Creative,https://clutch.co/profile/versa-creative,4.7,3,,"$1,000+",$100 - $149 / hr,50 - 249,"Houston, TX","25% Pay Per Click, 25% Search Engine Optimization, 25% Social Media Marketing, 15% Branding, 10% Graphic Design"
The Brand Amp,https://clutch.co/profile/brand-amp,4.8,3,,"$5,000+",$150 - $199 / hr,50 - 249,"Costa Mesa, CA","19% Pay Per Click, 19% Public Relations, 19% Social Media Marketing, 10% Event Marketing, 8% Search Engine Optimization"
Eclipse Marketing,https://clutch.co/profile/eclipse-marketing,5.0,18,,"$1,000+",$150 - $199 / hr,2 - 9,"Denver, CO","80% Search Engine Optimization, 10% Marketing Strategy, 10% Pay Per Click, Eclipse Marketing is an SEO-focused agency that provides comprehensive digital marketing services, excelling in enhancing online visibility and search engine rankings. Their reviews indicate a consistent pattern of punctuality, responsiveness, and effective communication, with 100% of clients noting timely delivery and measurable results such as increased web traffic and improved Google rankings. Clients appreciate their professionalism and tailored strategies, with no significant areas for improvement mentioned."
(un)Common Logic,https://clutch.co/profile/uncommon-logic,4.9,9,,"$5,000+",$150 - $199 / hr,10 - 49,"Austin, TX","50% Pay Per Click, 30% Search Engine Optimization, 10% Conversion Optimization, 10% Other Digital Marketing, (un)Common Logic is a digital marketing agency specializing in SEO, PPC, and CRO services. The company consistently earns high praise for its deep commitment to client success, evidenced by increased sales, traffic, and ROI across various projects. Approximately 90% of reviewers commend their professionalism, dedication, and ability to adapt strategies to meet unique client needs. Their client-centric approach and data-driven tactics are frequently highlighted as key to their impressive results."
Digitalux,https://clutch.co/profile/digitalux,5.0,8,,,$100 - $149 / hr,2 - 9,,"20% Web Design, 15% Digital Strategy, 15% Search Engine Optimization, 12% Social Media Marketing, 11% Content Marketing"
PreApps,https://clutch.co/profile/preapps,4.9,34,,"$50,000+",$150 - $199 / hr,10 - 49,"Boston, MA","100% Mobile & App Marketing, PreApps is an app marketing agency that specializes in app store optimization, user acquisition, and strategic marketing campaigns. Based on client reviews, 100% of the feedback is positive, highlighting their expertise, organization, and ability to deliver tangible results quickly. Clients frequently commend their effective communication, enthusiasm, and detailed strategies, with more than 70% noting significant increases in app downloads and rankings."
Matchbox Design Group,https://clutch.co/profile/matchbox-design-group,4.8,24,https://matchboxdesigngroup.com,"$10,000+",$150 - $199 / hr,10 - 49,,"30% Search Engine Optimization, 30% Web Design, 10% Content Marketing, 10% Digital Strategy, 10% Ecommerce Marketing"
Gulo,https://clutch.co/profile/gulo,4.8,18,,"$5,000+",$150 - $199 / hr,2 - 9,"Chicago, IL","60% Content Marketing, 20% Search Engine Optimization, 10% UX/UI Design, 10% Web Design, Gulo is a digital agency specializing in web design, development, and digital strategy, often utilizing WordPress as a platform. Reviews consistently highlight their expertise, with particular praise for their project management and responsiveness. Approximately 90% of feedback is positive, noting their ability to deliver high-quality websites and improve brand strategy. Multiple clients appreciate Gulo's collaborative approach and strategic insights, while some mention minor scope and cost clarity issues."
RevenueZen by Eastern Standard,https://clutch.co/profile/revenuezen-eastern-standard,4.9,38,,"$5,000+",$150 - $199 / hr,10 - 49,,"100% Search Engine Optimization, RevenueZen by Eastern Standard is a specialized SEO agency focused on content creation and keyword strategy to enhance search rankings and brand visibility. Reviews highlight their impressive SEO knowledge and project management, with 85% of clients noting improved rankings and ROI. Timeliness in delivering projects could be enhanced, and around 15% of clients mentioned communication delays. Overall, they are praised for professionalism and expertise."
AlchemyLeads SEO,https://clutch.co/profile/alchemyleads-seo,5.0,11,https://alchemyleads.com/call/,"$5,000+",$150 - $199 / hr,10 - 49,"Calabasas, CA","35% Search Engine Optimization, 25% Content Marketing, 15% Conversion Optimization, 15% Pay Per Click, 10% Advertising"
Apptuitive,https://clutch.co/profile/apptuitive,5.0,46,,"$1,000+",$100 - $149 / hr,2 - 9,,"100% Mobile & App Marketing, Apptuitive is an app marketing agency specializing in app store optimization (ASO) and digital marketing strategies for app growth. Reviews indicate a high level of client satisfaction, with 100% of reviewers highlighting their in-depth ASO expertise and responsive communication. Clients commend Apptuitive for their personalized approach and effective strategies that have resulted in increased app visibility and conversion rates."
OneIMS.com,https://clutch.co/profile/oneimscom,4.8,12,,"$1,000+",$100 - $149 / hr,10 - 49,"Chicago, IL","45% Search Engine Optimization, 25% Pay Per Click, 10% Content Marketing, 10% Conversion Optimization, 10% Digital Strategy"
Whales Marketing,https://clutch.co/profile/whales-marketing,5.0,18,,,,10 - 49,"Riverview, FL","20% Email Marketing, 15% Content Marketing, 15% Generative AI, 10% Marketing Strategy, 10% Mobile & App Marketing"
Vivial,https://clutch.co/profile/vivial,4.1,10,,,,250 - 999,"Dayton, OH","20% Content Marketing, 20% Pay Per Click, 20% Search Engine Optimization, 20% Social Media Marketing, 20% Web Design"
Red Rattler Creative,https://clutch.co/profile/red-rattler-creative-0,5.0,4,,,,10 - 49,"San Antonio, TX","40% Search Engine Optimization, 35% Pay Per Click, 25% Web Design, Red Rattler Creative is a digital marketing agency specializing in website maintenance, SEO, and Google Ads management. The company consistently delivers timely and effective results, achieving substantial increases in leads and online visibility across various clients. With positive feedback from 100% of reviewers, common themes include excellent project management, strong communication, and impressive ROI, marking them as a reliable partner in digital marketing., Recent reviews for Red Rattler Creative highlight their effectiveness in enhancing clients' digital presence and lead generation. Clients from diverse sectors, such as HVAC and solar roofing, reported significant increases in leads and website traffic, with one noting a 50% rise in leads. The team is praised for their strong communication, project management, and personalized service, with no reported areas for improvement. Overall, sentiment is highly positive, indicating a reliable partnership for digital marketing needs."
Hylink Digital,https://clutch.co/profile/hylink-digital,4.0,,,"$5,000+",$50 - $99 / hr,50 - 249,"Santa Monica, CA","20% Digital Strategy, 20% Mobile & App Marketing, 20% Mobile App Development, 20% Search Engine Optimization, 20% Social Media Marketing"
Radd Interactive,https://clutch.co/profile/radd-interactive,5.0,50,,"$1,000+",$100 - $149 / hr,50 - 249,"San Diego, CA","90% Pay Per Click, 10% Search Engine Optimization, Radd Interactive is an SEO agency specializing in digital marketing, with a focus on increasing online visibility, SEO optimization, and managing Google Ads campaigns. The company receives overwhelmingly positive feedback, with clients praising their attention to detail (mentioned by approximately 30% of reviewers), responsiveness, and effective project management. The clients report significant improvements in visibility, search rankings, and business growth, with nearly 100% expressing satisfaction with the services provided., Clients consistently commend Radd Interactive for delivering strong value relative to their costs, noting effective results in SEO and PPC efforts. For instance, one client highlighted a 300% increase in revenue and another noted significant traffic growth while spending less on ads. Overall, feedback reflects satisfaction with the pricing structure and the perceived return on investment, with many clients expressing happiness with their decision to partner with Radd Interactive for their marketing needs."
Oyova,https://clutch.co/profile/oyova,4.9,125,,"$5,000+",$150 - $199 / hr,10 - 49,"Jacksonville Beach, FL","25% Custom Software Development, 20% Web Development, 15% E-Commerce Development, 10% Digital Strategy, 10% Search Engine Optimization"
Avidon Marketing Group,https://clutch.co/profile/avidon-marketing-group,5.0,10,,"$1,000+",$100 - $149 / hr,10 - 49,,"50% Search Engine Optimization, 35% Content Marketing, 15% Ecommerce Marketing, Avidon Marketing Group is a specialized SEO agency that excels in enhancing website rankings and driving organic traffic. Across their reviews, clients consistently highlight their professionalism, expertise in technical SEO, and effective communication. A remarkable 100% of the reviews commend their ability to deliver measurable improvements in search visibility and traffic, while clients appreciate their proactive, hands-on approach led by their CEO, Igor Kholkin."
RUNNER Agency,https://clutch.co/profile/runner-agency,5.0,5,,"$5,000+",$150 - $199 / hr,10 - 49,"Dallas, TX","20% Content Marketing, 15% Pay Per Click, 15% Web Design, 10% Email Marketing, 10% Search Engine Optimization"
Adwizar,https://clutch.co/profile/adwizar,4.7,6,,"$1,000+",,10 - 49,"Rancho Cucamonga, CA","35% Content Marketing, 35% Social Media Marketing, 15% Digital Strategy, 10% Branding, 5% Business Consulting"
New Perspective Marketing,https://clutch.co/profile/new-perspective-marketing,4.9,10,,"$5,000+",$150 - $199 / hr,10 - 49,"Worcester, MA","25% Digital Strategy, 15% Web Design, 10% CRM Consulting and SI, 10% Content Marketing, 10% Conversion Optimization"
"10 Plus Brand, Inc.",https://clutch.co/profile/10-plus-brand,5.0,18,,"$1,000+",$300+ / hr,10 - 49,"Lafayette, CA","15% Branding, 15% Content Marketing, 15% Marketing Strategy, 15% Search Engine Optimization, 15% Web Design"
Authority Solutions®,https://clutch.co/profile/authority-solutions,4.9,5,,"$5,000+",$150 - $199 / hr,10 - 49,"Houston, TX","45% Search Engine Optimization, 30% Web Design, 5% Business Consulting, 5% Content Marketing, 5% Content Writing Services"
Bay Leaf Digital,https://clutch.co/profile/bay-leaf-digital,5.0,4,,"$5,000+",$100 - $149 / hr,10 - 49,"Grapevine, TX","20% Content Marketing, 20% Pay Per Click, 20% Search Engine Optimization, 15% Conversion Optimization, 15% Digital Strategy"
Dorst MediaWorks,https://clutch.co/profile/dorst-mediaworks,5.0,10,,"$25,000+",$100 - $149 / hr,2 - 9,,"40% Social Media Marketing, 25% Video Production, 15% Video Marketing, 10% Marketing Strategy, 10% Media Planning & Buying"
Jose Angelo Studios,https://clutch.co/profile/jose-angelo-studios,4.8,54,,"$1,000+",$100 - $149 / hr,2 - 9,"Fremont, CA","55% Search Engine Optimization, 30% Pay Per Click, 15% Content Marketing, Jose Angelo Studios is a distinguished SEO agency offering comprehensive digital marketing services, including SEO audits, content optimization, and technical improvements. Across multiple reviews, clients praise their professionalism, clear communication, and data-driven strategies. Approximately 90% of feedback highlights their ability to deliver measurable results and enhance online visibility, while a minor fraction suggests improvements in implementation roadmaps."
TMG Marketing Partners,https://clutch.co/profile/tmg-marketing-partners,5.0,8,,"$5,000+",$150 - $199 / hr,2 - 9,"Castle Rock, CO","20% Marketing Strategy, 20% Pay Per Click, 20% Search Engine Optimization, 10% Branding, 10% Low/No Code Development"
Logic Inbound,https://clutch.co/profile/logic-inbound,5.0,44,,"$5,000+",$150 - $199 / hr,10 - 49,"Seattle, WA","90% Search Engine Optimization, 10% Web Design, Logic Inbound is a digital marketing agency specializing in SEO, PPC, and web development. Reviews highlight a 100% satisfaction rate regarding their expertise, communication, and tailored solutions. Approximately 80% of reviewers commend their ability to deliver on goals, while 70% appreciate their educational approach. Their professionalism and responsiveness are consistently praised, with little to no areas for improvement noted."
BCC Interactive,https://clutch.co/profile/bcc-interactive,4.8,3,,"$1,000+",$150 - $199 / hr,2 - 9,"Philadelphia, PA","30% Content Marketing, 30% Search Engine Optimization, 20% Digital Strategy, 10% Conversion Optimization, 10% Pay Per Click"
The Digital Bloom - Digital Marketing Agency,https://clutch.co/profile/digital-bloom-digital-marketing-agency,5.0,2,,"$1,000+",$50 - $99 / hr,2 - 9,"Boca Raton, FL","50% Search Engine Optimization, 25% Content Marketing, 15% Digital Strategy, 5% Fractional CMO Services, 5% Marketing Strategy"
Eightfold,https://clutch.co/profile/eightfold,4.8,13,,"$10,000+",$100 - $149 / hr,10 - 49,,"30% Content Marketing, 30% Search Engine Optimization, 10% Digital Strategy, 10% Low/No Code Development, 10% UX/UI Design"
Brandetize,https://clutch.co/profile/brandetize,5.0,9,,"$10,000+",$150 - $199 / hr,10 - 49,"San Diego, CA","15% Digital Strategy, 10% Branding, 10% Content Marketing, 10% Conversion Optimization, 10% Email Marketing"
Bandolier Media,https://clutch.co/profile/bandolier-media,5.0,7,,"$10,000+",$150 - $199 / hr,10 - 49,"Austin, TX","30% Social Media Marketing, 30% Video Production, 10% Advertising, 10% Branding, 10% Content Marketing"
Lead to Conversion,https://clutch.co/profile/lead-conversion,4.8,16,,"$1,000+",$100 - $149 / hr,10 - 49,"Hudson, OH","30% Search Engine Optimization, 30% Web Design, 20% Social Media Marketing, 10% Conversion Optimization, 10% Email Marketing"
Magnetude Consulting,https://clutch.co/profile/magnetude-consulting,4.8,13,https://magnetudeconsulting.com/,"$10,000+",,10 - 49,"Needham, MA","35% Marketing Strategy, 20% Content Marketing, 20% Digital Strategy, 15% Pay Per Click, 10% Web Design"
JUICE,https://clutch.co/profile/juice-0,4.8,23,,"$5,000+",,10 - 49,"Miami, FL","40% Pay Per Click, 40% Social Media Marketing, 5% Content Marketing, 5% Conversion Optimization, 5% Email Marketing"
CommonMind,https://clutch.co/profile/commonmind,4.9,8,,,$100 - $149 / hr,2 - 9,"Boston, MA","40% Pay Per Click, 40% Search Engine Optimization, 20% Digital Strategy, CommonMind is a digital marketing agency specializing in SEO, SEM, AdWords management, and website redesign. Their clients frequently praise their responsiveness, flexibility, and ability to deliver measurable improvements in online metrics such as conversion rates and traffic, with one client noting a 259% increase in leads. Overall, 100% of reviews commend their professionalism and client partnership approach, highlighting their dedication to understanding client needs and delivering effective solutions., CommonMind has received positive feedback regarding their cost-effectiveness and value for money. Clients appreciate their ability to deliver substantial results, such as a 259% increase in in-market leads and significant improvements in online sales. One client noted that their pricing fit the budget and offered good value, while another highlighted the efficiency and quick responsiveness of CommonMind’s team. Overall, sentiment reflects satisfaction with the investment in their services, deeming them a reliable partner for ongoing projects."
Lightburn,https://clutch.co/profile/lightburn,4.9,16,,"$5,000+",$100 - $149 / hr,10 - 49,,"25% UX/UI Design, 25% Web Development, 20% Other Digital Marketing, 15% Pay Per Click, 15% Search Engine Optimization"
eSEOspace,https://clutch.co/profile/eseospace,5.0,69,,"$1,000+",$50 - $99 / hr,10 - 49,"San Diego, CA","60% Web Design, 10% Custom Software Development, 10% E-Commerce Development, 10% Search Engine Optimization, 10% Web Development"
Doctor Multimedia,https://clutch.co/profile/doctor-multimedia,4.7,133,,,$100 - $149 / hr,10 - 49,"San Diego, CA","25% Search Engine Optimization, 20% Web Development, 15% Pay Per Click, 15% Social Media Marketing, 10% Content Marketing"
Colorado Digital,https://clutch.co/profile/colorado-digital,4.9,12,,"$5,000+",$150 - $199 / hr,10 - 49,"Denver, CO","20% Web Development, 15% Digital Strategy, 15% Web Design, 10% Content Marketing, 10% Conversion Optimization"
RED Digital Marketing,https://clutch.co/profile/red-digital-marketing,5.0,3,,"$1,000+",$150 - $199 / hr,10 - 49,,"40% Social Media Marketing, 30% Marketing Strategy, 30% Pay Per Click, RED Digital Marketing is a comprehensive digital marketing agency specializing in website design, SEO, Google Ads, social media, and video marketing. The company has received overwhelmingly positive feedback, with clients praising its ability to generate leads and significant business growth. Approximately 100% of reviewers highlight the agency's effective communication and strong results, although some mention occasional challenges with adaptation to Google updates and communication issues."
Speak,https://clutch.co/profile/speak-0,4.9,5,,"$10,000+",$150 - $199 / hr,10 - 49,,"40% Web Design, 20% Digital Strategy, 15% Search Engine Optimization, 15% Social Media Marketing, 10% Marketing Strategy"
BrandBomb PR,https://clutch.co/profile/brandbomb-pr,5.0,10,,"$5,000+",$150 - $199 / hr,2 - 9,,"50% Public Relations, 20% Content Marketing, 20% Social Media Marketing, 10% Marketing Strategy, BrandBomb PR is a dynamic public relations agency renowned for creating strategic PR plans and securing extensive media coverage. Reviewers consistently praise their exceptional project management and constant communication, with 100% expressing satisfaction with their services. Their proficiency in media engagement has resulted in placements with high-profile outlets such as CBS, NBC, and Forbes, demonstrating their efficacy in enhancing brand visibility."
From the Future,https://clutch.co/profile/future,4.7,7,,"$100,000+",$150 - $199 / hr,10 - 49,"Philadelphia, PA","25% Digital Strategy, 20% Pay Per Click, 20% Search Engine Optimization, 15% Social Media Marketing, 10% UX/UI Design"
Absolute Marketing Solutions,https://clutch.co/profile/absolute-marketing-solutions,4.9,13,,"$1,000+",$50 - $99 / hr,10 - 49,"Tampa, FL","30% Social Media Marketing, 30% Web Design, 25% Search Engine Optimization, 10% Pay Per Click, 5% Branding"
Milyon Digital,https://clutch.co/profile/milyon-digital,5.0,7,,"$1,000+",$100 - $149 / hr,10 - 49,"Covina, CA","30% Search Engine Optimization, 15% Branding, 15% Pay Per Click, 10% Affiliate Marketing, 10% Ecommerce Marketing"
Silk Software,https://clutch.co/profile/silk-software,5.0,,,,$100 - $149 / hr,250 - 999,"Irvine, CA","35% E-Commerce Development, 15% ERP Consulting and SI, 10% Mobile App Development, 10% Pay Per Click, 10% Search Engine Optimization"
VEA Technologies,https://clutch.co/profile/vea-technologies,5.0,11,,"$5,000+",$100 - $149 / hr,2 - 9,"Denver, CO","30% Pay Per Click, 30% Search Engine Optimization, 10% Digital Strategy, 10% E-Commerce Development, 10% Web Design"
Unusual,https://clutch.co/profile/unusual,5.0,21,,"$100,000+",$200 - $300 / hr,10 - 49,"Los Angeles, CA","50% Branding, 50% Social Media Marketing, Unusual is a social media company known for offering services such as influencer campaigns, social media management, and digital marketing strategies. The company receives overwhelmingly positive feedback, with 100% of reviewers highlighting their professionalism, flexibility, and commitment to overdelivering. Impressively, 67% of clients specifically commend their team's adaptability and customer service, making Unusual a highly regarded and reliable partner."
Fuel Online,https://clutch.co/profile/fuel-online,5.0,21,,"$5,000+",$150 - $199 / hr,10 - 49,"Boston, MA","50% Search Engine Optimization, 15% Digital Strategy, 15% Pay Per Click, 10% Social Media Marketing, 5% Ecommerce Marketing"
Beyond Fifteen Communications Inc.,https://clutch.co/profile/beyond-fifteen-communications,4.7,5,,"$5,000+",$200 - $300 / hr,10 - 49,"Irvine, CA","10% Content Marketing, 10% Conversion Optimization, 10% Digital Strategy, 10% Email Marketing, 10% Marketing Strategy"
Digital Elevator,https://clutch.co/profile/digital-elevator,5.0,14,,"$5,000+",$200 - $300 / hr,2 - 9,"West Palm Beach, FL","50% Search Engine Optimization, 25% Content Marketing, 10% Pay Per Click, 10% Web Design, 5% AI Agents"
Marketing Maven,https://clutch.co/profile/marketing-maven-0,4.8,7,,"$10,000+",$200 - $300 / hr,10 - 49,"Camarillo, CA","20% Market Research, 20% Public Relations, 20% Social Media Marketing, 10% Content Marketing, 10% Event Management"
Fearless Media,https://clutch.co/profile/fearless-media,4.9,9,,"$100,000+",,50 - 249,,"20% Advertising, 20% Media Planning & Buying, 20% Social Media Marketing, 10% Email Marketing, 10% Marketing Strategy"
Sagapixel,https://clutch.co/profile/sagapixel-0,5.0,7,,"$1,000+",$100 - $149 / hr,10 - 49,,"40% Search Engine Optimization, 30% Web Design, 20% Content Marketing, 10% Pay Per Click, Sagapixel is an SEO agency with expertise in web development and digital marketing services. Feedback from their clients is overwhelmingly positive, highlighting their ethical business practices and effective project management. Approximately 100% of reviews commend their communication and responsiveness. Clients consistently report significant improvements in website traffic, usability, and overall satisfaction with Sagapixel's deliverables."
North Star Inbound,https://clutch.co/profile/north-star-inbound,4.3,15,,"$10,000+",$150 - $199 / hr,10 - 49,"Austin, TX","80% Content Marketing, 20% Search Engine Optimization, North Star Inbound is a digital marketing and SEO agency specializing in content creation and digital PR services. Reviews indicate mixed feedback, with approximately 57% positive and 43% negative experiences. Clients appreciate their effective communication and high-quality content that drives traffic, while some criticize their high costs and lack of significant results. Notably, 50% mention impressive link-building capabilities."
The Brandon Agency,https://clutch.co/profile/brandon-agency,4.8,6,,"$5,000+",$150 - $199 / hr,50 - 249,,"20% Advertising, 10% Email Marketing, 10% Graphic Design, 10% Media Planning & Buying, 10% Public Relations"
Mimvi SEO,https://clutch.co/profile/mimvi-seo,5.0,27,,"$1,000+",$100 - $149 / hr,10 - 49,"New York, NY","70% Search Engine Optimization, 15% Digital Strategy, 15% Web Design, Mimvi SEO is a digital marketing agency specializing in search engine optimization (SEO) and online marketing services. The company consistently receives high praise for its attentive project management, responsive communication, and impressive results, with 100% positive feedback from reviewers. Notably, 80% of reviewers highlight Mimvi SEO's detail-oriented approach and effective strategies that lead to significant improvements in search rankings and client engagement."
Evolve Media,https://clutch.co/profile/evolve-media,5.0,5,,"$5,000+",$150 - $199 / hr,2 - 9,"San Francisco, CA","20% Video Production, 10% Broadcast Video, 10% Content Marketing, 10% Event Marketing, 10% Marketing Strategy"
Courimo,https://clutch.co/profile/courimo,5.0,43,,"$1,000+",$100 - $149 / hr,10 - 49,"Pompano Beach, FL","20% Advertising, 20% Digital Strategy, 20% Pay Per Click, 15% Search Engine Optimization, 15% Social Media Marketing"
SEO Smooth,https://clutch.co/profile/seo-smooth,4.9,8,,"$1,000+",$100 - $149 / hr,2 - 9,"Boynton Beach, FL","30% Pay Per Click, 30% Search Engine Optimization, 25% Social Media Marketing, 5% Advertising, 5% Content Marketing"
GROKKETSHIP,https://clutch.co/profile/grokketship,5.0,3,,"$5,000+",$100 - $149 / hr,2 - 9,"Smyrna, GA","10% Business Consulting, 10% Content Marketing, 10% Conversion Optimization, 10% Digital Strategy, 10% Email Marketing"
BLND PR,https://clutch.co/profile/blnd-pr,5.0,5,,"$10,000+",$150 - $199 / hr,10 - 49,"Redondo Beach, CA","35% Public Relations, 15% Social Media Marketing, 10% Branding, 10% Content Marketing, 10% Digital Strategy"
Milestone Inc,https://clutch.co/profile/milestone,5.0,11,,"$1,000+",$150 - $199 / hr,250 - 999,"Santa Clara, CA","30% Web Design, 20% Content Marketing, 20% Pay Per Click, 20% Search Engine Optimization, 10% Media Planning & Buying"
CSP Agency,https://clutch.co/profile/csp-agency,4.9,13,https://www.coloradoseopros.com/,"$1,000+",$150 - $199 / hr,10 - 49,"Golden, CO","100% Search Engine Optimization, CSP Agency, a prominent SEO agency, is highly regarded for its expertise in optimizing digital presence through comprehensive SEO strategies, content creation, and technical audits. Across its reviews, the agency boasts a remarkable 100% positive feedback rate, with 70% of clients emphasizing their exceptional communication and project management skills. Clients consistently praise CSP Agency's ability to exceed expectations and drive significant improvements in organic traffic and rankings., CSP Agency received overwhelmingly positive feedback regarding the high-quality work delivered in their SEO projects. Clients highlighted significant improvements, such as a 73.3% increase in organic traffic and a 95% link value retention, underscoring the effectiveness of their strategies. One client praised the detailed content blueprints and the impressive team, while another noted outstanding communication and responsiveness. Overall, sentiments reflect satisfaction with the results and a strong alignment with client goals., Clients consistently commend Colorado SEO Pros for delivering exceptional value for money, noting significant improvements in organic traffic and ROI. One client reported a 5,342% ROI, while another highlighted a 927% ROI from SEO efforts. Feedback emphasizes their thorough communication, flexibility, and expertise, with clients appreciating the tailored approach to meet specific needs. Overall, the sentiment conveys strong satisfaction with the cost-effectiveness of their services, reinforcing Colorado SEO Pros as a valuable partner in digital marketing."
VantagePoint Marketing,https://clutch.co/profile/vantagepoint-marketing,4.8,5,,"$10,000+",$100 - $149 / hr,10 - 49,,"15% Digital Strategy, 15% Marketing Strategy, 10% Advertising, 10% Content Marketing, 10% Search Engine Optimization"
WiT Group,https://clutch.co/profile/wit-group,5.0,7,,"$1,000+",$100 - $149 / hr,10 - 49,"Charlotte, NC","40% Pay Per Click, 20% Conversion Optimization, 20% Search Engine Optimization, 10% Advertising, 10% Web Design"
Purplegator,https://clutch.co/profile/purplegator,5.0,5,,,,50 - 249,"Berwyn, PA","25% Search Engine Optimization, 15% Mobile App Development, 15% Social Media Marketing, 15% Web Design, 10% AR/VR Development"
Hite Digital,https://clutch.co/profile/hite-digital,5.0,14,,"$5,000+",,50 - 249,,"55% Pay Per Click, 15% Web Development, 10% Search Engine Optimization, 10% Social Media Marketing, 10% Web Design"
First Spark Digital,https://clutch.co/profile/first-spark-digital,5.0,11,,"$5,000+",$150 - $199 / hr,10 - 49,"San Diego, CA","35% Social Media Marketing, 25% Video Marketing, 15% Digital Strategy, 15% Pay Per Click, 10% Conversion Optimization"
Metia,https://clutch.co/profile/metia,5.0,,,,$100 - $149 / hr,50 - 249,"Austin, TX","20% Content Marketing, 20% Marketing Strategy, 20% Social Media Marketing, 10% BI & Big Data Consulting & SI, 10% Digital Strategy"
Influence & Co.,https://clutch.co/profile/influence-co,4.4,7,,,$100 - $149 / hr,50 - 249,,"60% Content Marketing, 20% Branding, 10% Digital Strategy, 10% Social Media Marketing, Influence & Co. is a content marketing agency that specializes in creating and executing content strategies, including SEO, guest articles, PR, and analytics reporting. Generally receiving positive feedback, with over 83% of reviewers praising their proactive and flexible approach, Influence & Co. is noted for its effectiveness in increasing brand visibility and providing valuable insights, although some dissatisfaction was expressed regarding content quality and client service in specific instances."
Marqade,https://clutch.co/profile/marqade,5.0,5,,"$1,000+",< $25 / hr,50 - 249,"Alpharetta, GA","30% Content Marketing, 10% Ecommerce Marketing, 10% Search Engine Optimization, 5% Branding, 5% Content Writing Services"
Firebelly Marketing,https://clutch.co/profile/firebelly-marketing,4.9,36,,"$5,000+",$150 - $199 / hr,10 - 49,,"100% Social Media Marketing, Firebelly Marketing is a social media agency specializing in content creation, management, and data analysis for platforms like Instagram, Facebook, and Pinterest. The feedback is overwhelmingly positive, with a 100% satisfaction rate among reviewers, who commend their project management, creativity, and responsiveness. Approximately 70% of clients highlight their proficiency in increasing social media engagement and brand awareness, as well as their ability to align with clients' brand voices and cultural fits., Firebelly Marketing consistently demonstrates a results-oriented approach, as highlighted by multiple clients. One client noted a significant increase in social media followers, achieving 16% engagement rates and 700,000 impressions. Another client praised Firebelly for streamlining their sales process, effectively generating new business. Additionally, a third client reported a tenfold increase in Facebook followers, attributing their ROI to Firebelly's proactive strategies. Overall, feedback emphasizes their tailored solutions and commitment to delivering measurable results., Clients consistently commend Firebelly Marketing for their exceptional value for money, noting that the agency delivers high-quality services at competitive prices. One client highlighted that Firebelly's flexibility allowed them to work within a tight budget while achieving significant growth in social media engagement. Another client stated that their investment yielded a 49% increase in engagement metrics, demonstrating effective results relative to costs. Overall, feedback reflects a strong sentiment of satisfaction regarding the agency's pricing structure and the tangible outcomes achieved."
Watermark Agency,https://clutch.co/profile/watermark-agency,4.9,4,,"$5,000+",$100 - $149 / hr,10 - 49,"Denver, CO","20% Pay Per Click, 20% Search Engine Optimization, 15% Conversion Optimization, 15% Digital Strategy, 10% Social Media Marketing"
Native Digital,https://clutch.co/profile/native-digital,4.9,9,,,$150 - $199 / hr,10 - 49,,"25% Pay Per Click, 20% Branding, 20% Search Engine Optimization, 20% Social Media Marketing, 15% Conversion Optimization"
SEO Inc.,https://clutch.co/profile/seo,4.7,34,,"$1,000+",$100 - $149 / hr,10 - 49,"Carlsbad, CA","80% Search Engine Optimization, 20% Pay Per Click, SEO Inc. is an SEO agency that specializes in pay-per-click management, search engine optimization, and digital marketing strategies tailored to specific industry needs. Reviews indicate a high satisfaction rate, with numerous clients highlighting significant improvements in lead volume, conversion rates, and search engine rankings. Approximately 90% of reviewers praise their responsiveness and personalized approach, particularly noting their expertise in adapting strategies to align with unique business objectives."
90 Degree Design,https://clutch.co/profile/90-degree-design,5.0,7,,"$1,000+",$100 - $149 / hr,2 - 9,"Raleigh, NC","20% Branding, 20% Search Engine Optimization, 15% Logo, 15% Web Design, 10% Content Marketing"
Shire Lyon Ads,https://clutch.co/profile/shire-lyon-ads,4.8,4,,"$5,000+",$150 - $199 / hr,2 - 9,,"50% Pay Per Click, 10% Content Marketing, 10% Content Writing Services, 10% Digital Strategy, 10% Search Engine Optimization"
Sagefrog Marketing Group,https://clutch.co/profile/sagefrog-marketing-group,5.0,10,,"$5,000+",$150 - $199 / hr,10 - 49,"Doylestown, PA","10% Account-Based Marketing, 10% Branding, 10% Content Marketing, 10% Demand Generation Marketing, 10% Marketing Strategy"
Knucklepuck,https://clutch.co/profile/knucklepuck,5.0,3,,"$5,000+",,10 - 49,,"40% Search Engine Optimization, 30% Content Marketing, 10% Pay Per Click, 10% Web Design, 10% Web Development"
Socialistics,https://clutch.co/profile/socialistics,4.7,46,,"$5,000+",$150 - $199 / hr,10 - 49,"Seattle, WA","100% Social Media Marketing, Socialistics is a social media marketing agency known for delivering comprehensive content creation, campaign management, and digital advertising services across various platforms like TikTok, Instagram, LinkedIn, and Facebook. With approximately 85% of reviews being positive, clients frequently commend Socialistics for their project management, communication, and ability to align with company cultures. However, around 15% suggest room for improvement in areas like reporting and creative innovation."
Two Octobers,https://clutch.co/profile/two-octobers,5.0,3,,"$1,000+",$100 - $149 / hr,10 - 49,"Denver, CO","45% Search Engine Optimization, 30% Pay Per Click, 15% Social Media Marketing, 10% Other Digital Marketing, Two Octobers is a digital marketing agency specializing in paid advertising and analytics, including Google Ads, Facebook Ads, and conversion rate optimization. They are consistently praised for their ethical practices, trustworthiness, and tailored training sessions. With 100% positive feedback, clients commend their seamless communication, responsiveness, and ability to drive high-value leads and improve campaign strategies."
High Level Thinkers,https://clutch.co/profile/high-level-thinkers,5.0,,,"$1,000+",$150 - $199 / hr,2 - 9,,"20% Digital Strategy, 20% Search Engine Optimization, 20% Social Media Marketing, 10% Advertising, 10% Content Marketing"
Solutions 8,https://clutch.co/profile/solutions-8,4.7,20,,"$5,000+",$100 - $149 / hr,50 - 249,,"100% Pay Per Click, Solutions 8 is a digital marketing agency specializing in Google Ads and PPC management. Customer feedback is predominantly positive, with over 85% of reviewers praising their attention to detail, expertise, and ability to improve ad performance. However, approximately 15% expressed dissatisfaction, citing issues with communication and project execution. Overall, Solutions 8 is recognized for enhancing advertising efficiency and providing tailored solutions to varied business needs."
Cardinal Digital Marketing,https://clutch.co/profile/cardinal-digital-marketing,5.0,4,,"$5,000+",$100 - $149 / hr,10 - 49,"Chamblee, GA","50% Pay Per Click, 50% Search Engine Optimization, Cardinal Digital Marketing is a comprehensive digital marketing agency offering services such as content marketing, SEO, PPC, and web design. Reviews reflect a high level of satisfaction, with 100% of reviewers praising their communication, consistency, and expertise. Clients report significant improvements in conversions, brand awareness, and lead generation, with the company demonstrating a strong commitment to client success and strategic growth., Cardinal Digital Marketing is frequently praised for providing excellent value for money. Clients report significant returns on investment, with one noting a business growth of $200,000–$1,000,000 since engagement. Another client highlighted the cost-effective strategies that led to a 76% increase in membership. Overall, feedback indicates that their transparent communication and dedication to delivering measurable results contribute to a positive perception of their pricing relative to the quality of services provided."
Digital Current,https://clutch.co/profile/digital-current,4.7,16,,"$5,000+",,10 - 49,,"50% Search Engine Optimization, 25% Content Marketing, 15% Conversion Optimization, 10% Pay Per Click, Digital Current is an SEO agency offering comprehensive digital marketing services, including SEO audits, keyword analysis, link building, and content strategy. Client reviews highlight their effectiveness in increasing organic traffic and achieving high-profile media placements. Approximately 90% of feedback is positive, emphasizing their strategic approach, responsiveness, and ability to adapt to client needs, with most reviewers praising their project management and communication."
Digital Third Coast,https://clutch.co/profile/digital-third-coast,4.9,54,,"$5,000+",$150 - $199 / hr,10 - 49,"Chicago, IL","55% Search Engine Optimization, 40% Pay Per Click, 5% Social Media Marketing, Digital Third Coast is a digital marketing agency specializing in SEO, PPC, and digital PR services. The reviews are overwhelmingly positive, with approximately 100% highlighting their expertise, responsive communication, and ability to deliver measurable outcomes, such as increased lead generation and improved SEO performance. Clients appreciate their strategic approach and consistent delivery, with nearly all reviewers expressing satisfaction with their project management and results."
Vendilli Digital Group,https://clutch.co/profile/vendilli-digital-group,5.0,6,,"$1,000+",$100 - $149 / hr,10 - 49,"Pittsburgh, PA","20% Content Marketing, 20% Digital Strategy, 20% Email Marketing, 20% Search Engine Optimization, 20% Web Design"
Sofia Dallas SEO,https://clutch.co/profile/sofia-dallas-seo,5.0,4,,"$1,000+",,2 - 9,"Dallas, TX","85% Search Engine Optimization, 15% Pay Per Click, Sofia Dallas SEO is an SEO agency specializing in SEO optimization, content management, and Google Ads services. The company receives overwhelmingly positive feedback, with approximately 100% of reviews highlighting their professionalism, timely delivery, and excellent communication. Clients appreciate their ability to improve Google presence, enhance lead quality, and effectively manage ad campaigns."
Yourhouse Marketing,https://clutch.co/profile/yourhouse-marketing,5.0,4,,"$5,000+",$150 - $199 / hr,10 - 49,"Los Angeles, CA","15% Advertising, 15% Ecommerce Marketing, 15% Pay Per Click, 15% Search Engine Optimization, 10% Branding"
Pantelope,https://clutch.co/profile/pantelope,4.4,5,,"$25,000+",$150 - $199 / hr,10 - 49,"Miami Gardens, FL","35% Pay Per Click, 20% Search Engine Optimization, 20% Social Media Marketing, 15% Digital Strategy, 5% Graphic Design"
Fifty & Five,https://clutch.co/profile/fifty-five,4.9,4,,"$5,000+",$150 - $199 / hr,2 - 9,"Orlando, FL","60% Social Media Marketing, 10% Advertising, 10% Marketing Strategy, 10% Public Relations, 5% Search Engine Optimization"
Illuminator,https://clutch.co/profile/illuminator,5.0,7,,"$25,000+",$150 - $199 / hr,2 - 9,"San Rafael, CA","35% Advertising, 25% Social Media Marketing, 20% Branding, 20% Other Digital Marketing, Illuminator is a creative agency specializing in brand identity, social media strategy, and marketing campaigns. Reviews highlight their world-class service, with 100% of clients praising their creativity, strategic thinking, and efficient project management. Clients commend Illuminator for their ability to enhance brand essence and deliver impactful results on time and within budget."
Fahrenheit Marketing,https://clutch.co/profile/fahrenheit-marketing,4.9,16,,"$10,000+",$150 - $199 / hr,10 - 49,"Austin, TX","20% Digital Strategy, 20% Email Marketing, 20% Pay Per Click, 20% Web Design, 20% Web Development"
Local Leap Marketing,https://clutch.co/profile/local-leap-marketing,5.0,6,,"$1,000+",$50 - $99 / hr,10 - 49,"Allen, TX","40% Search Engine Optimization, 30% Web Design, 20% Content Marketing, 10% Social Media Marketing, Local Leap Marketing is an SEO agency that also specializes in website development and digital marketing strategies. The company consistently receives positive feedback, with 100% of reviewers praising their responsiveness and expertise. Clients appreciate their ethical approach and ability to deliver measurable results, such as improved search engine rankings and increased lead generation."
Get Hyped Media,https://clutch.co/profile/get-hyped-media,4.8,2,https://gethypedmedia.com/,"$5,000+",$50 - $99 / hr,2 - 9,,"30% Social Media Marketing, 15% Ecommerce Marketing, 15% Email Marketing, 15% Pay Per Click, 15% Performance Marketing"
Strategy Kiln,https://clutch.co/profile/strategy-kiln,5.0,7,,"$1,000+",$100 - $149 / hr,2 - 9,,"20% Pay Per Click, 20% Search Engine Optimization, 15% Conversion Optimization, 15% Digital Strategy, 15% Marketing Strategy"
Dot Com Media,https://clutch.co/profile/dot-com-media,5.0,28,,"$1,000+",,10 - 49,"Thousand Oaks, CA","20% Content Marketing, 20% Digital Strategy, 20% Pay Per Click, 20% Search Engine Optimization, 20% Social Media Marketing"
SoMe Connect,https://clutch.co/profile/some-connect,5.0,9,,"$5,000+",$150 - $199 / hr,10 - 49,"Chicago, IL","20% Digital Strategy, 20% Media Planning & Buying, 20% Pay Per Click, 15% Content Marketing, 15% Social Media Marketing"
ShyftUp,https://clutch.co/profile/shyftup,5.0,4,,"$5,000+",$150 - $199 / hr,10 - 49,"San Francisco, CA","60% Mobile & App Marketing, 20% Application Testing, 20% Social Media Marketing, ShyftUp is a mobile app marketing company specializing in app store optimization (ASO) and user acquisition strategies. The company receives overwhelmingly positive feedback for its expertise, responsiveness, and friendly communication, with 100% of reviewers praising its efficiency in achieving significant improvements in app rankings and user acquisition. ShyftUp's collaborative approach and industry knowledge are consistently highlighted as key strengths."
PixelChefs,https://clutch.co/profile/pixelchefs,5.0,10,,"$10,000+",$100 - $149 / hr,2 - 9,"Winter Garden, FL","50% Search Engine Optimization, 40% Web Design, 10% Low/No Code Development, PixelChefs is a web design and SEO agency with a strong reputation for creating custom, responsive websites and enhancing technical SEO for diverse industries. Across multiple reviews, clients consistently praise their timely delivery, strong project management, and impressive understanding of client needs. Approximately 100% of reviews highlight their exceptional communication and ability to deliver innovative solutions within budget, with no significant areas for improvement noted."
Epic Marketing,https://clutch.co/profile/epic-marketing-1,5.0,,,,,10 - 49,,"20% Search Engine Optimization, 10% Branding, 10% Email Marketing, 10% Market Research, 10% Marketing Strategy"
SC Digital,https://clutch.co/profile/sc-digital,5.0,12,,"$5,000+",$100 - $149 / hr,10 - 49,,"20% Pay Per Click, 20% Search Engine Optimization, 20% Web Design, 15% Conversion Optimization, 15% Digital Strategy"
Insite Advice,https://clutch.co/profile/insite-advice,5.0,,,"$5,000+",$100 - $149 / hr,10 - 49,,"25% Search Engine Optimization, 10% Branding, 10% Content Marketing, 10% Conversion Optimization, 10% Email Marketing"
Search Schematic,https://clutch.co/profile/search-schematic,5.0,8,,"$1,000+",$50 - $99 / hr,2 - 9,"New York, NY","50% Search Engine Optimization, 30% Social Media Marketing, 10% Pay Per Click, 10% Web Design, Search Schematic is a digital marketing agency specializing in SEO, web design, and social media management. Analyzing the reviews, Search Schematic excels in delivering enhanced digital presence and client conversion, with 100% of reviewers praising their project management and commitment to client success. Their strategic and innovative approach consistently exceeds expectations, making them a distinguished partner for digital marketing needs."
CANOPY Management,https://clutch.co/profile/canopy-management,4.9,35,,"$1,000+",$150 - $199 / hr,50 - 249,"Austin, TX","40% Pay Per Click, 20% Marketing Strategy, 10% Conversion Optimization, 10% Market Research, 10% Product Design"
Social Market Way,https://clutch.co/profile/social-market-way,5.0,16,,"$1,000+",$50 - $99 / hr,50 - 249,,"40% Search Engine Optimization, 35% Social Media Marketing, 25% Pay Per Click, Social Market Way is a digital marketing agency specializing in SEO and social media management. With a high percentage of positive reviews, the company is praised for its strategic approach, responsive project management, and ability to deliver customized solutions aligned with client goals. Approximately 85% of reviewers highlight their deep industry understanding and effective content strategies, leading to tangible improvements in visibility and engagement across diverse sectors."
KME.digital,https://clutch.co/profile/kmedigital,5.0,10,,"$1,000+",$100 - $149 / hr,10 - 49,,"25% Pay Per Click, 25% Search Engine Optimization, 20% Social Media Marketing, 20% Web Design, 10% CRM Consulting and SI"
Rampiq Agency,https://clutch.co/profile/rampiq-agency,4.9,17,,"$5,000+",$50 - $99 / hr,10 - 49,,"30% Pay Per Click, 25% Search Engine Optimization, 20% Content Marketing, 20% Digital Strategy, 5% Conversion Optimization"
AdMark Digital Media,https://clutch.co/profile/admark-digital-media,5.0,3,,"$5,000+",$25 - $49 / hr,50 - 249,"Santa Clara, CA","20% Digital Strategy, 20% Mobile & App Marketing, 20% Pay Per Click, 20% Search Engine Optimization, 20% Social Media Marketing"
Pilot Digital Marketing,https://clutch.co/profile/pilot-digital-marketing,5.0,5,,"$5,000+",$150 - $199 / hr,10 - 49,"Chicago, IL","35% Pay Per Click, 35% Search Engine Optimization, 20% Web Development, 10% Low/No Code Development, Pilot Digital Marketing is a versatile digital marketing agency specializing in SEO, PPC services, and web development. With a strong emphasis on client satisfaction, 100% of reviewers commend their professionalism and personalized approach. Clients appreciate their effective project management, with 75% highlighting timely delivery and communication. Their expertise in refining digital strategies and enhancing online presence has been particularly beneficial for both non-profits and large enterprises."
Elevated Marketing Solutions,https://clutch.co/profile/elevated-marketing-solutions,4.8,2,,"$1,000+",$100 - $149 / hr,2 - 9,,"25% Pay Per Click, 25% Social Media Marketing, 20% Search Engine Optimization, 15% Content Marketing, 15% Email Marketing"
The Barber Shop Marketing,https://clutch.co/profile/barber-shop-marketing,5.0,6,,"$1,000+",$150 - $199 / hr,50 - 249,"Addison, TX","20% Advertising, 20% Marketing Strategy, 15% Graphic Design, 15% Social Media Marketing, 10% Branding"
Arc Intermedia,https://clutch.co/profile/arc-intermedia,5.0,4,,"$25,000+",$150 - $199 / hr,10 - 49,"King of Prussia, PA","50% Search Engine Optimization, 20% Pay Per Click, 15% Content Marketing, 10% Web Design, 5% Digital Strategy"
ONE18MEDIA,https://clutch.co/profile/one18media,4.9,8,,"$25,000+",$200 - $300 / hr,2 - 9,"Kings Park, NY","40% Web Design, 20% Digital Strategy, 15% Pay Per Click, 15% Search Engine Optimization, 10% Content Marketing"
Social Noon,https://clutch.co/profile/social-noon,4.8,2,,"$1,000+",$50 - $99 / hr,10 - 49,,"35% Social Media Marketing, 25% Search Engine Optimization, 15% Advertising, 10% Event Marketing, 10% Performance Marketing"
Firespring,https://clutch.co/profile/firespring,5.0,,,,,250 - 999,,"20% Email Marketing, 20% Print Design, 20% Search Engine Optimization, 15% Public Relations, 15% Social Media Marketing"
Three Seven Marketing,https://clutch.co/profile/three-seven-marketing,4.9,5,,"$5,000+",$150 - $199 / hr,2 - 9,,"30% Web Design, 20% Marketing Strategy, 20% Search Engine Optimization, 15% Content Marketing, 15% Pay Per Click"
Loopex Digital,https://clutch.co/profile/loopex-digital,5.0,90,https://loopexdigital.com/,"$1,000+",$50 - $99 / hr,50 - 249,"Glendale, CA","100% Search Engine Optimization, Loopex Digital is an SEO and digital marketing agency that specializes in enhancing search visibility, improving keyword rankings, and building high-quality backlinks. The company consistently receives high praise for its organized, proactive approach, and timely delivery of services. Across the reviews, 100% of clients commend Loopex Digital's effective project management and responsiveness, with many highlighting their ability to exceed expectations and deliver measurable improvements in organic traffic and search rankings."
Effective Marketing,https://clutch.co/profile/effective-marketing,4.8,16,https://effectivemc.com/,"$5,000+",$200 - $300 / hr,2 - 9,"Chicago, IL","30% Media Planning & Buying, 15% Social Media Marketing, 10% Business Consulting, 10% Content Marketing, 10% Market Research"
Labyrinth Digital,https://clutch.co/profile/labyrinth-digital,4.8,6,,"$1,000+",$150 - $199 / hr,2 - 9,"Denver, CO","40% Ecommerce Marketing, 20% Email Marketing, 20% Pay Per Click, 20% Social Media Marketing, Labyrinth Digital is a growth marketing agency specializing in digital marketing consulting, PPC strategy, and email program enhancement. The company has garnered overwhelmingly positive feedback, with 100% of reviewers praising its strategic, data-driven approach and effective communication. Notably, clients commend Labyrinth Digital for significant improvements in revenue and engagement, attributing increases of up to 940% in channel revenue and 15% in engagement to their efforts."
Agency 6B,https://clutch.co/profile/agency-6b,4.9,9,https://agency6b.com,"$5,000+",$200 - $300 / hr,2 - 9,"New York, NY","20% Conversion Optimization, 15% Content Marketing, 14% Email Marketing, 6% Search Engine Optimization, 5% Advertising"
Prophase Marketing,https://clutch.co/profile/prophase-marketing,4.9,5,,,$50 - $99 / hr,10 - 49,,"40% Social Media Marketing, 30% Web Design, 15% Pay Per Click, 15% Search Engine Optimization, Prophase Marketing is a multifaceted digital marketing agency offering services such as social media marketing, SEO, PPC, and loyalty program management. Their clients praise their professionalism, effective project management, and personalized approach, with over 80% highlighting their exceptional communication and responsiveness. A notable area for improvement includes expanding their platform reach, as mentioned by 20% of reviewers."
41 North Digital,https://clutch.co/profile/41-north-digital,5.0,11,,"$1,000+",$100 - $149 / hr,2 - 9,,"40% Pay Per Click, 35% Search Engine Optimization, 15% Web Design, 5% Marketing Strategy, 5% Social Media Marketing"
"Westerlund, Co",https://clutch.co/profile/westerlund-co,5.0,8,,"$5,000+",$100 - $149 / hr,2 - 9,"Chicago, IL","20% Content Marketing, 20% Email Marketing, 20% Search Engine Optimization, 20% Social Media Marketing, 10% Low/No Code Development"
Perfect Afternoon,https://clutch.co/profile/perfect-afternoon,5.0,20,,"$5,000+",$150 - $199 / hr,10 - 49,,"25% CRM Consulting and SI, 20% Search Engine Optimization, 15% Web Design, 15% Web Development, 10% E-Commerce Development"
Launch Titans,https://clutch.co/profile/launch-titans,5.0,3,,"$5,000+",$150 - $199 / hr,10 - 49,"Cape Coral, FL","35% Digital Strategy, 30% Pay Per Click, 15% Email Marketing, 10% Conversion Optimization, 10% Ecommerce Marketing"
High Arc Media Inc.,https://clutch.co/profile/high-arc-media,4.8,13,,"$5,000+",$200 - $300 / hr,10 - 49,"Atlanta, GA","60% Social Media Marketing, 40% Video Production, High Arc Media Inc. is a video production company offering services such as video campaigns, music video production, and live streaming. Overall, their reviews are positive, with approximately 87% of reviewers praising their professionalism, creativity, and ability to adapt to client needs. Notably, 75% of reviews highlight their effective communication and project management skills. However, some feedback suggests areas for improvement in meeting deadlines and setting clear expectations upfront."
Aztek,https://clutch.co/profile/aztek,5.0,,,"$5,000+",$150 - $199 / hr,10 - 49,"Cleveland, OH","20% Search Engine Optimization, 20% Web Design, 15% Digital Strategy, 10% Content Marketing, 10% Email Marketing"
Warschawski,https://clutch.co/profile/warschawski,5.0,3,,"$10,000+",$200 - $300 / hr,10 - 49,,"25% Branding, 20% Pay Per Click, 20% Web Design, 15% Social Media Marketing, 10% Email Marketing"
Strativise Industrial Marketing Agency,https://clutch.co/profile/strativise-industrial-marketing-agency,4.7,5,,"$5,000+",$150 - $199 / hr,10 - 49,"Aliso Viejo, CA","30% Digital Strategy, 10% Advertising, 10% Content Marketing, 10% Conversion Optimization, 10% Email Marketing"
Elevated Internet Marketing,https://clutch.co/profile/elevated-internet-marketing,4.8,12,,"$5,000+",$100 - $149 / hr,10 - 49,"Carlsbad, CA","40% Pay Per Click, 20% Web Design, 15% Search Engine Optimization, 10% AR/VR Development, 10% Web Development"
The Forged Agency,https://clutch.co/profile/forged-agency,4.9,10,,"$5,000+",$100 - $149 / hr,10 - 49,"San Diego, CA","25% Advertising, 15% Branding, 10% CRM Consulting and SI, 10% Content Marketing, 10% Graphic Design"
Top Notch Dezigns®,https://clutch.co/profile/top-notch-dezigns,5.0,16,,"$10,000+",$150 - $199 / hr,10 - 49,"New York, NY","50% Web Design, 10% E-Commerce Development, 10% Pay Per Click, 10% Search Engine Optimization, 10% UX/UI Design"
Beacon Digital Marketing,https://clutch.co/profile/beacon-digital-marketing,5.0,4,,"$5,000+",$150 - $199 / hr,10 - 49,"Beacon, NY","10% Advertising, 10% Content Marketing, 10% Conversion Optimization, 10% Digital Strategy, 10% Social Media Marketing"
Ryzeo,https://clutch.co/profile/ryzeo,4.8,9,,"$10,000+",,2 - 9,"San Francisco, CA","90% Email Marketing, 10% CRM Consulting and SI, Ryzeo is a specialized email marketing company that provides automated and customizable email solutions to enhance customer engagement and sales conversions. Reviews highlight their exceptional customer service, with 80% of clients praising their personalized support and responsiveness. The company is noted for its effective integration and high ROI, with clients reporting significant improvements in sales and customer retention., Ryzeo consistently receives high praise for delivering quality work in email marketing services. Clients commend their advanced, customizable systems and the personal attention provided by knowledgeable representatives. One client highlighted a custom product review email that significantly boosted their online reputation, while another noted a 27% click rate and 12% conversion from automated emails. Overall, feedback indicates a strong ROI and a commitment to client satisfaction, affirming Ryzeo's reputation for high-quality service., The email automation has produced at the highest 27% click rate and a 12% conversion."
Today's Business,https://clutch.co/profile/todays-business,4.9,9,,"$5,000+",$200 - $300 / hr,10 - 49,,"20% Affiliate Marketing, 20% Pay Per Click, 20% Search Engine Optimization, 20% Social Media Marketing, 20% Web Development"
Esper Inbound,https://clutch.co/profile/esper-inbound,5.0,7,,"$5,000+",$50 - $99 / hr,2 - 9,"Irvine, CA","45% Pay Per Click, 45% Social Media Marketing, 10% Conversion Optimization, Esper Inbound is a comprehensive digital marketing agency specializing in creating and managing PPC, SEO, and social media campaigns. Their clients commend their adaptability, strategic insights, and effective project management. Approximately 80% of reviewers highlight their strong communication and dedication, while around 70% praise their expertise in optimizing campaigns to enhance ROI. Overall, clients report significant improvements in cost efficiency and lead generation."
Five Seasons Media,https://clutch.co/profile/five-seasons-media,5.0,7,,"$1,000+",$200 - $300 / hr,2 - 9,,"45% Social Media Marketing, 35% Video Production, 20% Advertising, Five Seasons Media is a dynamic social media marketing and content creation firm, specializing in enhancing engagement and crafting impactful multimedia content. With a remarkable approval rate, nearly all reviewers highlight their expertise in social media strategies, video production, and client communication. The company is praised for its professionalism, creativity, and ability to deliver timely, quality content, with 98% of feedback being positive and emphasizing effective communication and understanding of client needs., Five Seasons Media has received positive feedback regarding their accommodating nature. Clients highlighted their ability to meet urgent requests, such as delivering a video ahead of schedule when needed. They consistently maintain open lines of communication, promptly addressing client needs and suggestions. One client noted, 'They listen to our needs' and '98% of the time, they’re perfect as is without any edits,' emphasizing their responsiveness and flexibility, which contribute to a seamless partnership."
1SEO Digital Agency,https://clutch.co/profile/1seo-digital-agency,4.3,17,,,$100 - $149 / hr,50 - 249,"Bristol, PA","20% Pay Per Click, 20% Search Engine Optimization, 20% Social Media Marketing, 20% Web Design, 10% Conversion Optimization"
The Missing Ingredient,https://clutch.co/profile/missing-ingredient,5.0,4,,"$5,000+",$100 - $149 / hr,10 - 49,"West Hollywood, CA","25% Digital Strategy, 20% Email Marketing, 20% Media Planning & Buying, 20% Other Digital Marketing, 15% Social Media Marketing"
Zen Anchor Digital,https://clutch.co/profile/zen-anchor-digital,5.0,4,,"$1,000+",$150 - $199 / hr,2 - 9,"Chicago, IL","40% Search Engine Optimization, 30% Pay Per Click, 20% Social Media Marketing, 10% Email Marketing, Zen Anchor Digital is a proficient digital marketing agency known for its expertise in SEO, digital advertising, and content creation. Across its reviews, clients consistently highlight the firm’s timely delivery, effective communication, and the tangible improvement in SEO and engagement metrics. Approximately 100% of clients mention Zen Anchor Digital's ability to adapt to their needs and deliver results without upselling, making them highly recommended for cost-effective solutions."
MultiView,https://clutch.co/profile/multiview,4.0,3,,,,250 - 999,"Irving, TX","50% Other Digital Marketing, 30% Digital Strategy, 10% Content Marketing, 10% Social Media Marketing, MultiView is a digital marketing and advertising agency specializing in services such as digital advertising, media placement, and campaign management, particularly for niche markets. Overall, feedback highlights their expertise in digital offerings and adaptability; however, some clients noted challenges with communication and initial project setup. Approximately 70% of reviews emphasize their strong industry knowledge and ability to meet tight deadlines, though there is room for improvement in creative input and clarity."
Big Buzz,https://clutch.co/profile/big-buzz,5.0,2,,"$50,000+",$200 - $300 / hr,2 - 9,"Denver, CO","20% Content Marketing, 15% Branding, 15% Email Marketing, 15% Graphic Design, 15% Marketing Strategy"
Gvate,https://clutch.co/profile/gvate,5.0,8,,"$1,000+",$50 - $99 / hr,2 - 9,"New York, NY","25% Conversion Optimization, 25% Pay Per Click, 25% Search Engine Optimization, 15% Content Marketing, 10% Public Relations"
Sensters,https://clutch.co/profile/sensters,5.0,33,,"$1,000+",$25 - $49 / hr,10 - 49,"San Francisco, CA","30% Graphic Design, 20% Advertising, 15% Digital Strategy, 15% Mobile & App Marketing, 10% Pay Per Click"
Email Broadcast,https://clutch.co/profile/email-broadcast,4.8,7,,"$1,000+",$100 - $149 / hr,10 - 49,"Seattle, WA","80% Email Marketing, 10% CRM Consulting and SI, 10% Ecommerce Marketing, Email Broadcast is an email marketing company specializing in lead generation, email campaigns, and marketing audits. The company has received overwhelmingly positive feedback, with clients praising their responsiveness, project management, and ability to understand and align with client business needs. Approximately 100% of reviewers noted their professionalism and effective communication. A consistent theme across reviews is their capacity to deliver results, such as increased sales and engagement, and to provide actionable insights for improving marketing strategies."
Silver Ant Marketing,https://clutch.co/profile/silver-ant-marketing,5.0,10,,"$1,000+",< $25 / hr,250 - 999,"Richardson, TX","25% Pay Per Click, 25% Search Engine Optimization, 15% Content Marketing, 15% Social Media Marketing, 5% Digital Strategy"
Boostability,https://clutch.co/profile/boostability,4.7,52,https://digital.boostability.com/clutch-digital-marketing/,"$1,000+",$50 - $99 / hr,50 - 249,,"75% Search Engine Optimization, 10% Content Marketing, 10% Web Design, 5% Conversion Optimization, Boostability is an SEO agency that specializes in enhancing online visibility and search engine rankings for various businesses. According to customer feedback, approximately 85% of reviews are positive, highlighting their commitment to meeting expectations, professional project management, and effective communication. However, about 15% of reviewers noted areas for improvement, particularly in transparency and backlink quality. Overall, Boostability is recognized for its results-driven approach and flexibility in accommodating client needs."
Semgeeks,https://clutch.co/profile/semgeeks,4.9,17,,,,10 - 49,,"20% Pay Per Click, 20% Search Engine Optimization, 10% AR/VR Development, 10% Branding, 10% Content Marketing"
Human,https://clutch.co/profile/human-1,5.0,11,,"$5,000+",$150 - $199 / hr,10 - 49,"Irvine, CA","25% Digital Strategy, 15% Branding, 15% Content Marketing, 15% Email Marketing, 15% Pay Per Click"
On The Map Marketing,https://clutch.co/profile/map-marketing,4.0,13,,"$1,000+",$100 - $149 / hr,10 - 49,"Miami, FL","50% Search Engine Optimization, 40% Web Design, 10% Pay Per Click, On The Map Marketing is a digital marketing agency specializing in SEO, web development, and programming services. Feedback from reviews is mixed; approximately 50% praise their professionalism, project management, and customer service, while the other 50% highlight issues such as unmet deliverables and poor communication. Reviewers frequently mention the importance of effective communication, with some noting exceptional customer service and prompt responses, while others criticize a lack of attention and responsiveness."
South Street & Co.,https://clutch.co/profile/south-street-co,5.0,4,,"$1,000+",$150 - $199 / hr,2 - 9,"Orlando, FL","25% Search Engine Optimization, 15% Business Consulting, 15% Digital Strategy, 15% Email Marketing, 15% Social Media Marketing"
Slam Media Lab,https://clutch.co/profile/slam-media-lab,5.0,33,,"$5,000+",$100 - $149 / hr,10 - 49,"Walnut Creek, CA","40% Web Development, 30% Web Design, 20% Search Engine Optimization, 10% Low/No Code Development, Slam Media Lab is a versatile digital agency specializing in web development, branding, and SEO services. The company consistently receives positive feedback, with approximately 95% of reviewers highlighting their professionalism, emotional intelligence, and ability to create tailored, impactful digital solutions. Clients frequently commend their project management skills and proactive communication, noting that Slam Media Lab is both accommodating and insightful."
51Blocks,https://clutch.co/profile/51blocks,5.0,2,,"$1,000+",$50 - $99 / hr,10 - 49,"Denver, CO","40% Search Engine Optimization, 30% Pay Per Click, 20% Digital Strategy, 10% Content Marketing, 51Blocks is an SEO and web development company known for enhancing online presence and optimizing website performance. Across their reviews, 100% of clients praised their ability to improve visibility and site functionality, while 75% highlighted their customized approach and responsive service. Clients commended 51Blocks for their speed, accuracy, and project management skills, leading to significant traffic and lead conversion improvements."
Nifty Marketing,https://clutch.co/profile/nifty-marketing,5.0,,,"$1,000+",$100 - $149 / hr,10 - 49,,"30% Search Engine Optimization, 20% Pay Per Click, 20% Web Design, 15% Marketing Strategy, 15% Social Media Marketing"
The Shelf,https://clutch.co/profile/shelf,5.0,2,,"$100,000+",$150 - $199 / hr,50 - 249,"Atlanta, GA","50% Social Media Marketing, 20% Performance Marketing, 15% Branding, 15% Marketing Strategy, The Shelf is an influencer marketing agency recognized for its strategic and organized approach to managing campaigns, particularly for consumer packaged goods brands. Across their reviews, clients commend their exceptional customer service, effective communication, and creative campaign execution. Approximately 100% of reviewers highlight their user-friendly dashboard, which enhances collaboration and campaign management, leading to impressive engagement rates and streamlined workflows."
Marketri,https://clutch.co/profile/marketri,5.0,11,,"$50,000+",$150 - $199 / hr,10 - 49,"Philadelphia, PA","20% Fractional CMO Services, 15% Marketing Strategy, 10% AI Consulting, 10% Content Marketing, 10% Digital Strategy"
Sixth Media,https://clutch.co/profile/sixth-media,5.0,15,,"$1,000+",$100 - $149 / hr,10 - 49,,"25% Fractional CMO Services, 25% Pay Per Click, 25% Search Engine Optimization, 15% Web Development, 10% AI Consulting"
Liqui-Site,https://clutch.co/profile/liqui-site,4.9,11,,"$1,000+",,10 - 49,,"30% Web Development, 25% Search Engine Optimization, 20% Pay Per Click, 15% Web Design, 10% Email Marketing"
KazaamSEO,https://clutch.co/profile/kazaamseo,5.0,48,,"$1,000+",$50 - $99 / hr,10 - 49,,"50% Search Engine Optimization, 35% Pay Per Click, 10% Marketing Strategy, 5% Other Digital Marketing, KazaamSEO is an SEO agency specializing in online marketing management, SEO improvement, and Google Ads consulting. Based on reviews, 100% of clients experienced significant improvements in metrics such as website traffic, bounce rates, and ROI. Clients commend KazaamSEO for their skilled project management, transparency, and ability to deliver personalized, effective solutions, with suggestions for expanding their range of services."
Falcon Digital Marketing,https://clutch.co/profile/falcon-digital-marketing,5.0,2,,"$5,000+",,2 - 9,"Houston, TX","80% Pay Per Click, 10% Social Media Marketing, 5% Conversion Optimization, 5% Search Engine Optimization, Falcon Digital Marketing is a digital marketing agency specializing in SEO, PPC, and social advertising. The company is highly regarded for its commitment to understanding clients' business models and delivering significant improvements in organic search positions and campaign efficiency. Notably, 100% of reviewers praised their communication and expertise, with no areas for improvement identified."
180Fusion,https://clutch.co/profile/180fusion-0,4.3,18,,"$1,000+",$100 - $149 / hr,50 - 249,"Los Angeles, CA","70% Search Engine Optimization, 30% Pay Per Click, 180Fusion is a digital marketing agency specializing in SEO and PPC services. Reviews indicate a mixed reception, with approximately 70% highlighting positive experiences, particularly praising their responsiveness, expertise, and ability to drive significant business improvements, such as a 250% increase in site traffic. Conversely, around 30% of reviews report dissatisfaction due to unmet expectations and communication issues, especially in SEO results., Clients generally perceive 180Fusion as offering good value for money, with many praising their ROI on marketing investments. One client noted a 700-800% return on ad spend, while another highlighted a 15-20% revenue increase from their strategies. However, some reviews expressed dissatisfaction with the pricing relative to results, citing unfulfilled expectations despite significant financial commitments. Overall, the sentiment is mixed, with positive feedback on service quality but concerns about effectiveness in specific cases."
LSM,https://clutch.co/profile/lsm-0,4.9,5,,,$100 - $149 / hr,10 - 49,,"20% Pay Per Click, 20% Search Engine Optimization, 15% Content Marketing, 15% Digital Strategy, 15% Social Media Marketing"
Quantious,https://clutch.co/profile/quantious,5.0,3,,"$10,000+",$150 - $199 / hr,10 - 49,"Nyack, NY","20% Product Marketing, 15% AI Development, 15% Content Marketing, 15% Graphic Design, 15% Marketing Strategy"
Dynamic Search,https://clutch.co/profile/dynamic-search,5.0,,,"$1,000+",$150 - $199 / hr,10 - 49,,"70% Pay Per Click, 20% Search Engine Optimization, 10% Web Design, Dynamic Search is a specialized PPC management company that excels in providing strategic analysis and management of pay-per-click campaigns. Reviews highlight their ability to optimize budgets effectively, leading to substantial cost savings and improved conversion rates. With 100% of the feedback emphasizing their honesty, transparency, and timely delivery, they are highly recommended for their professionalism and alignment with client values."
"Creative Web Designs, LLC",https://clutch.co/profile/creative-web-designs-0,5.0,6,,"$5,000+",$100 - $149 / hr,2 - 9,"San Antonio, TX","40% Web Design, 10% Advertising, 10% Content Marketing, 10% Pay Per Click, 10% Search Engine Optimization"
Seota Digital Marketing,https://clutch.co/profile/seota-digital-marketing,5.0,25,,"$10,000+",$100 - $149 / hr,10 - 49,"Frisco, TX","25% E-Commerce Development, 25% Search Engine Optimization, 25% Web Development, 15% Web Design, 10% Low/No Code Development"
Libre Design & Digital,https://clutch.co/profile/libre-design-digital,4.9,5,,"$10,000+",$150 - $199 / hr,10 - 49,"Encinitas, CA","15% Branding, 15% Digital Strategy, 15% Pay Per Click, 15% Search Engine Optimization, 15% Web Design"
Hexxen,https://clutch.co/profile/hexxen,5.0,4,,"$10,000+",$150 - $199 / hr,10 - 49,,"20% Search Engine Optimization, 20% Web Design, 15% Digital Engineering, 10% AR/VR Development, 10% Marketing Strategy"
Hughes Media,https://clutch.co/profile/hughes-media,4.9,6,,"$5,000+",$100 - $149 / hr,10 - 49,"Atlanta, GA","20% Search Engine Optimization, 20% Web Design, 15% Branding, 15% Pay Per Click, 15% Social Media Marketing"
Rocketship,https://clutch.co/profile/rocketship,5.0,3,,"$1,000+",$50 - $99 / hr,2 - 9,"Everett, WA","20% Content Marketing, 20% Digital Strategy, 20% Search Engine Optimization, 20% Social Media Marketing, 20% Web Design"
hipeDIGITAL,https://clutch.co/profile/hipedigital,5.0,,,"$1,000+",,10 - 49,"Miami Beach, FL","40% Search Engine Optimization, 30% Social Media Marketing, 20% Other Digital Marketing, 10% Pay Per Click, hipeDIGITAL is a digital marketing agency specializing in SEO, social media management, and Google Ads campaigns. With 100% positive reviews, clients highlight their impressive commitment to excellence and effective communication. They are recognized for ranking businesses organically and significantly boosting client sales and customer engagement."
adQuadrant,https://clutch.co/profile/adquadrant-0,4.8,3,,"$5,000+",,10 - 49,"Costa Mesa, CA","25% Media Planning & Buying, 20% Video Production, 15% Social Media Marketing, 10% Advertising, 10% Email Marketing"
RTL Digital Media,https://clutch.co/profile/rtl-digital-media,5.0,,,"$5,000+",$150 - $199 / hr,2 - 9,"Kennesaw, GA","35% Pay Per Click, 20% Search Engine Optimization, 20% Web Design, 10% Advertising, 10% Marketing Strategy"
Diaz & Cooper | Level350,https://clutch.co/profile/diaz-cooper-level350,4.9,4,,"$10,000+",$150 - $199 / hr,10 - 49,"Palmetto Bay, FL","35% CRM Consulting and SI, 20% Marketing Strategy, 15% Content Marketing, 15% Email Marketing, 15% Web Design"
iLawyerMarketing,https://clutch.co/profile/ilawyermarketing,4.7,8,https://www.ilawyermarketing.com/,"$1,000+",,50 - 249,"San Diego, CA","60% Search Engine Optimization, 15% Advertising, 10% Pay Per Click, 10% Web Design, 5% Video Production"
Kaleidico,https://clutch.co/profile/kaleidico,5.0,4,,"$5,000+",$150 - $199 / hr,10 - 49,,"20% Web Design, 15% Digital Strategy, 15% Web Development, 10% Content Marketing, 10% Conversion Optimization"
FSC Interactive,https://clutch.co/profile/fsc-interactive,4.9,7,,"$1,000+",$100 - $149 / hr,10 - 49,,"30% Pay Per Click, 20% Digital Strategy, 15% Search Engine Optimization, 15% Social Media Marketing, 10% Content Marketing"
icuc.social,https://clutch.co/profile/icucsocial,5.0,,,"$10,000+",$150 - $199 / hr,250 - 999,"Los Angeles, CA","60% Social Media Marketing, 20% Branding, 20% Marketing Strategy, icuc.social is a customer care service company specializing in integrating digital customer care into customer journeys and delivering strategic insights. The reviews highlight their exceptional project management, with 100% of feedback reflecting positive experiences, emphasizing their smart, communicative team and alignment of company values, making them a dependable partner for seamless software integration and optimization., 29% of employees work in Los Angeles office"
DIDO Agency,https://clutch.co/profile/dido-agency,4.9,8,,"$1,000+",$100 - $149 / hr,10 - 49,"Brooklyn, NY","70% Email Marketing, 10% CRM Consulting and SI, 10% Ecommerce Marketing, 10% Marketing Strategy, DIDO Agency is a renowned email marketing firm praised for its exceptional ROI and innovative campaign strategies. With 100% positive feedback, clients appreciate their timely delivery, impressive project management, and tailored marketing solutions that significantly boost sales. The agency's commitment to professionalism and client collaboration consistently exceeds expectations."
Trighton Interactive,https://clutch.co/profile/trighton-interactive,5.0,2,,"$5,000+",$100 - $149 / hr,2 - 9,"Ocoee, FL","20% Content Marketing, 20% Pay Per Click, 20% Search Engine Optimization, 20% Social Media Marketing, 20% Web Design"
Marketing Empire Group,https://clutch.co/profile/marketing-empire-group,5.0,4,,"$1,000+",$150 - $199 / hr,10 - 49,"Temecula, CA","20% Social Media Marketing, 15% Advertising, 15% Marketing Strategy, 15% Pay Per Click, 15% Search Engine Optimization"
Quikr AI,https://clutch.co/profile/quikr-ai,5.0,9,,"$1,000+",$25 - $49 / hr,50 - 249,"Dublin, OH","25% Search Engine Optimization, 25% Web Development, 20% AI Development, 20% Pay Per Click, 10% Custom Software Development"
Yellow Box,https://clutch.co/profile/yellow-box,5.0,9,https://www.yellowbox.agency/,"$5,000+",$150 - $199 / hr,10 - 49,"Chicago, IL","20% Digital Strategy, 10% Content Marketing, 10% Conversion Optimization, 10% Email Marketing, 10% Pay Per Click"
HyperDrive,https://clutch.co/profile/hyperdrive-0,4.7,12,,"$5,000+",$150 - $199 / hr,10 - 49,"Loveland, OH","25% Email Marketing, 18% Search Engine Optimization, 17% Digital Strategy, 10% Conversion Optimization, 10% Pay Per Click"
Big Day the Agency,https://clutch.co/profile/big-day-agency,5.0,9,,"$25,000+",$150 - $199 / hr,10 - 49,"San Diego, CA","30% Advertising, 25% Branding, 10% Email Marketing, 10% Social Media Marketing, 10% Video Production"
Cave Social,https://clutch.co/profile/cave-social,5.0,7,,"$5,000+",$150 - $199 / hr,2 - 9,"Los Angeles, CA","100% Social Media Marketing, Cave Social is a social media marketing and content creation agency recognized for its strategic brand development and engagement enhancement services. The company consistently receives positive feedback, with approximately 100% of clients praising their responsiveness and creativity. Clients appreciate their proactive project management, ability to align with business goals, and the impressive growth metrics achieved, such as a 20% increase in conversion rates and a 1000% rise in engagement."
Mabbly,https://clutch.co/profile/mabbly,4.9,27,,"$25,000+",$150 - $199 / hr,10 - 49,"Chicago, IL","20% Web Design, 15% Branding, 15% Pay Per Click, 15% Web Development, 10% Digital Strategy"
Thrive Design,https://clutch.co/profile/thrive-design,5.0,28,,"$10,000+",$100 - $149 / hr,2 - 9,"Seattle, WA","70% Web Design, 20% Search Engine Optimization, 10% Branding, Thrive Design is a web design and development company known for creating custom WordPress sites and offering ongoing maintenance and SEO services. Reviewers consistently mention their strong project management skills, timely delivery, and effective communication, with 100% of feedback highlighting their responsiveness and professionalism. Thrive Design's expertise in web development and adaptability to various industries have led to high client satisfaction and exceeded expectations across all reviews."
Source Group LLC,https://clutch.co/profile/source-group-0,4.8,4,,"$1,000+",$50 - $99 / hr,10 - 49,,"40% Search Engine Optimization, 40% Social Media Marketing, 10% Email Marketing, 10% Pay Per Click, Source Group LLC is a digital marketing and advertising agency known for its expertise in email campaigns, digital advertising, and web development. Their clients consistently commend their project management, responsiveness, and strategic insights, with 75% of reviews highlighting their adaptability to changing circumstances. While reports could be more detailed, 90% of the feedback is positive, praising their impact on lead generation and digital presence."
Compose[d],https://clutch.co/profile/composed,5.0,4,,"$25,000+",$200 - $300 / hr,10 - 49,"New York, NY","30% Other Digital Marketing, 20% Advertising, 15% E-Commerce Development, 15% Email Marketing, 10% Web Design"
Opel Solutions Inc,https://clutch.co/profile/opel-solutions,5.0,10,,"$1,000+",$25 - $49 / hr,10 - 49,"San Diego, CA","15% Search Engine Optimization, 10% Advertising, 10% Social Media Marketing, 10% UX/UI Design, 10% Web Development"
Avex Designs,https://clutch.co/profile/avex-designs,5.0,12,,"$25,000+",$100 - $149 / hr,10 - 49,"New York, NY","60% E-Commerce Development, 40% Email Marketing, Avex Designs is a versatile digital agency specializing in web design and development, eCommerce integration, and digital marketing. With over 90% of their clients expressing high satisfaction, the company is praised for its hands-on approach, responsiveness, and ability to deliver customized solutions aligned with client aesthetics and brand needs. Clients frequently commend the professionalism and strategic insights provided by Avex Designs, resulting in increased traffic and award-winning designs."
PNC Logos,https://clutch.co/profile/pnc-logos,4.9,18,,"$1,000+",$50 - $99 / hr,50 - 249,"Orlando, FL","16% Logo, 12% E-Commerce Development, 12% Pay Per Click, 12% Print Design, 12% Search Engine Optimization"
Wide Wind,https://clutch.co/profile/wide-wind,5.0,2,,"$1,000+",$100 - $149 / hr,2 - 9,"Seattle, WA","10% Branding, 10% Digital Strategy, 10% Ecommerce Marketing, 10% Email Marketing, 10% Marketing Strategy"
Full Spectrum Marketing,https://clutch.co/profile/full-spectrum-marketing,5.0,2,https://www.fsm.agency/,"$5,000+",$100 - $149 / hr,10 - 49,"Akron, OH","20% Marketing Strategy, 20% Pay Per Click, 10% Branding, 10% Search Engine Optimization, 10% Social Media Marketing"
Tower33,https://clutch.co/profile/tower33,4.9,7,,"$5,000+",,2 - 9,"Carlsbad, CA","100% Pay Per Click, Tower33 is a digital marketing agency specializing in SEO, PPC, and social media marketing. The company has received overwhelmingly positive feedback, with clients praising their performance improvements, clear communication, and proactive approach. Notable outcomes include a 60% increase in revenue from organic search and a 200% sales increase from website redesigns. Clients commend Tower33 for their expertise and dedication, with over 90% of reviewers expressing satisfaction with their services., Clients consistently commend Tower33 Digital for delivering excellent value for money, often citing significant improvements in key performance metrics relative to costs. One client noted a reduction in cost-per-acquisition alongside a dramatic increase in conversion rates, while another reported a 60% increase in leads and a 37% boost in revenue. Overall, feedback reflects satisfaction with the balance of cost and achieved results, underscoring Tower33's commitment to effective project management and client communication."
Egochi Digital Marketing Agency,https://clutch.co/profile/egochi-digital-marketing-agency,5.0,4,,"$1,000+",$150 - $199 / hr,50 - 249,"New York, NY","55% Search Engine Optimization, 25% Web Design, 20% Social Media Marketing, Egochi Digital Marketing Agency specializes in SEO and digital marketing services, including on-page and off-page SEO, branding, and PR. The company is highly praised for its effective communication and responsive project management, as noted by 100% of reviewers. Approximately 90% of feedback highlights their impactful results in improving website rankings, organic traffic, and brand recognition."
Intensify,https://clutch.co/profile/intensify,4.9,11,,"$5,000+",$100 - $149 / hr,2 - 9,"West Hollywood, CA","20% Digital Strategy, 20% Search Engine Optimization, 20% Social Media Marketing, 15% Ecommerce Marketing, 15% Pay Per Click"
Interactive Strategies,https://clutch.co/profile/interactive-strategies,4.9,22,,"$100,000+",$150 - $199 / hr,50 - 249,,"25% Web Design, 25% Web Development, 20% Digital Strategy, 10% Branding, 10% Other Digital Marketing"
Gerard Agency,https://clutch.co/profile/gerard-agency,5.0,11,,"$1,000+",$150 - $199 / hr,10 - 49,"Warrenville, IL","25% Branding, 15% Email Marketing, 15% Graphic Design, 15% Web Design, 10% Content Marketing"
zö agency,https://clutch.co/profile/z-agency,4.9,22,,"$1,000+",,10 - 49,,"10% Advertising, 10% Branding, 10% Content Marketing, 10% Digital Strategy, 10% Logo"
Oozle Media,https://clutch.co/profile/oozle-media,4.8,18,,"$1,000+",$100 - $149 / hr,10 - 49,,"40% Web Design, 30% Pay Per Click, 10% Digital Strategy, 10% Search Engine Optimization, 10% Social Media Marketing"
Ulistic LP,https://clutch.co/profile/ulistic-lp,4.8,2,,"$1,000+",$150 - $199 / hr,10 - 49,"Sebring, FL","30% Search Engine Optimization, 25% Web Development, 20% Web Design, 10% Email Marketing, 10% Marketing Strategy"
Vonnda,https://clutch.co/profile/vonnda,5.0,16,,"$5,000+",$150 - $199 / hr,10 - 49,"Sausalito, CA","30% E-Commerce Development, 20% Web Design, 20% Web Development, 15% Pay Per Click, 15% Search Engine Optimization"
OptFirst Internet Marketing,https://clutch.co/profile/optfirst-internet-marketing,4.9,16,,"$1,000+",$100 - $149 / hr,10 - 49,"North Miami, FL","55% Search Engine Optimization, 20% Pay Per Click, 10% Conversion Optimization, 5% Social Media Marketing, 5% Web Design"
PROPER,https://clutch.co/profile/proper,5.0,,,"$1,000+",$100 - $149 / hr,10 - 49,"Miami, FL","20% Pay Per Click, 20% Search Engine Optimization, 5% Advertising, 5% Branding, 5% Content Marketing"
Soda Spoon Marketing Agency,https://clutch.co/profile/soda-spoon-marketing-agency,5.0,,,"$1,000+",$150 - $199 / hr,10 - 49,,"10% Branding, 10% Contract Manufacturing, 10% E-Commerce Development, 10% Ecommerce Marketing, 10% Fulfillment"
Integrated Digital Strategies,https://clutch.co/profile/integrated-digital-strategies,5.0,,,"$10,000+",$150 - $199 / hr,50 - 249,"Amesbury, MA","35% Search Engine Optimization, 25% Pay Per Click, 20% Content Marketing, 10% Digital Strategy, 10% Social Media Marketing"
Roarads,https://clutch.co/profile/roarads,5.0,5,,"$1,000+",$25 - $49 / hr,10 - 49,"New York, NY","20% Search Engine Optimization, 10% Advertising, 10% Pay Per Click, 10% Social Media Marketing, 5% Branding"
The Ad Firm,https://clutch.co/profile/ad-firm,5.0,6,,"$1,000+",$100 - $149 / hr,10 - 49,"Irvine, CA","25% Pay Per Click, 25% Search Engine Optimization, 15% Conversion Optimization, 15% Digital Strategy, 15% Web Design"
Isovera,https://clutch.co/profile/isovera,4.7,11,,"$10,000+",$150 - $199 / hr,10 - 49,"North Andover, MA","20% Content Marketing, 20% Marketing Strategy, 20% Search Engine Optimization, 20% UX/UI Design, 10% AR/VR Development"
Basso Marketing Agency,https://clutch.co/profile/basso-marketing-agency,5.0,,,"$10,000+",$100 - $149 / hr,10 - 49,,"20% Web Design, 10% Branding, 10% Content Marketing, 10% Digital Strategy, 10% Email Marketing"
W3 Affinity,https://clutch.co/profile/w3-affinity,4.8,32,http://www.w3affinity.com/,"$1,000+",$100 - $149 / hr,10 - 49,,"100% Search Engine Optimization, W3 Affinity is a digital marketing agency specializing in SEO, website development, and online advertising. Across various reviews, clients consistently praise their effective project management, responsiveness, and alignment with client goals. Notably, over 80% of clients highlight improvements in web traffic, SEO rankings, and lead generation. A recurring theme is their transparent, factual approach and dedication to client success, with no significant areas for improvement frequently mentioned."
KWSM: a digital marketing agency,https://clutch.co/profile/kwsm-digital-marketing-agency-0,5.0,2,,"$10,000+",$100 - $149 / hr,10 - 49,"Aliso Viejo, CA","20% Digital Strategy, 14% Content Marketing, 10% Marketing Strategy, 10% Web Design, 8% Search Engine Optimization"
MaxAudience,https://clutch.co/profile/maxaudience,5.0,12,,"$5,000+",$100 - $149 / hr,10 - 49,"Carlsbad, CA","45% Web Design, 30% Social Media Marketing, 15% Pay Per Click, 10% Low/No Code Development, MaxAudience is a digital marketing agency specializing in website design, e-commerce development, social media management, and search engine optimization. The reviews overwhelmingly highlight their excellent communication and project management skills, with approximately 95% of reviewers impressed by their proactive approach and dedication to understanding client needs. Clients appreciate their cost-effective solutions and ability to produce measurable results quickly, with no significant areas for improvement noted."
TB Media Group,https://clutch.co/profile/tb-media-group,5.0,5,,"$5,000+",,2 - 9,"El Portal, FL","50% Video Production, 30% Content Marketing, 15% Social Media Marketing, 5% Corporate Photography, TB Media Group is a dynamic media agency specializing in social media management, storytelling, video production, and strategic marketing solutions. The firm consistently receives commendable feedback for its seamless project execution, with approximately 100% of clients highlighting their responsiveness and professionalism. Clients particularly value their storytelling expertise and strategic insight, with one client noting a 500% increase in social media engagement."
"CleverBoss | Paid Media, Buttoned Up™️",https://clutch.co/profile/cleverboss-paid-media-buttoned,5.0,4,,"$5,000+",$100 - $149 / hr,2 - 9,"Melbourne, FL","65% Pay Per Click, 15% Social Media Marketing, 10% Media Planning & Buying, 10% Search Engine Optimization, CleverBoss | Paid Media, Buttoned Up™️ is a digital marketing firm specializing in paid media and SEO services. The reviews reflect a 100% positive sentiment, highlighting their effective communication, swift project management, and alignment with client objectives. Approximately 75% of reviewers commend their ability to optimize ad performance and increase traffic and conversions. They are consistently praised for their responsiveness and expertise in Google and Meta advertising platforms."
Level Up Digital,https://clutch.co/profile/level-digital,5.0,12,,"$5,000+",$100 - $149 / hr,2 - 9,"Encinitas, CA","50% Pay Per Click, 20% Graphic Design, 20% Social Media Marketing, 10% Conversion Optimization, Level Up Digital is a versatile digital marketing agency specializing in optimizing paid search and social media advertising strategies. Across their reviews, clients consistently praise the agency's effective project management, strategic expertise, and ability to deliver measurable results, such as increased conversions and cost-effective customer acquisition. Impressively, 100% of reviewers highlight their responsive communication and adaptability to client needs, with no significant areas for improvement noted."
TheeDigital,https://clutch.co/profile/theedigital,4.9,19,,"$50,000+",$100 - $149 / hr,10 - 49,"Raleigh, NC","30% Web Design, 30% Web Development, 15% Pay Per Click, 15% Search Engine Optimization, 10% Digital Strategy"
SpredX,https://clutch.co/profile/spredx,5.0,2,,"$1,000+",$150 - $199 / hr,2 - 9,"Sarasota, FL","20% Pay Per Click, 20% Search Engine Optimization, 20% Social Media Marketing, 20% Web Design, 20% Web Development"
Progressive Digital,https://clutch.co/profile/progressive-digital,5.0,12,,"$1,000+",$50 - $99 / hr,10 - 49,,"30% Pay Per Click, 30% Search Engine Optimization, 25% Social Media Marketing, 5% Blockchain Marketing, 5% Ecommerce Marketing"
Bright Vessel,https://clutch.co/profile/bright-vessel,5.0,6,,"$1,000+",$50 - $99 / hr,10 - 49,"Jupiter, FL","15% E-Commerce Development, 15% Pay Per Click, 15% Search Engine Optimization, 15% Web Development, 10% Branding"
K2 Analytics INC,https://clutch.co/profile/k2-analytics,5.0,,,"$5,000+",$100 - $149 / hr,10 - 49,,"10% Branding, 10% Content Marketing, 10% Digital Strategy, 10% Email Marketing, 10% Marketing Strategy"
CCG / Marketing Agency,https://clutch.co/profile/ccg-marketing-agency,4.8,3,,"$5,000+",$100 - $149 / hr,10 - 49,"Culver City, CA","50% Social Media Marketing, 25% Content Marketing, 15% Web Design, 10% Branding, CCG / Marketing Agency is a versatile design and branding agency known for its adept handling of e-commerce platform design, branding strategy, and logo creation. With 100% positive feedback highlighting their quality service and strategic partnership approach, approximately 67% of reviewers noted their ability to critically address digital marketing challenges. Clients commend CCG’s commitment to understanding business goals while providing exceptional design solutions."
Outrank Apps,https://clutch.co/profile/outrank-apps,5.0,6,,"$1,000+",$100 - $149 / hr,2 - 9,"Boca Raton, FL","100% Mobile & App Marketing, Outrank Apps is a specialized app store optimization (ASO) and digital marketing company renowned for its expertise and data-driven strategies in enhancing app visibility and user engagement. Feedback from reviews indicates a consistently high satisfaction rate, with 100% of reviewers expressing satisfaction with their services, emphasizing their exceptional communication and customer support. Additionally, many clients highlight the company's proactive and personalized approach to achieving impressive results., Clients consistently express satisfaction with Outrank Apps' pricing and the value they receive. Feedback highlights the company's ability to deliver significant results, such as a 2500% increase in daily active users and improved app rankings, while remaining budget-friendly. One client noted that Outrank Apps fit their budget perfectly while providing high-quality expertise. Overall, the sentiment reflects a strong belief that the services offered are well worth the investment."
nowfluence,https://clutch.co/profile/nowfluence,4.9,8,,,,2 - 9,"Los Angeles, CA","60% Social Media Marketing, 40% Mobile & App Marketing, Nowfluence is a digital marketing agency specializing in social media marketing, content creation, and influencer marketing. They have consistently received positive feedback, with 100% of reviewers noting their professionalism, responsiveness, and effective communication. Clients appreciate their tailored approach to project management and their ability to deliver measurable outcomes, such as increased social media engagement and lead generation."
Big Bang Marketing,https://clutch.co/profile/big-bang-marketing,5.0,3,,"$5,000+",$200 - $300 / hr,10 - 49,"Los Angeles, CA","30% Search Engine Optimization, 20% Conversion Optimization, 20% Pay Per Click, 20% Social Media Marketing, 10% Web Design"
Sooner Marketing,https://clutch.co/profile/sooner-marketing,5.0,4,,"$1,000+",$150 - $199 / hr,10 - 49,,"20% Social Media Marketing, 20% Web Design, 15% Search Engine Optimization, 15% Video Production, 5% Content Marketing"
Midnight Brunch,https://clutch.co/profile/midnight-brunch,5.0,2,,"$10,000+",$200 - $300 / hr,10 - 49,"Waltham, MA","10% Branding, 10% Broadcast Video, 10% Content Marketing, 10% Digital Strategy, 10% Email Marketing"
Brand Perfect Digital,https://clutch.co/profile/brand-perfect-digital,4.7,5,,"$10,000+",$100 - $149 / hr,10 - 49,"Los Angeles, CA","50% Pay Per Click, 20% Social Media Marketing, 15% Conversion Optimization, 15% Digital Strategy, Brand Perfect Digital is a digital marketing agency specializing in paid media management, including Google Ads and Facebook PPC, aimed at enhancing lead generation and sales conversion. Across their reviews, 100% of clients commend their expertise and responsiveness, while around 60% highlight their flexibility and ability to exceed expectations. Some suggest improvements in reporting, yet overall satisfaction remains high."
Rainfactory,https://clutch.co/profile/rainfactory,4.9,4,,"$1,000+",$100 - $149 / hr,10 - 49,"Oakland, CA","27% Social Media Marketing, 13% Pay Per Click, 10% Advertising, 10% Branding, 10% E-Commerce Development"
Yakkety Yak Marketing,https://clutch.co/profile/yakkety-yak-marketing,4.8,13,,"$25,000+",$150 - $199 / hr,10 - 49,"Chicago, IL","25% Content Marketing, 15% Digital Strategy, 15% Video Production, 10% Branding, 10% Search Engine Optimization"
Schaefer,https://clutch.co/profile/schaefer,4.9,12,,"$25,000+",$100 - $149 / hr,10 - 49,,"50% Advertising, 50% Pay Per Click, Schaefer is a digital marketing and strategy consultancy known for its expertise in market research, lead generation, and digital advertising. Their offerings include SEO, CRM consultation, and marketing strategy development. Overall, 100% of reviews highlight their effective communication and project management skills. Additionally, 67% of clients emphasize their ability to exceed expectations and deliver valuable insights that significantly impact business outcomes., Schaefer has garnered positive feedback regarding their cost and value for money, with clients noting that their pricing fits within budgets while delivering significant results. One client highlighted that Schaefer's services provided 'good value for cost,' while another mentioned an impressive '300% increase in top-of-funnel leads,' demonstrating high ROI. Overall, clients appreciate the alignment of Schaefer's pricing with the quality of service, often describing their experiences as exceeding expectations."
Captivate Search Marketing,https://clutch.co/profile/captivate-search-marketing,5.0,2,,"$10,000+",$150 - $199 / hr,2 - 9,"Decatur, GA","25% Search Engine Optimization, 20% Pay Per Click, 20% Social Media Marketing, 20% Web Design, 10% Digital Strategy"
Firecracker PR,https://clutch.co/profile/firecracker-pr,4.7,23,,"$5,000+",$200 - $300 / hr,10 - 49,"Brea, CA","65% Public Relations, 25% Content Marketing, 10% Event Management, Firecracker PR is a public relations agency specializing in media placements, brand awareness, and thought leadership in various industries, including technology and healthcare. The reviews reflect a 100% satisfaction rate, with clients consistently praising their innovative strategies, timely delivery, and effective communication. Approximately 80% of reviewers commend Firecracker PR for their ability to generate unique opportunities for media exposure, demonstrating their adeptness in securing valuable coverage for clients."
Greenhouse Marketing,https://clutch.co/profile/greenhouse-marketing,5.0,15,,"$5,000+",,10 - 49,"Hallandale Beach, FL","80% Email Marketing, 20% Marketing Strategy, Greenhouse Marketing is a specialized agency focusing on email and SMS marketing strategies, known for significantly enhancing client revenues and customer engagement. Across their reviews, clients consistently praise their project management, strategic approach, and collaborative efforts, with 100% positive feedback on their professionalism and 85% mentioning substantial revenue growth. Clients describe Greenhouse Marketing as an extension of their team, providing expertise and personalized attention."
MG Media Creative,https://clutch.co/profile/mg-media-creative,5.0,6,,"$1,000+",$50 - $99 / hr,2 - 9,"Walnut Creek, CA","50% Social Media Marketing, 20% Video Production, 10% Content Marketing, 10% Digital Strategy, 10% Email Marketing"
Fujisan Marketing,https://clutch.co/profile/fujisan-marketing,5.0,3,,,,2 - 9,"Seattle, WA","30% Pay Per Click, 30% Search Engine Optimization, 15% Conversion Optimization, 15% Digital Strategy, 10% Content Marketing"
Gumas,https://clutch.co/profile/gumas,5.0,5,,"$5,000+",$100 - $149 / hr,10 - 49,"San Francisco, CA","25% Graphic Design, 20% Branding, 15% Advertising, 15% Marketing Strategy, 15% Social Media Marketing"
One Thing Marketing,https://clutch.co/profile/one-thing-marketing,5.0,4,,"$5,000+",$100 - $149 / hr,2 - 9,,"45% Search Engine Optimization, 35% Web Design, 20% Content Marketing, One Thing Marketing is a digital marketing agency specializing in SEO, website redesign, and content marketing. Their reviews highlight consistent satisfaction with their services, with 100% of clients reporting significant improvements in online visibility and ROI; one client noted a 1643% increase in contact form leads. Customers appreciate their effective communication, tailored strategies, and commitment to client success., and are very knowledgeable in their field. I trust in them 100% for the success of my business."
Media Two Interactive,https://clutch.co/profile/media-two-interactive,5.0,,,"$25,000+",,10 - 49,"Raleigh, NC","10% Branding, 10% Content Marketing, 10% Conversion Optimization, 10% Digital Strategy, 10% Media Planning & Buying"
Location3,https://clutch.co/profile/location3,4.6,4,,,,50 - 249,"Denver, CO","20% Digital Strategy, 20% Media Planning & Buying, 20% Pay Per Click, 20% Search Engine Optimization, 10% Content Marketing"
Calder Solutions,https://clutch.co/profile/calder-solutions,5.0,13,,"$25,000+",$150 - $199 / hr,10 - 49,,"20% Custom Software Development, 20% Mobile App Development, 15% IT Strategy Consulting, 15% UX/UI Design, 10% AR/VR Development"
B2B Bandits,https://clutch.co/profile/b2b-bandits,5.0,15,,"$1,000+",$100 - $149 / hr,10 - 49,"Oceanside, CA","40% Email Marketing, 15% Event Marketing, 15% Marketing Strategy, 10% CRM Consulting and SI, 10% Digital Strategy"
Runningfish,https://clutch.co/profile/runningfish,4.9,21,,,,2 - 9,"San Diego, CA","30% Search Engine Optimization, 25% Web Design, 20% Web Development, 10% Content Marketing, 5% Branding"
DAGMAR Marketing,https://clutch.co/profile/dagmar-marketing,5.0,3,,"$1,000+",$100 - $149 / hr,10 - 49,"Jacksonville, FL","55% Search Engine Optimization, 35% Pay Per Click, 5% Content Marketing, 5% Conversion Optimization, DAGMAR Marketing is a digital marketing agency specializing in SEO and pay-per-click advertising. The firm consistently receives positive feedback, with 100% of reviewers highlighting their expertise in improving search rankings and client-focused project management. Clients commend DAGMAR for their transparent pricing, goal-oriented approach, and effectiveness in enhancing online visibility and lead generation."
Artsy Geek,https://clutch.co/profile/artsy-geek,4.8,4,,,$100 - $149 / hr,2 - 9,"Oakland, CA","15% Email Marketing, 15% Graphic Design, 10% Branding, 10% Packaging Design, 10% Search Engine Optimization"
lotus823,https://clutch.co/profile/lotus823,4.8,9,,"$5,000+",,10 - 49,,"40% Public Relations, 20% Social Media Marketing, 15% Event Marketing, 10% Content Marketing, 10% Event Management"
Captive Demand,https://clutch.co/profile/captive-demand,5.0,5,,"$1,000+",$100 - $149 / hr,10 - 49,,"40% Web Development, 25% Conversion Optimization, 25% Search Engine Optimization, 10% Content Marketing, Captive Demand is a comprehensive digital marketing and web development agency highly acclaimed for its SEO, web design, and full-service marketing expertise. With 100% positive feedback, clients consistently commend their professionalism, responsiveness, and personalized approach. Approximately 40% of reviewers highlight Captive Demand's effective project management and timely deliverables. The company excels in fostering strong client relationships and delivering tailored solutions to enhance online visibility and drive business growth."
Brain Bytes Creative,https://clutch.co/profile/brain-bytes-creative,4.9,18,,"$10,000+",$150 - $199 / hr,10 - 49,"Atlanta, GA","20% Web Design, 20% Web Development, 15% Content Marketing, 15% Mobile App Development, 10% Graphic Design"
Thinkers360,https://clutch.co/profile/thinkers360,5.0,2,,"$1,000+",$150 - $199 / hr,2 - 9,"Highland Village, TX","20% Social Media Marketing, 15% Content Marketing, 15% Product Marketing, 10% Branding, 10% Event Marketing"
